"Stratum2","Year","analyte","AnnMean","SEc","AnnMin","AnnMax"
"Cache/Liberty",2014,"Ammonium",0.111764705882353,0.021526920460165,0.090237785422188,0.133291626342518
"Cache/Liberty",2014,"Chl",NA,NA,NA,NA
"Cache/Liberty",2014,"Nitrate",0.359882352941176,0.0482790511713613,0.311603301769815,0.408161404112538
"Cache/Liberty",2014,"Phosphorus",0.111588235294118,0.00850607863250876,0.103082156661609,0.120094313926626
"Cache/Liberty",2015,"Ammonium",0.109354838709677,0.0157120287039502,0.0936428100057272,0.125066867413628
"Cache/Liberty",2015,"Chl",NA,NA,NA,NA
"Cache/Liberty",2015,"Nitrate",0.30558064516129,0.0293818309081141,0.276198814253176,0.334962476069404
"Cache/Liberty",2015,"Phosphorus",0.119258064516129,0.00583463292594371,0.113423431590185,0.125092697442073
"Cache/Liberty",2016,"Ammonium",0.0725675675675676,0.00861376770677541,0.0639537998607922,0.081181335274343
"Cache/Liberty",2016,"Chl",6.66666666666667,0.769007898100461,5.89765876856621,7.43567456476713
"Cache/Liberty",2016,"Nitrate",0.131337837837838,0.0137506524637634,0.117587185374074,0.145088490301601
"Cache/Liberty",2016,"Phosphorus",0.0962162162162162,0.0044258366959468,0.0917903795202694,0.100642052912163
"Cache/Liberty",2017,"Ammonium",0.0556666666666667,0.00768925819912047,0.0479774084675462,0.0633559248657871
"Cache/Liberty",2017,"Chl",4.14912280701754,0.624455991843769,3.52466681517377,4.77357879886131
"Cache/Liberty",2017,"Nitrate",0.106796610169492,0.0112006898867569,0.0955959202827346,0.117997300056248
"Cache/Liberty",2017,"Phosphorus",0.103016666666667,0.00549313213716679,0.0975235345294999,0.108509798803833
"Cache/Liberty",2018,"Ammonium",0.0580681818181818,0.00565600508015035,0.0524121767380315,0.0637241868983322
"Cache/Liberty",2018,"Chl",2.5951724137931,0.140457406112838,2.45471500768027,2.73562981990594
"Cache/Liberty",2018,"Nitrate",0.115,0.00843440350953026,0.10656559649047,0.12343440350953
"Cache/Liberty",2018,"Phosphorus",0.119051546391753,0.00333822875518991,0.115713317636563,0.122389775146942
"Cache/Liberty",2019,"Ammonium",0.05,0.0103892496329864,0.0396107503670136,0.0603892496329864
"Cache/Liberty",2019,"Chl",3.43285714285714,0.791179692688361,2.64167745016878,4.2240368355455
"Cache/Liberty",2019,"Nitrate",0.129,0.0137834729652627,0.115216527034737,0.142783472965263
"Cache/Liberty",2019,"Phosphorus",0.0821052631578947,0.00513824478340523,0.0769670183744895,0.0872435079413
"Cache/Liberty",2020,"Ammonium",0.0456756756756757,0.00753271144686571,0.03814296422881,0.0532083871225414
"Cache/Liberty",2020,"Chl",2.22432432432432,0.281868896962888,1.94245542736144,2.50619322128721
"Cache/Liberty",2020,"Nitrate",0.134837837837838,0.0145524202604046,0.120285417577433,0.149390258098242
"Cache/Liberty",2020,"Phosphorus",0.116432432432432,0.00740462885825674,0.109027803574176,0.123837061290689
"Cache/Liberty",2021,"Ammonium",0.0153571428571429,0.00336583067182899,0.0119913121853139,0.0187229735289718
"Cache/Liberty",2021,"Chl",4.60943396226415,0.837350176788141,3.77208378547601,5.44678413905229
"Cache/Liberty",2021,"Nitrate",0.0950615384615385,0.0131192253846568,0.0819423130768817,0.108180763846195
"Cache/Liberty",2021,"Phosphorus",0.100589285714286,0.00476719006049058,0.0958220956537951,0.105356475774776
"Cache/Liberty",2022,"Ammonium",0.0215384615384615,0.000552542287994834,0.0209859192504667,0.0220910038264564
"Cache/Liberty",2022,"Chl",2.95096153846154,0.222177537613979,2.72878400084756,3.17313907607552
"Cache/Liberty",2022,"Nitrate",0.0692307692307692,0.00637066599964923,0.06286010323112,0.0756014352304185
"Cache/Liberty",2022,"Phosphorus",0.0783589743589744,0.00461498545503717,0.0737439889039372,0.0829739598140115
"East Delta",2014,"Ammonium",0.025,0.00267261241912424,0.0223273875808758,0.0276726124191242
"East Delta",2014,"Chl",2.31714285714286,0.426129451603394,1.89101340553946,2.74327230874625
"East Delta",2014,"Nitrate",0.16375,0.0445588495299034,0.119191150470097,0.208308849529903
"East Delta",2014,"Phosphorus",0.08,0.00377964473009227,0.0762203552699077,0.0837796447300923
"East Delta",2015,"Ammonium",0.02625,0.00460492748508129,0.0216450725149187,0.0308549274850813
"East Delta",2015,"Chl",5.0525,1.24096268793914,3.81153731206086,6.29346268793914
"East Delta",2015,"Nitrate",0.14375,0.0362992276580567,0.107450772341943,0.180049227658057
"East Delta",2015,"Phosphorus",0.075,0.0113389341902768,0.0636610658097232,0.0863389341902768
"East Delta",2016,"Ammonium",0.02625,0.0041992771486803,0.0220507228513197,0.0304492771486803
"East Delta",2016,"Chl",8.8175,4.64933818254967,4.16816181745033,13.4668381825497
"East Delta",2016,"Nitrate",0.13625,0.036884835250121,0.099365164749879,0.173134835250121
"East Delta",2016,"Phosphorus",0.0725,0.00901387818865997,0.06348612181134,0.08151387818866
"East Delta",2017,"Ammonium",0.0275,0.00490990253030983,0.0225900974696902,0.0324099025303098
"East Delta",2017,"Chl",5.9275,1.63172208549303,4.29577791450697,7.55922208549303
"East Delta",2017,"Nitrate",0.16,0.0684783594596549,0.0915216405403451,0.228478359459655
"East Delta",2017,"Phosphorus",0.0775,0.00995525704626168,0.0675447429537383,0.0874552570462617
"East Delta",2018,"Ammonium",0.112125,0.0266967112944534,0.0854282887055466,0.138821711294453
"East Delta",2018,"Chl",4.661875,1.22680645253018,3.43506854746982,5.88868145253018
"East Delta",2018,"Nitrate",0.1700625,0.0287169539988087,0.141345546001191,0.198779453998809
"East Delta",2018,"Phosphorus",0.0701904761904762,0.00775553147103849,0.0624349447194377,0.0779460076615147
"East Delta",2019,"Ammonium",0.04875,0.00919691977421426,0.0395530802257857,0.0579469197742143
"East Delta",2019,"Chl",1.68777777777778,0.200574990458396,1.48720278731938,1.88835276823617
"East Delta",2019,"Nitrate",0.110882352941176,0.0241994166191229,0.0866829363220536,0.135081769560299
"East Delta",2019,"Phosphorus",0.0514117647058824,0.0048811236049765,0.0465306411009059,0.0562928883108589
"East Delta",2020,"Ammonium",0.0694736842105263,0.00946935140251989,0.0600043328080064,0.0789430356130462
"East Delta",2020,"Chl",1.73,0.186370087524285,1.54362991247572,1.91637008752428
"East Delta",2020,"Nitrate",0.216947368421053,0.0219942842123061,0.194953084208747,0.238941652633359
"East Delta",2020,"Phosphorus",0.0610526315789474,0.00226950532359197,0.0587831262553554,0.0633221369025393
"East Delta",2021,"Ammonium",0.0353684210526316,0.00537930326925945,0.0299891177833721,0.040747724321891
"East Delta",2021,"Chl",5.07052631578947,2.16607812164176,2.90444819414771,7.23660443743123
"East Delta",2021,"Nitrate",0.184684210526316,0.0476640934547489,0.137020117071567,0.232348303981065
"East Delta",2021,"Phosphorus",0.0769473684210526,0.0100170829770773,0.0669302854439753,0.08696445139813
"East Delta",2022,"Ammonium",0.0407692307692308,0.00288145940502522,0.0378877713642055,0.043650690174256
"East Delta",2022,"Chl",5.2555,1.45438675722759,3.8011132427724,6.70988675722759
"East Delta",2022,"Nitrate",0.116857142857143,0.0262590444412204,0.0905980984159225,0.143116187298363
"East Delta",2022,"Phosphorus",0.0750769230769231,0.00576487829306237,0.0693120447838607,0.0808418013699854
"Franks",2014,"Ammonium",0.0308474576271186,0.00242659625290956,0.0284208613742091,0.0332740538800282
"Franks",2014,"Chl",4.62,1.13183352265953,3.48816647734047,5.75183352265953
"Franks",2014,"Nitrate",0.226271186440678,0.021445473038652,0.204825713402026,0.24771665947933
"Franks",2014,"Phosphorus",0.0810169491525424,0.00149883063712493,0.0795181185154174,0.0825157797896673
"Franks",2015,"Ammonium",0.0392537313432836,0.00336162847713155,0.035892102866152,0.0426153598204151
"Franks",2015,"Chl",7.94565217391304,1.79045994745911,6.15519222645393,9.73611212137215
"Franks",2015,"Nitrate",0.2159375,0.0162164431172561,0.199721056882744,0.232153943117256
"Franks",2015,"Phosphorus",0.0728358208955224,0.00333863853283515,0.0694971823626872,0.0761744594283575
"Franks",2016,"Ammonium",0.056,0.00478091443733757,0.0512190855626624,0.0607809144373376
"Franks",2016,"Chl",5.06086206896552,1.22775714842806,3.83310492053746,6.28861921739358
"Franks",2016,"Nitrate",0.258666666666667,0.013148139154207,0.24551852751246,0.271814805820874
"Franks",2016,"Phosphorus",0.0573333333333333,0.00218969072802546,0.0551436426053079,0.0595230240613588
"Franks",2017,"Ammonium",0.03375,0.0019338800850333,0.0318161199149667,0.0356838800850333
"Franks",2017,"Chl",2.5677358490566,0.458764482733265,2.10897136632334,3.02650033178987
"Franks",2017,"Nitrate",0.20125,0.0180809425964246,0.183169057403575,0.219330942596425
"Franks",2017,"Phosphorus",0.06125,0.00154666844811993,0.0597033315518801,0.0627966684481199
"Franks",2018,"Ammonium",0.043875,0.00546054731971185,0.0384144526802881,0.0493355473197119
"Franks",2018,"Chl",2.27529411764706,0.229735628612999,2.04555848903406,2.50502974626006
"Franks",2018,"Nitrate",0.450375,0.0813783203464471,0.368996679653553,0.531753320346447
"Franks",2018,"Phosphorus",0.059375,0.00345027705622402,0.055924722943776,0.062825277056224
"Franks",2019,"Ammonium",0.05,0,0.05,0.05
"Franks",2019,"Chl",1.29571428571429,0.123128597356234,1.17258568835805,1.41884288307052
"Franks",2019,"Nitrate",0.19875,0.0114467567110801,0.18730324328892,0.21019675671108
"Franks",2019,"Phosphorus",0.045875,0.00436874849987379,0.0415062515001262,0.0502437484998738
"Franks",2020,"Ammonium",0.05,0,0.05,0.05
"Franks",2020,"Chl",2.43024390243902,0.373468006891255,2.05677589554777,2.80371190933028
"Franks",2020,"Nitrate",0.1815,0.0162492026070775,0.165250797392923,0.197749202607077
"Franks",2020,"Phosphorus",0.0708333333333333,0.00135580654302663,0.0694775267903067,0.07218913987636
"Franks",2021,"Ammonium",0.0532093023255814,0.00144628866456567,0.0517630136610157,0.0546555909901471
"Franks",2021,"Chl",4.81063829787234,1.08850156296055,3.72213673491179,5.89913986083289
"Franks",2021,"Nitrate",0.129744186046512,0.023344672878338,0.106399513168174,0.15308885892485
"Franks",2021,"Phosphorus",0.0747,0.00259404664842103,0.072105953351579,0.077294046648421
"Franks",2022,"Ammonium",0.0500512820512821,5.12820512820512e-05,0.05,0.0501025641025641
"Franks",2022,"Chl",4.57307692307692,2.29951206916914,2.27356485390778,6.87258899224606
"Franks",2022,"Nitrate",0.0761282051282051,0.0125880531310097,0.0635401519971955,0.0887162582592148
"Franks",2022,"Phosphorus",0.04,0.00440432862775572,0.0355956713722443,0.0444043286277557
"Lower Sac",2014,"Ammonium",0.0879238080555556,0.0125941142405487,0.0753296938150069,0.100517922296104
"Lower Sac",2014,"Chl",3.29794871794872,0.321389994627698,2.97655872332102,3.61933871257642
"Lower Sac",2014,"Nitrate",0.466044647777778,0.0197243015884845,0.446320346189293,0.485768949366262
"Lower Sac",2014,"Phosphorus",0.0949098638888889,0.00263636625471252,0.0922734976341764,0.0975462301436014
"Lower Sac",2015,"Ammonium",0.0731353702380952,0.00752848892469026,0.065606881313405,0.0806638591627855
"Lower Sac",2015,"Chl",3.16076923076923,0.719340661894106,2.44142856887512,3.88010989266334
"Lower Sac",2015,"Nitrate",0.44791810804878,0.0138328888776827,0.434085219171098,0.461750996926463
"Lower Sac",2015,"Phosphorus",0.0953616342857143,0.00201069496144497,0.0933509393242693,0.0973723292471593
"Lower Sac",2016,"Ammonium",0.112126058333333,0.00879927978187857,0.103326778551455,0.120925338115212
"Lower Sac",2016,"Chl",10.9274,2.20631988268266,8.72108011731734,13.1337198826827
"Lower Sac",2016,"Nitrate",0.25409849047619,0.0154226776976388,0.238675812778552,0.269521168173829
"Lower Sac",2016,"Phosphorus",0.0621363376190476,0.00261480279612663,0.059521534822921,0.0647511404151743
"Lower Sac",2017,"Ammonium",0.111319209230769,0.00777824111377044,0.103540968116999,0.11909745034454
"Lower Sac",2017,"Chl",4.02050847457627,0.663586754444413,3.35692172013186,4.68409522902068
"Lower Sac",2017,"Nitrate",0.296870075384615,0.0664457468499248,0.230424328534691,0.36331582223454
"Lower Sac",2017,"Phosphorus",0.0523011369230769,0.00192651317134882,0.0503746237517281,0.0542276500944257
"Lower Sac",2018,"Ammonium",0.133042674081633,0.00751512703309286,0.12552754704854,0.140557801114726
"Lower Sac",2018,"Chl",2.64982142857143,0.34804738032123,2.3017740482502,2.99786880889266
"Lower Sac",2018,"Nitrate",0.265955665102041,0.0104631453396263,0.255492519762415,0.276418810441667
"Lower Sac",2018,"Phosphorus",0.0742394803846154,0.00189127077813204,0.0723482096064833,0.0761307511627474
"Lower Sac",2019,"Ammonium",0.110594263555556,0.0087351874021289,0.101859076153427,0.119329450957684
"Lower Sac",2019,"Chl",2.25384615384615,0.177223677349939,2.07662247649621,2.43106983119609
"Lower Sac",2019,"Nitrate",0.194140310888889,0.0171782428513935,0.176962068037495,0.211318553740282
"Lower Sac",2019,"Phosphorus",0.0531079809090909,0.00479579607664585,0.0483121848324451,0.0579037769857368
"Lower Sac",2020,"Ammonium",0.0740714285714286,0.00637155194793589,0.0676998766234927,0.0804429805193645
"Lower Sac",2020,"Chl",2.3484375,0.230833436617899,2.1176040633821,2.5792709366179
"Lower Sac",2020,"Nitrate",0.252428571428571,0.00895295506433355,0.243475616364238,0.261381526492905
"Lower Sac",2020,"Phosphorus",0.0778214285714286,0.00156688858369421,0.0762545399877343,0.0793883171551228
"Lower Sac",2021,"Ammonium",0.04866,0.00357582903506052,0.0450841709649395,0.0522358290350605
"Lower Sac",2021,"Chl",2.7475,0.313322904466612,2.43417709553339,3.06082290446661
"Lower Sac",2021,"Nitrate",0.220754716981132,0.0198142173491615,0.200940499631971,0.240568934330294
"Lower Sac",2021,"Phosphorus",0.0782448979591837,0.00131131431224463,0.076933583646939,0.0795562122714283
"Lower Sac",2022,"Ammonium",0.0475846153846154,0.00192242621909745,0.0456621891655179,0.0495070416037128
"Lower Sac",2022,"Chl",2.40423728813559,0.177786451914288,2.22645083622131,2.58202374004988
"Lower Sac",2022,"Nitrate",0.169138461538462,0.0074526963180786,0.161685765220383,0.17659115785654
"Lower Sac",2022,"Phosphorus",0.0638615384615385,0.00143419968380685,0.0624273387777316,0.0652957381453453
"Lower SJ",2014,"Ammonium",0.06875,0.00751486621875029,0.0612351337812497,0.0762648662187503
"Lower SJ",2014,"Chl",3.57833333333333,0.343595474710518,3.23473785862282,3.92192880804385
"Lower SJ",2014,"Nitrate",0.37375,0.0261847261003888,0.347565273899611,0.399934726100389
"Lower SJ",2014,"Phosphorus",0.0775,0.000944911182523068,0.0765550888174769,0.0784449111825231
"Lower SJ",2015,"Ammonium",0.075,0.00586529704292199,0.069134702957078,0.080865297042922
"Lower SJ",2015,"Chl",4.395,1.31624872358576,3.07875127641424,5.71124872358576
"Lower SJ",2015,"Nitrate",0.3529,0.0159830171621893,0.336916982837811,0.368883017162189
"Lower SJ",2015,"Phosphorus",0.0748,0.00343038210226228,0.0713696178977377,0.0782303821022623
"Lower SJ",2016,"Ammonium",0.0747826086956522,0.00646844401133104,0.0683141646843211,0.0812510527069832
"Lower SJ",2016,"Chl",10.2322222222222,3.87016299786412,6.3620592243581,14.1023852200863
"Lower SJ",2016,"Nitrate",0.303083333333333,0.0212031666352533,0.28188016669808,0.324286499968587
"Lower SJ",2016,"Phosphorus",0.0655,0.00300930234790691,0.0624906976520931,0.0685093023479069
"Lower SJ",2017,"Ammonium",0.0542857142857143,0.00441487596487687,0.0498708383208374,0.0587005902505911
"Lower SJ",2017,"Chl",4.57527777777778,1.09488380815088,3.4803939696269,5.67016158592866
"Lower SJ",2017,"Nitrate",0.205638888888889,0.0194994974610775,0.186139391427811,0.225138386349966
"Lower SJ",2017,"Phosphorus",0.0581111111111111,0.00171629805463552,0.0563948130564756,0.0598274091657466
"Lower SJ",2018,"Ammonium",0.0575555555555556,0.00597141474508295,0.0515841408104726,0.0635269703006385
"Lower SJ",2018,"Chl",2.84852941176471,0.436655746825675,2.41187366493903,3.28518515859038
"Lower SJ",2018,"Nitrate",0.286857142857143,0.0146039800592288,0.272253162797914,0.301461122916372
"Lower SJ",2018,"Phosphorus",0.0685945945945946,0.00140585844822229,0.0671887361463723,0.0700004530428169
"Lower SJ",2019,"Ammonium",0.049,0.00355564807437971,0.0454443519256203,0.0525556480743797
"Lower SJ",2019,"Chl",1.56037037037037,0.0991120811858864,1.46125828918448,1.65948245155626
"Lower SJ",2019,"Nitrate",0.197222222222222,0.0113653264557824,0.18585689576644,0.208587548678005
"Lower SJ",2019,"Phosphorus",0.05,0.00439103257887633,0.0456089674211237,0.0543910325788763
"Lower SJ",2020,"Ammonium",0.0423333333333333,0.00330501621537747,0.0390283171179559,0.0456383495487108
"Lower SJ",2020,"Chl",2.86071428571429,0.350411440894918,2.51030284481937,3.2111257266092
"Lower SJ",2020,"Nitrate",0.267806451612903,0.0564908624498032,0.2113155891631,0.324297314062706
"Lower SJ",2020,"Phosphorus",0.0705625,0.00273047965625562,0.0678320203437444,0.0732929796562556
"Lower SJ",2021,"Ammonium",0.0367826086956522,0.00389349923255316,0.032889109463099,0.0406761079282053
"Lower SJ",2021,"Chl",5.43384615384615,1.25807959130301,4.17576656254314,6.69192574514917
"Lower SJ",2021,"Nitrate",0.221217391304348,0.0233667858138226,0.197850605490525,0.24458417711817
"Lower SJ",2021,"Phosphorus",0.0746086956521739,0.00141027227332105,0.0731984233788529,0.076018967925495
"Lower SJ",2022,"Ammonium",0.0441481481481482,0.00208093184282943,0.0420672163053187,0.0462290799909776
"Lower SJ",2022,"Chl",2.52210526315789,0.168079224270111,2.35402603888778,2.69018448742801
"Lower SJ",2022,"Nitrate",0.147555555555556,0.00847633798533325,0.139079217570222,0.156031893540889
"Lower SJ",2022,"Phosphorus",0.058037037037037,0.00179127126728658,0.0562457657697505,0.0598283083043236
"OMR",2014,"Ammonium",0.02,0.00422577127364258,0.0157742287263574,0.0242257712736426
"OMR",2014,"Chl",3.32125,0.57196540073929,2.74928459926071,3.89321540073929
"OMR",2014,"Nitrate",0.22125,0.0863637965651282,0.134886203434872,0.307613796565128
"OMR",2014,"Phosphorus",0.07875,0.00479490056503484,0.0739550994349652,0.0835449005650348
"OMR",2015,"Ammonium",0.0275,0.00559016994374947,0.0219098300562505,0.0330901699437495
"OMR",2015,"Chl",3.18875,0.525657538911301,2.6630924610887,3.7144075389113
"OMR",2015,"Nitrate",0.1875,0.0305163890393343,0.156983610960666,0.218016389039334
"OMR",2015,"Phosphorus",0.07,0.00626783170528009,0.0637321682947199,0.0762678317052801
"OMR",2016,"Ammonium",0.03,0.00755928946018454,0.0224407105398155,0.0375592894601845
"OMR",2016,"Chl",8.2325,5.9344838956006,2.2980161043994,14.1669838956006
"OMR",2016,"Nitrate",0.16375,0.0517872536717013,0.111962746328299,0.215537253671701
"OMR",2016,"Phosphorus",0.05625,0.00730398619150627,0.0489460138084937,0.0635539861915063
"OMR",2017,"Ammonium",0.0333333333333333,0.00471404520791032,0.028619288125423,0.0380473785412437
"OMR",2017,"Chl",2.06444444444444,0.448197349610114,1.61624709483433,2.51264179405456
"OMR",2017,"Nitrate",0.187125,0.0383680743194668,0.148756925680533,0.225493074319467
"OMR",2017,"Phosphorus",0.0761111111111111,0.00611111111111111,0.07,0.0822222222222222
"OMR",2018,"Ammonium",0.0292727272727273,0.00464156825266589,0.0246311590200614,0.0339142955253932
"OMR",2018,"Chl",2.50818181818182,0.315150345485675,2.19303147269614,2.82333216366749
"OMR",2018,"Nitrate",0.190090909090909,0.0435443049491721,0.146546604141737,0.233635214040081
"OMR",2018,"Phosphorus",0.0721428571428571,0.00347337936413824,0.0686694777787189,0.0756162365069954
"OMR",2019,"Ammonium",0.0290909090909091,0.00626679561440512,0.022824113476504,0.0353577047053142
"OMR",2019,"Chl",1.764,0.211195688989191,1.55280431101081,1.97519568898919
"OMR",2019,"Nitrate",0.207692307692308,0.0361592749152021,0.171533032777106,0.24385158260751
"OMR",2019,"Phosphorus",0.0653076923076923,0.00283702625097442,0.0624706660567179,0.0681447185586667
"OMR",2020,"Ammonium",0.0272222222222222,0.00385607067437199,0.0233661515478502,0.0310782928965942
"OMR",2020,"Chl",2.936,0.351090168219071,2.58490983178093,3.28709016821907
"OMR",2020,"Nitrate",0.1385,0.0327407781848528,0.105759221815147,0.171240778184853
"OMR",2020,"Phosphorus",0.0781111111111111,0.00249372355320986,0.0756173875579012,0.080604834664321
"OMR",2021,"Ammonium",0.0311034482758621,0.00390602188479507,0.027197426391067,0.0350094701606571
"OMR",2021,"Chl",8.49391304347826,1.99398434947075,6.49992869400751,10.487897392949
"OMR",2021,"Nitrate",0.237965517241379,0.0502514485921786,0.187714068649201,0.288216965833558
"OMR",2021,"Phosphorus",0.0812413793103448,0.00274160391929255,0.0784997753910523,0.0839829832296374
"OMR",2022,"Ammonium",0.0394594594594595,0.001764550921834,0.0376949085376255,0.0412240103812935
"OMR",2022,"Chl",2.21279069767442,0.184524796798063,2.02826590087636,2.39731549447248
"OMR",2022,"Nitrate",0.0816486486486487,0.0142217270638475,0.0674269215848011,0.0958703757124962
"OMR",2022,"Phosphorus",0.0543243243243243,0.00388166254925019,0.0504426617750741,0.0582059868735745
"South Delta",2014,"Ammonium",0.04875,0.0127387905907227,0.0360112094092773,0.0614887905907227
"South Delta",2014,"Chl",4.49875,0.779675842669796,3.7190741573302,5.2784258426698
"South Delta",2014,"Nitrate",1.23375,0.318920822574238,0.914829177425762,1.55267082257424
"South Delta",2014,"Phosphorus",0.24,0.0407956580322675,0.199204341967732,0.280795658032268
"South Delta",2015,"Ammonium",0.0572727272727273,0.00973194450259828,0.047540782770129,0.0670046717753256
"South Delta",2015,"Chl",3.77125,0.449485817351338,3.32176418264866,4.22073581735134
"South Delta",2015,"Nitrate",1.21136363636364,0.258631337225483,0.952732299138154,1.46999497358912
"South Delta",2015,"Phosphorus",0.246545454545455,0.0348527718048269,0.211692682740628,0.281398226350281
"South Delta",2016,"Ammonium",0.0625,0.0157212941868375,0.0467787058131625,0.0782212941868375
"South Delta",2016,"Chl",5.499,0.878574655863647,4.62042534413635,6.37757465586365
"South Delta",2016,"Nitrate",0.617833333333333,0.164758631232651,0.453074702100683,0.782591964565984
"South Delta",2016,"Phosphorus",0.14325,0.0317249364208834,0.111525063579117,0.174974936420883
"South Delta",2017,"Ammonium",0.0423529411764706,0.0055921039240681,0.0367608372524025,0.0479450451005387
"South Delta",2017,"Chl",4.20705882352941,0.81855897623681,3.3884998472926,5.02561779976622
"South Delta",2017,"Nitrate",0.492411764705882,0.119344750827898,0.373067013877985,0.61175651553378
"South Delta",2017,"Phosphorus",0.101588235294118,0.0125800550661405,0.0890081802279771,0.114168290360258
"South Delta",2018,"Ammonium",0.0440909090909091,0.00485794747600812,0.039232961614901,0.0489488565669172
"South Delta",2018,"Chl",3.19863636363636,0.380501070872429,2.81813529276394,3.57913743450879
"South Delta",2018,"Nitrate",0.616809523809524,0.123450113309751,0.493359410499772,0.740259637119275
"South Delta",2018,"Phosphorus",0.146409090909091,0.0194104202835594,0.126998670625531,0.16581951119265
"South Delta",2019,"Ammonium",0.0566923076923077,0.00552775630284022,0.0511645513894675,0.0622200639951479
"South Delta",2019,"Chl",2.8825,0.56668149490403,2.31581850509597,3.44918149490403
"South Delta",2019,"Nitrate",0.4044,0.0787486847962736,0.325651315203726,0.483148684796274
"South Delta",2019,"Phosphorus",0.0996,0.00937692837310202,0.090223071626898,0.108976928373102
"South Delta",2020,"Ammonium",0.0386,0.00381989253086634,0.0347801074691337,0.0424198925308663
"South Delta",2020,"Chl",4.68833333333333,0.90709726114484,3.78123607218849,5.59543059447817
"South Delta",2020,"Nitrate",0.7349,0.195393070770852,0.539506929229148,0.930293070770852
"South Delta",2020,"Phosphorus",0.1555,0.027666006121897,0.127833993878103,0.183166006121897
"South Delta",2021,"Ammonium",0.0468636363636364,0.00581731087907747,0.0410463254845589,0.0526809472427138
"South Delta",2021,"Chl",5.58772727272727,1.96779547161363,3.61993180111364,7.5555227443409
"South Delta",2021,"Nitrate",0.929818181818182,0.188024103138086,0.741794078680096,1.11784228495627
"South Delta",2021,"Phosphorus",0.182045454545455,0.0241430152010642,0.15790243934439,0.206188469746519
"South Delta",2022,"Ammonium",0.05116,0.00150416723936186,0.0496558327606381,0.0526641672393619
"South Delta",2022,"Chl",2.488125,0.307124255063526,2.18100074493647,2.79524925506353
"South Delta",2022,"Nitrate",0.603065573770492,0.0731896502452081,0.529875923525284,0.6762552240157
"South Delta",2022,"Phosphorus",0.15108,0.0105520013658276,0.140527998634172,0.161632001365828
"Upper Sac",2014,"Ammonium",0.347142857142857,0.0781212209970378,0.269021636145819,0.425264078139895
"Upper Sac",2014,"Chl",1.81375,0.233121198515448,1.58062880148455,2.04687119851545
"Upper Sac",2014,"Nitrate",0.14852380952381,0.0318500668346177,0.116673742689192,0.180373876358427
"Upper Sac",2014,"Phosphorus",0.0633809523809524,0.00894599569652633,0.0544349566844261,0.0723269480774787
"Upper Sac",2015,"Ammonium",0.296551724137931,0.0530033149503944,0.243548409187537,0.349555039088325
"Upper Sac",2015,"Chl",1.6375,0.172606764751835,1.46489323524817,1.81010676475183
"Upper Sac",2015,"Nitrate",0.125133333333333,0.01978521062276,0.105348122710573,0.144918543956093
"Upper Sac",2015,"Phosphorus",0.0575172413793103,0.00555376763786256,0.0519634737414478,0.0630710090171729
"Upper Sac",2016,"Ammonium",0.225277777777778,0.036205949943172,0.189071827834606,0.26148372772095
"Upper Sac",2016,"Chl",1.72366666666667,0.187744468128622,1.53592219853804,1.91141113479529
"Upper Sac",2016,"Nitrate",0.0956666666666667,0.0132059390198814,0.0824607276467853,0.108872605686548
"Upper Sac",2016,"Phosphorus",0.0486944444444444,0.00456484486505021,0.0441295995793942,0.0532592893094947
"Upper Sac",2017,"Ammonium",0.182285714285714,0.0353115443171893,0.146974169968525,0.217597258602904
"Upper Sac",2017,"Chl",3.20481481481481,0.251983066922097,2.95283174789272,3.45679788173691
"Upper Sac",2017,"Nitrate",0.0782285714285714,0.00917890216191235,0.0690496692666591,0.0874074735904838
"Upper Sac",2017,"Phosphorus",0.0410285714285714,0.00385896004501882,0.0371696113835526,0.0448875314735902
"Upper Sac",2018,"Ammonium",0.266451612903226,0.0603209130929307,0.206130699810295,0.326772525996157
"Upper Sac",2018,"Chl",2.57923076923077,0.308986657223952,2.27024411200682,2.88821742645472
"Upper Sac",2018,"Nitrate",0.0713225806451613,0.00963655530039541,0.0616860253447659,0.0809591359455567
"Upper Sac",2018,"Phosphorus",0.0544516129032258,0.00606981580377687,0.0483817970994489,0.0605214287070027
"Upper Sac",2019,"Ammonium",0.119184210526316,0.0302753333785963,0.0889088771477195,0.149459543904912
"Upper Sac",2019,"Chl",2.0269696969697,0.155822565278844,1.87114713169085,2.18279226224854
"Upper Sac",2019,"Nitrate",0.0797631578947368,0.00822093865975205,0.0715422192349848,0.0879840965544889
"Upper Sac",2019,"Phosphorus",0.0306216216216216,0.00376062847634054,0.0268609931452811,0.0343822500979622
"Upper Sac",2020,"Ammonium",0.182903225806452,0.0362237534334237,0.146679472373028,0.219126979239875
"Upper Sac",2020,"Chl",1.21608695652174,0.109585669885241,1.1065012866365,1.32567262640698
"Upper Sac",2020,"Nitrate",0.0575806451612903,0.00898953085747368,0.0485911143038166,0.066570176018764
"Upper Sac",2020,"Phosphorus",0.0516774193548387,0.00464070420831136,0.0470367151465273,0.0563181235631501
"Upper Sac",2021,"Ammonium",0.0385185185185185,0.00728380223020744,0.0312347162883111,0.045802320748726
"Upper Sac",2021,"Chl",1.83541666666667,0.350686043150433,1.48473062351623,2.1861027098171
"Upper Sac",2021,"Nitrate",0.113857142857143,0.0230897862162738,0.0907673566408691,0.136946929073417
"Upper Sac",2021,"Phosphorus",0.0406071428571429,0.00535916903922663,0.0352479738179162,0.0459663118963695
"Upper Sac",2022,"Ammonium",0.0402173913043478,0.00188310369452678,0.0383342876098211,0.0421004949988746
"Upper Sac",2022,"Chl",1.11744680851064,0.202699892687219,0.914746915823419,1.32014670119786
"Upper Sac",2022,"Nitrate",0.145891304347826,0.0115341643490767,0.134357139998749,0.157425468696903
"Upper Sac",2022,"Phosphorus",0.020195652173913,0.00386532023034209,0.016330331943571,0.0240609724042551
