Source,Station,Latitude,Longitude,Date,Datetime,DissAmmonia,DissAmmonia_Sign,DissNitrateNitrite,DissNitrateNitrite_Sign,DissOrthophos,DissOrthophos_Sign,Chlorophyll,Chlorophyll_Sign
USGS_CAWSC,USGS-11447650,38.45601954,-121.5013437,2022-08-25,2022-08-25T16:00:00Z,0.02,<,0.04,<,0.022,=,NA,=
USGS_CAWSC,USGS-11447650,38.45601954,-121.5013437,2022-07-14,2022-07-14T16:00:00Z,0.02,=,0.043,=,0.019,=,NA,=
USGS_CAWSC,USGS-11303500,37.6760406,-121.2663293,2022-09-06,2022-09-06T16:30:00Z,0.02,<,0.338,=,0.035,=,NA,=
USGS_CAWSC,USGS-11447650,38.45601954,-121.5013437,2022-05-05,2022-05-05T16:30:00Z,0.04,=,0.279,=,0.036,=,NA,=
USGS_CAWSC,USGS-11303500,37.6760406,-121.2663293,2022-08-09,2022-08-09T16:30:00Z,0.02,=,0.484,=,0.028,=,NA,=
USGS_CAWSC,USGS-11447650,38.45601954,-121.5013437,2022-08-10,2022-08-10T16:30:00Z,0.02,=,0.04,<,0.023,=,NA,=
USGS_CAWSC,USGS-11447650,38.45601954,-121.5013437,2022-03-17,2022-03-17T16:30:00Z,0.04,=,0.141,=,0.03,=,NA,=
USGS_CAWSC,USGS-11447650,38.45601954,-121.5013437,2022-06-15,2022-06-15T16:30:00Z,0.02,<,0.04,<,0.025,=,NA,=
USGS_CAWSC,USGS-11303500,37.6760406,-121.2663293,2022-04-12,2022-04-12T16:00:00Z,0.02,<,0.749,=,0.067,=,NA,=
USGS_CAWSC,USGS-11303500,37.6760406,-121.2663293,2022-08-16,2022-08-16T16:00:00Z,0.02,<,0.437,=,0.026,=,NA,=
USGS_CAWSC,USGS-11455508,38.04953056,-121.88755,2022-02-16,2022-02-16T18:00:00Z,0.07,=,0.43,=,0.056,=,1.9,=
USGS_CAWSC,USGS-381142122015801,38.19489444,-122.0328139,2022-01-25,2022-01-25T19:15:00Z,0.14,=,1.16,=,0.108,=,11.3,=
USGS_CAWSC,USGS-11337190,38.0521424,-121.6888428,2022-03-03,2022-03-03T23:45:00Z,0.02,<,0.37,=,0.044,=,3.5,=
USGS_CAWSC,USGS-11455142,38.34166667,-121.6438889,2022-02-08,2022-02-08T18:30:00Z,0.02,<,0.43,=,0.078,=,2,=
USGS_CAWSC,USGS-11455140,38.34916667,-121.6447222,2022-03-22,2022-03-22T18:30:00Z,0.03,=,0.02,=,0.114,=,1.9,=
USGS_CAWSC,USGS-11455142,38.34166667,-121.6438889,2022-03-08,2022-03-08T19:30:00Z,0.02,<,0.32,=,0.073,=,4.1,=
USGS_CAWSC,USGS-11447890,38.25769218,-121.5182865,2022-03-10,2022-03-10T19:45:00Z,0.02,<,0.16,=,0.02,=,1.3,=
USGS_CAWSC,USGS-381142122015801,38.19489444,-122.0328139,2022-03-29,2022-03-29T21:45:00Z,0.06,=,0.51,=,0.088,=,NA,=
USGS_CAWSC,USGS-11455385,38.19395556,-121.6580028,2022-02-08,2022-02-08T18:00:00Z,0.02,=,0.25,=,0.041,=,1.4,=
USGS_CAWSC,USGS-11455478,38.093252,-121.7371772,2022-02-03,2022-02-03T18:30:00Z,NA,=,0.35,=,NA,=,NA,=
USGS_CAWSC,USGS-11455385,38.19395556,-121.6580028,2022-03-22,2022-03-22T19:15:00Z,0.02,=,0.19,=,0.037,=,1.5,=
USGS_CAWSC,USGS-11447890,38.25769218,-121.5182865,2022-01-04,2022-01-04T19:30:00Z,0.03,=,0.4,=,0.038,=,1.9,=
USGS_CAWSC,USGS-11455478,38.093252,-121.7371772,2022-01-05,2022-01-05T18:00:00Z,NA,=,0.53,=,NA,=,NA,=
USGS_CAWSC,USGS-11337190,38.0521424,-121.6888428,2022-01-18,2022-01-18T17:45:00Z,0.06,=,0.76,=,0.064,=,0.9,=
USGS_CAWSC,USGS-11455315,38.2430111,-121.684286,2022-02-17,2022-02-17T18:00:00Z,0.03,=,0.26,=,0.05,=,2.6,=
USGS_CAWSC,USGS-11447650,38.45601954,-121.5013437,2022-02-03,2022-02-03T18:00:00Z,0.02,<,0.11,=,0.022,=,5.9,=
USGS_CAWSC,USGS-11337190,38.0521424,-121.6888428,2022-02-16,2022-02-16T23:30:00Z,0.03,=,0.49,=,0.052,=,2.6,=
USGS_CAWSC,USGS-11455315,38.2430111,-121.684286,2022-01-05,2022-01-05T17:15:00Z,0.05,=,0.55,=,0.081,=,1.1,=
USGS_CAWSC,USGS-11336790,38.09638889,-121.496111,2022-02-24,2022-02-24T20:45:00Z,0.02,<,0.16,=,0.029,=,1.2,=
USGS_CAWSC,USGS-11455485,38.0778083,-121.767286,2022-03-03,2022-03-03T18:45:00Z,0.02,<,0.21,=,0.037,=,2.3,=
USGS_CAWSC,USGS-11312676,37.9427017,-121.5341175,2022-02-24,2022-02-24T19:00:00Z,0.03,=,0.89,=,0.076,=,1.9,=
USGS_CAWSC,USGS-11455140,38.34916667,-121.6447222,2022-02-17,2022-02-17T19:45:00Z,0.03,=,0.23,=,0.2,=,11.4,=
USGS_CAWSC,USGS-11455095,38.47686944,-121.5836417,2022-01-20,2022-01-20T21:00:00Z,0.04,=,0.31,=,0.14,=,3.1,=
USGS_CAWSC,USGS-11447650,38.45601954,-121.5013437,2022-03-10,2022-03-10T17:45:00Z,0.02,<,0.11,=,0.013,=,2.6,=
USGS_CAWSC,USGS-11337190,38.0521424,-121.6888428,2022-01-05,2022-01-05T20:15:00Z,0.08,=,0.95,=,0.077,=,0.8,=
USGS_CAWSC,USGS-11455508,38.04953056,-121.88755,2022-03-03,2022-03-03T21:30:00Z,0.06,=,0.38,=,0.055,=,6.5,=
USGS_CAWSC,USGS-380631122032201,38.10853056,-122.0559806,2022-01-25,2022-01-25T21:45:00Z,0.13,=,0.57,=,0.074,=,1.3,=
USGS_CAWSC,USGS-11455508,38.04953056,-121.88755,2022-01-12,2022-01-12T20:15:00Z,0.07,=,0.65,=,0.073,=,0.8,=
USGS_CAWSC,USGS-11455095,38.47686944,-121.5836417,2022-02-08,2022-02-08T20:30:00Z,0.02,<,0.36,=,0.127,=,3.2,=
USGS_CAWSC,USGS-11447890,38.25769218,-121.5182865,2022-03-29,2022-03-29T18:00:00Z,0.03,=,0.25,=,0.064,=,NA,=
USGS_CAWSC,USGS-11447650,38.45601954,-121.5013437,2022-03-29,2022-03-29T20:45:00Z,0.03,=,0.11,=,0.045,=,NA,=
USGS_CAWSC,USGS-11312676,37.9427017,-121.5341175,2022-03-24,2022-03-24T20:00:00Z,0.03,=,0.49,=,0.035,=,2,=
USGS_CAWSC,USGS-11336790,38.09638889,-121.496111,2022-03-24,2022-03-24T18:00:00Z,0.03,=,0.18,=,0.025,=,1.7,=
USGS_CAWSC,USGS-11312676,37.9427017,-121.5341175,2022-01-21,2022-01-21T19:15:00Z,0.06,=,0.97,=,0.1,=,0.7,=
USGS_CAWSC,USGS-381142122015801,38.19489444,-122.0328139,2022-02-16,2022-02-16T20:45:00Z,0.02,<,0.65,=,0.052,=,3.9,=
USGS_CAWSC,USGS-11447890,38.25769218,-121.5182865,2022-02-03,2022-02-03T19:45:00Z,0.02,<,0.19,=,0.034,=,2.9,=
USGS_CAWSC,USGS-11455095,38.47686944,-121.5836417,2022-03-08,2022-03-08T17:30:00Z,0.02,<,0.34,=,0.122,=,3.2,=
USGS_CAWSC,USGS-11455508,38.04953056,-121.88755,2022-03-08,2022-03-08T19:00:00Z,NA,=,NA,=,NA,=,13.5,=
USGS_CAWSC,USGS-380631122032201,38.10853056,-122.0559806,2022-03-29,2022-03-29T17:45:00Z,0.06,=,0.35,=,0.073,=,NA,=
USGS_CAWSC,USGS-11312676,37.9427017,-121.5341175,2022-05-04,2022-05-04T17:45:00Z,0.03,=,0.4,=,0.066,=,2.1,=
USGS_CAWSC,USGS-11447650,38.45601954,-121.5013437,2022-01-04,2022-01-04T20:45:00Z,0.03,=,0.33,=,0.035,=,2,=
USGS_CAWSC,USGS-380631122032201,38.10853056,-122.0559806,2022-02-16,2022-02-16T19:00:00Z,0.1,=,0.52,=,0.072,=,2.1,=
USGS_CAWSC,USGS-11455485,38.0778083,-121.767286,2022-02-16,2022-02-16T17:00:00Z,0.03,=,0.28,=,0.038,=,1.7,=
USGS_CAWSC,USGS-11455142,38.34166667,-121.6438889,2022-01-20,2022-01-20T19:15:00Z,0.02,=,0.44,=,0.106,=,1.9,=
USGS_CAWSC,USGS-11455315,38.2430111,-121.684286,2022-03-22,2022-03-22T17:00:00Z,0.03,=,0.21,=,0.038,=,1.1,=
USGS_CAWSC,USGS-11455485,38.0778083,-121.767286,2022-01-05,2022-01-05T18:30:00Z,0.04,=,0.54,=,0.069,=,1.4,=
USGS_CAWSC,USGS-11455140,38.34916667,-121.6447222,2022-01-11,2022-01-11T21:45:00Z,0.03,=,0.49,=,0.153,=,0.7,=
USGS_CAWSC,USGS-11455315,38.2430111,-121.684286,2022-01-18,2022-01-18T22:15:00Z,0.03,=,0.45,=,0.06,=,1,=
USGS_CAWSC,USGS-11311300,37.9925,-121.4538889,2022-05-17,2022-05-17T17:46:00Z,NA,=,NA,=,NA,=,1.5,=
USGS_CAWSC,USGS-11313460,38.05944444,-121.5572222,2022-05-17,2022-05-17T16:35:00Z,NA,=,NA,=,NA,=,2,=
USGS_CAWSC,USGS-11455315,38.2430111,-121.684286,2022-04-25,2022-04-25T18:00:00Z,0.03,=,0.14,=,0.065,=,NA,=
USGS_CAWSC,USGS-11447650,38.45601954,-121.5013437,2022-04-13,2022-04-13T17:33:00Z,0.03,=,0.06,=,0.032,=,1.9,=
USGS_CAWSC,USGS-11336790,38.09638889,-121.496111,2022-04-22,2022-04-22T21:00:00Z,0.04,=,0.16,=,0.066,=,NA,=
USGS_CAWSC,USGS-11336685,38.2233333,-121.5072222,2022-05-18,2022-05-18T16:57:00Z,NA,=,NA,=,NA,=,1.8,=
USGS_CAWSC,USGS-11455485,38.0778083,-121.767286,2022-05-17,2022-05-17T23:40:00Z,NA,=,NA,=,NA,=,2.9,= (estimated)
USGS_CAWSC,USGS-11447650,38.45601954,-121.5013437,2022-06-01,2022-06-01T17:15:00Z,0.02,<,0.05,=,0.027,=,1.2,=
USGS_CAWSC,USGS-11336790,38.09638889,-121.496111,2022-05-24,2022-05-24T19:15:00Z,NA,=,NA,=,NA,=,21.4,=
USGS_CAWSC,USGS-11455095,38.47686944,-121.5836417,2022-04-26,2022-04-26T19:45:00Z,0.02,<,0.11,=,0.1,=,5.2,=
USGS_CAWSC,USGS-11455140,38.34916667,-121.6447222,2022-04-25,2022-04-25T20:30:00Z,0.02,=,0.02,=,0.162,=,0.8,=
USGS_CAWSC,USGS-11455095,38.47686944,-121.5836417,2022-06-07,2022-06-07T19:45:00Z,0.02,<,0.01,=,0.102,=,4.5,=
USGS_CAWSC,USGS-381142122015801,38.19489444,-122.0328139,2022-04-28,2022-04-28T20:15:00Z,0.09,=,0.71,=,0.096,=,4.6,=
USGS_CAWSC,USGS-11455142,38.34166667,-121.6438889,2022-04-26,2022-04-26T18:00:00Z,0.02,<,0.15,=,0.077,=,4.4,=
USGS_CAWSC,USGS-11337190,38.0521424,-121.6888428,2022-06-01,2022-06-01T19:45:00Z,0.02,=,0.19,=,0.054,=,NA,=
USGS_CAWSC,USGS-11455508,38.04953056,-121.88755,2022-04-05,2022-04-05T19:30:00Z,0.02,<,0.24,=,0.055,=,12.8,=
USGS_CAWSC,USGS-11455485,38.0778083,-121.767286,2022-04-04,2022-04-04T19:15:00Z,0.02,=,0.21,=,0.067,=,10.3,=
USGS_CAWSC,USGS-11447650,38.45601954,-121.5013437,2022-05-13,2022-05-13T16:15:00Z,0.02,<,0.04,=,0.019,=,5.1,=
USGS_CAWSC,USGS-11312676,37.9427017,-121.5341175,2022-05-24,2022-05-24T16:45:00Z,0.03,=,0.22,=,0.072,=,NA,=
USGS_CAWSC,USGS-380631122032201,38.10853056,-122.0559806,2022-05-17,2022-05-17T22:09:00Z,NA,=,NA,=,NA,=,2.5,= (estimated)
USGS_CAWSC,USGS-381142122015801,38.19489444,-122.0328139,2022-06-23,2022-06-23T20:30:00Z,0.08,=,0.53,=,0.143,=,4.6,=
USGS_CAWSC,USGS-11455385,38.19395556,-121.6580028,2022-06-07,2022-06-07T21:15:00Z,0.02,=,0.15,=,0.044,=,1.3,=
USGS_CAWSC,USGS-11312676,37.9427017,-121.5341175,2022-06-16,2022-06-16T17:30:00Z,0.02,=,0.15,=,0.087,=,1.9,=
USGS_CAWSC,USGS-11455315,38.2430111,-121.684286,2022-05-16,2022-05-16T16:05:00Z,NA,=,NA,=,NA,=,3.3,=
USGS_CAWSC,USGS-11455485,38.0778083,-121.767286,2022-06-29,2022-06-29T15:45:00Z,0.02,<,0.17,=,0.059,=,NA,=
USGS_CAWSC,USGS-11455485,38.0778083,-121.767286,2022-05-19,2022-05-19T20:45:00Z,0.02,=,0.17,=,0.053,=,NA,=
USGS_CAWSC,USGS-11455315,38.2430111,-121.684286,2022-06-28,2022-06-28T17:15:00Z,0.02,<,0.06,=,0.051,=,NA,=
USGS_CAWSC,USGS-11455140,38.34916667,-121.6447222,2022-05-31,2022-05-31T20:30:00Z,NA,=,NA,=,NA,=,1.3,=
USGS_CAWSC,USGS-11447890,38.25769218,-121.5182865,2022-05-13,2022-05-13T17:45:00Z,0.02,<,0.09,=,0.021,=,9.4,=
USGS_CAWSC,USGS-382010121402301,38.33616667,-121.672925,2022-05-16,2022-05-16T17:45:00Z,NA,=,NA,=,NA,=,1.2,=
USGS_CAWSC,USGS-11312676,37.9427017,-121.5341175,2022-06-29,2022-06-29T18:00:00Z,0.02,<,0.13,=,0.089,=,2.5,=
USGS_CAWSC,USGS-380631122032201,38.10853056,-122.0559806,2022-04-28,2022-04-28T18:00:00Z,0.28,=,0.32,=,0.081,=,2.5,=
USGS_CAWSC,USGS-11447890,38.25769218,-121.5182865,2022-07-21,2022-07-21T17:17:00Z,NA,=,NA,=,NA,=,1.2,=
USGS_CAWSC,USGS-11313460,38.05944444,-121.5572222,2022-07-20,2022-07-20T18:41:00Z,NA,=,NA,=,NA,=,3.3,=
USGS_CAWSC,USGS-381142122015801,38.19489444,-122.0328139,2022-05-23,2022-05-23T21:30:00Z,0.11,=,0.87,=,0.201,=,4.8,=
USGS_CAWSC,USGS-11313405,37.96992306,-121.572174,2022-05-18,2022-05-18T22:30:00Z,NA,=,NA,=,NA,=,1.9,=
USGS_CAWSC,USGS-11455385,38.19395556,-121.6580028,2022-06-15,2022-06-15T20:30:00Z,0.02,<,0.1,=,0.055,=,1.9,=
USGS_CAWSC,USGS-11336790,38.09638889,-121.496111,2022-06-16,2022-06-16T19:45:00Z,0.03,=,0.15,=,0.057,=,2.2,=
USGS_CAWSC,USGS-11455140,38.34916667,-121.6447222,2022-06-28,2022-06-28T19:45:00Z,0.02,<,0.01,=,0.181,=,3.9,=
USGS_CAWSC,USGS-11447650,38.45601954,-121.5013437,2022-05-19,2022-05-19T18:34:00Z,NA,=,NA,=,NA,=,1.8,= (estimated)
USGS_CAWSC,USGS-11455315,38.2430111,-121.684286,2022-06-15,2022-06-15T17:30:00Z,0.02,<,0.07,=,0.053,=,NA,=
USGS_CAWSC,USGS-11455315,38.2430111,-121.684286,2022-05-31,2022-05-31T18:30:00Z,0.02,<,0.03,=,0.054,=,7.3,=
USGS_CAWSC,USGS-11447890,38.25769218,-121.5182865,2022-04-13,2022-04-13T18:37:00Z,0.04,=,0.16,=,0.061,=,1,=
USGS_CAWSC,USGS-11337190,38.0521424,-121.6888428,2022-04-21,2022-04-21T17:30:00Z,0.03,=,0.24,=,0.059,=,3.3,=
USGS_CAWSC,USGS-11312685,38.00305556,-121.5108333,2022-05-18,2022-05-18T19:55:00Z,NA,=,NA,=,NA,=,5.2,=
USGS_CAWSC,USGS-11337190,38.0521424,-121.6888428,2022-04-04,2022-04-04T21:45:00Z,0.02,=,0.19,=,0.039,=,2.8,=
USGS_CAWSC,USGS-11455276,38.3078583,-121.6924278,2022-05-16,2022-05-16T17:14:00Z,NA,=,NA,=,NA,=,4.3,=
USGS_CAWSC,USGS-11455508,38.04953056,-121.88755,2022-05-17,2022-05-17T23:13:00Z,NA,=,NA,=,NA,=,1.6,= (estimated)
USGS_CAWSC,USGS-11337190,38.0521424,-121.6888428,2022-05-19,2022-05-19T18:15:00Z,0.02,=,0.21,=,0.059,=,NA,=
USGS_CAWSC,USGS-11455485,38.0778083,-121.767286,2022-05-11,2022-05-11T17:45:00Z,0.02,<,0.2,=,0.058,=,2.4,=
USGS_CAWSC,USGS-11336790,38.09638889,-121.496111,2022-05-18,2022-05-18T19:11:00Z,NA,=,NA,=,NA,=,15.1,=
USGS_CAWSC,USGS-11447890,38.25769218,-121.5182865,2022-06-01,2022-06-01T21:15:00Z,0.03,=,0.2,=,0.029,=,1.9,=
USGS_CAWSC,USGS-11455142,38.34166667,-121.6438889,2022-06-07,2022-06-07T18:00:00Z,0.02,<,0.13,=,0.068,=,3.7,=
USGS_CAWSC,USGS-11455315,38.2430111,-121.684286,2022-05-10,2022-05-10T15:30:00Z,0.02,<,0.12,=,0.05,=,NA,=
USGS_CAWSC,USGS-11311300,37.9925,-121.4538889,2022-07-20,2022-07-20T19:35:00Z,NA,=,NA,=,NA,=,3.2,=
USGS_CAWSC,USGS-381142122015801,38.19489444,-122.0328139,2022-08-25,2022-08-25T19:00:00Z,NA,=,NA,=,NA,=,3.2,=
USGS_CAWSC,USGS-11455315,38.2430111,-121.684286,2022-07-28,2022-07-28T18:00:00Z,0.02,<,0.03,=,0.042,=,NA,=
USGS_CAWSC,USGS-11312676,37.9427017,-121.5341175,2022-05-18,2022-05-18T20:22:00Z,NA,=,NA,=,NA,=,2.3,=
USGS_CAWSC,USGS-11337190,38.0521424,-121.6888428,2022-06-29,2022-06-29T16:45:00Z,0.01,=,0.15,=,0.057,=,NA,=
USGS_CAWSC,USGS-11455385,38.19395556,-121.6580028,2022-04-14,2022-04-14T19:45:00Z,0.04,=,0.18,=,0.075,=,1.3,=
USGS_CAWSC,USGS-11455485,38.0778083,-121.767286,2022-06-01,2022-06-01T17:30:00Z,0.04,=,0.23,=,0.066,=,2.9,=
USGS_CAWSC,USGS-11455385,38.19395556,-121.6580028,2022-05-16,2022-05-16T15:40:00Z,NA,=,NA,=,NA,=,2.5,=
USGS_CAWSC,USGS-11455095,38.47686944,-121.5836417,2022-08-02,2022-08-02T20:15:00Z,0.02,<,0.06,=,0.128,=,3.7,=
USGS_CAWSC,USGS-11455385,38.19395556,-121.6580028,2022-09-15,2022-09-16T00:45:00Z,0.02,<,0.09,=,0.045,=,1.5,=
USGS_CAWSC,USGS-11337190,38.0521424,-121.6888428,2022-09-07,2022-09-07T21:30:00Z,0.02,<,0.07,=,0.053,=,NA,=
USGS_CAWSC,USGS-11455485,38.0778083,-121.767286,2022-06-14,2022-06-14T16:15:00Z,0.03,=,0.21,=,0.06,=,NA,=
USGS_CAWSC,USGS-11455485,38.0778083,-121.767286,2022-04-21,2022-04-21T16:15:00Z,0.07,=,0.25,=,0.069,=,6.5,=
USGS_CAWSC,USGS-11337190,38.0521424,-121.6888428,2022-06-14,2022-06-14T18:45:00Z,0.02,<,0.16,=,0.056,=,1.9,=
USGS_CAWSC,USGS-11312676,37.9427017,-121.5341175,2022-04-22,2022-04-22T18:30:00Z,0.03,=,0.45,=,0.058,=,NA,=
USGS_CAWSC,USGS-11455508,38.04953056,-121.88755,2022-06-22,2022-06-22T20:15:00Z,0.02,=,0.23,=,0.079,=,NA,=
USGS_CAWSC,USGS-11455485,38.0778083,-121.767286,2022-07-12,2022-07-12T22:15:00Z,0.03,=,0.09,=,0.056,=,NA,=
USGS_CAWSC,USGS-11337190,38.0521424,-121.6888428,2022-10-20,2022-10-20T20:45:00Z,0.02,<,0.11,=,0.053,=,NA,=
USGS_CAWSC,USGS-11312685,38.00305556,-121.5108333,2022-10-19,2022-10-20T00:37:00Z,NA,=,NA,=,NA,=,3.3,=
USGS_CAWSC,USGS-11455315,38.2430111,-121.684286,2022-08-09,2022-08-09T17:30:00Z,0.03,=,0.01,=,0.038,=,1.6,=
USGS_CAWSC,USGS-11337190,38.0521424,-121.6888428,2022-05-17,2022-05-17T20:38:00Z,NA,=,NA,=,NA,=,1.7,= (estimated)
USGS_CAWSC,USGS-11312676,37.9427017,-121.5341175,2022-06-02,2022-06-02T17:30:00Z,0.03,=,0.18,=,0.078,=,NA,=
USGS_CAWSC,USGS-380631122032201,38.10853056,-122.0559806,2022-06-23,2022-06-23T18:30:00Z,0.04,=,0.26,=,0.096,=,4.3,=
USGS_CAWSC,USGS-11455140,38.34916667,-121.6447222,2022-09-20,2022-09-20T18:30:00Z,0.03,=,0.03,=,0.075,=,1.9,=
USGS_CAWSC,USGS-11312685,38.00305556,-121.5108333,2022-07-27,2022-07-27T21:37:00Z,0.02,<,0.03,=,0.063,=,NA,=
USGS_CAWSC,USGS-11455485,38.0778083,-121.767286,2022-09-22,2022-09-22T17:15:00Z,0.02,=,0.12,=,0.054,=,NA,=
USGS_CAWSC,USGS-11455485,38.0778083,-121.767286,2022-08-11,2022-08-11T22:00:00Z,0.02,=,0.07,=,0.051,=,3.2,=
USGS_CAWSC,USGS-11447890,38.25769218,-121.5182865,2022-05-19,2022-05-19T17:23:00Z,NA,=,NA,=,NA,=,1.9,= (estimated)
USGS_CAWSC,USGS-11455508,38.04953056,-121.88755,2022-09-07,2022-09-07T17:45:00Z,0.03,=,0.19,=,0.072,=,2.2,=
USGS_CAWSC,USGS-11312676,37.9427017,-121.5341175,2022-09-06,2022-09-06T18:00:00Z,0.02,<,0.04,=,0.049,=,2.8,=
USGS_CAWSC,USGS-380631122032201,38.10853056,-122.0559806,2022-08-25,2022-08-25T16:30:00Z,NA,=,NA,=,NA,=,2.9,=
USGS_CAWSC,USGS-11455385,38.19395556,-121.6580028,2022-07-18,2022-07-18T16:10:00Z,NA,=,NA,=,NA,=,1.3,=
USGS_CAWSC,USGS-11455485,38.0778083,-121.767286,2022-10-19,2022-10-19T16:44:00Z,NA,=,NA,=,NA,=,2.1,=
USGS_CAWSC,USGS-11455385,38.19395556,-121.6580028,2022-10-18,2022-10-18T23:33:00Z,NA,=,NA,=,NA,=,1.3,=
USGS_CAWSC,USGS-11455142,38.34166667,-121.6438889,2022-09-15,2022-09-15T17:15:00Z,0.02,<,0.06,=,0.07,=,4.2,=
USGS_CAWSC,USGS-11455485,38.0778083,-121.767286,2022-07-27,2022-07-27T21:15:00Z,0.02,<,0.07,=,0.052,=,NA,=
USGS_CAWSC,USGS-11336790,38.09638889,-121.496111,2022-08-08,2022-08-08T22:00:00Z,0.02,<,0.06,=,0.03,=,1.8,=
USGS_CAWSC,USGS-11455385,38.19395556,-121.6580028,2022-08-09,2022-08-09T19:45:00Z,0.02,<,0.07,=,0.04,=,1.7,=
USGS_CAWSC,USGS-11336790,38.09638889,-121.496111,2022-07-19,2022-07-19T19:47:00Z,NA,=,NA,=,NA,=,2,=
USGS_CAWSC,USGS-11337190,38.0521424,-121.6888428,2022-07-27,2022-07-27T19:45:00Z,0.02,<,0.05,=,0.049,=,NA,=
USGS_CAWSC,USGS-11337190,38.0521424,-121.6888428,2022-07-20,2022-07-20T18:03:00Z,NA,=,NA,=,NA,=,2.4,=
USGS_CAWSC,USGS-11455140,38.34916667,-121.6447222,2022-07-28,2022-07-28T20:45:00Z,0.02,<,0.01,<,0.139,=,1,=
USGS_CAWSC,USGS-11447650,38.45601954,-121.5013437,2022-08-03,2022-08-03T17:15:00Z,0.02,<,0.04,=,0.022,=,0.8,=
USGS_CAWSC,USGS-382010121402301,38.33616667,-121.672925,2022-07-18,2022-07-18T18:03:00Z,NA,=,NA,=,NA,=,2.2,=
USGS_CAWSC,USGS-11455315,38.2430111,-121.684286,2022-09-20,2022-09-20T16:45:00Z,0.03,=,0.04,=,0.049,=,3.2,=
USGS_CAWSC,USGS-11455315,38.2430111,-121.684286,2022-09-09,2022-09-09T15:30:00Z,0.02,<,0.06,=,0.056,=,NA,=
USGS_CAWSC,USGS-11447890,38.25769218,-121.5182865,2022-09-13,2022-09-13T19:15:00Z,0.02,<,0.14,=,0.024,=,1.5,=
USGS_CAWSC,USGS-11337190,38.0521424,-121.6888428,2022-09-22,2022-09-22T19:15:00Z,0.02,<,0.09,=,0.052,=,2.7,=
USGS_CAWSC,USGS-11312676,37.9427017,-121.5341175,2022-07-19,2022-07-19T20:50:00Z,NA,=,NA,=,NA,=,2.8,=
USGS_CAWSC,USGS-380631122032201,38.10853056,-122.0559806,2022-09-27,2022-09-27T19:15:00Z,NA,=,NA,=,NA,=,1.5,=
USGS_CAWSC,USGS-381142122015801,38.19489444,-122.0328139,2022-07-26,2022-07-26T20:15:00Z,NA,=,NA,=,NA,=,3.2,=
USGS_CAWSC,USGS-11312676,37.9427017,-121.5341175,2022-09-22,2022-09-22T20:45:00Z,0.02,=,0.06,=,0.066,=,2.7,=
USGS_CAWSC,USGS-11455095,38.47686944,-121.5836417,2022-07-06,2022-07-06T20:00:00Z,0.02,<,0.05,=,0.129,=,4.5,=
USGS_CAWSC,USGS-11312676,37.9427017,-121.5341175,2022-08-08,2022-08-08T19:15:00Z,0.03,=,0.04,=,0.062,=,4,=
USGS_CAWSC,USGS-11336685,38.2233333,-121.5072222,2022-07-19,2022-07-19T17:05:00Z,NA,=,NA,=,NA,=,1.1,=
USGS_CAWSC,USGS-11336790,38.09638889,-121.496111,2022-09-06,2022-09-06T19:45:00Z,0.02,=,0.05,=,0.063,=,2.3,=
USGS_CAWSC,USGS-380631122032201,38.10853056,-122.0559806,2022-07-20,2022-07-20T16:48:00Z,NA,=,NA,=,NA,=,18.4,=
USGS_CAWSC,USGS-11337190,38.0521424,-121.6888428,2022-10-19,2022-10-19T20:13:00Z,NA,=,NA,=,NA,=,2.5,=
USGS_CAWSC,USGS-11455508,38.04953056,-121.88755,2022-11-02,2022-11-02T18:15:00Z,0.05,= (estimated),0.24,=,0.083,=,1.6,=
USGS_CAWSC,USGS-11455485,38.0778083,-121.767286,2022-07-20,2022-07-20T15:25:00Z,NA,=,NA,=,NA,=,2.4,=
USGS_CAWSC,USGS-11455485,38.0778083,-121.767286,2022-09-07,2022-09-07T18:45:00Z,0.02,<,0.1,=,0.054,=,3.1,=
USGS_CAWSC,USGS-11455508,38.04953056,-121.88755,2022-07-20,2022-07-20T15:48:00Z,NA,=,NA,=,NA,=,2.7,=
USGS_CAWSC,USGS-11455315,38.2430111,-121.684286,2022-07-18,2022-07-18T16:38:00Z,NA,=,NA,=,NA,=,0.9,=
USGS_CAWSC,USGS-11337190,38.0521424,-121.6888428,2022-08-11,2022-08-11T18:45:00Z,0.02,<,0.06,=,0.051,=,2.9,=
USGS_CAWSC,USGS-11337190,38.0521424,-121.6888428,2022-08-24,2022-08-24T17:00:00Z,0.02,<,0.06,=,0.051,=,NA,=
USGS_CAWSC,USGS-11337190,38.0521424,-121.6888428,2022-07-12,2022-07-12T17:00:00Z,0.02,<,0.08,=,0.05,=,NA,=
USGS_CAWSC,USGS-11312676,37.9427017,-121.5341175,2022-11-01,2022-11-01T17:30:00Z,0.02,=,0.1,=,0.058,=,1.6,=
USGS_CAWSC,USGS-11455142,38.34166667,-121.6438889,2022-08-02,2022-08-02T17:45:00Z,0.02,<,0.08,=,0.078,=,3,=
USGS_CAWSC,USGS-11455142,38.34166667,-121.6438889,2022-07-06,2022-07-06T18:15:00Z,0.02,<,0.12,=,0.079,=,3.1,=
USGS_CAWSC,USGS-11311300,37.9925,-121.4538889,2022-08-09,2022-08-09T16:52:00Z,0.02,<,0.13,=,0.113,=,NA,=
USGS_CAWSC,USGS-11455508,38.04953056,-121.88755,2022-08-11,2022-08-11T21:15:00Z,0.07,=,0.12,=,0.08,=,2.1,=
USGS_CAWSC,USGS-11312676,37.9427017,-121.5341175,2022-07-27,2022-07-27T18:30:00Z,0.03,=,0.03,=,0.069,=,NA,=
USGS_CAWSC,USGS-11447650,38.45601954,-121.5013437,2022-09-13,2022-09-13T17:15:00Z,0.02,<,0.04,=,0.02,=,1.1,=
USGS_CAWSC,USGS-11455315,38.2430111,-121.684286,2022-08-23,2022-08-23T19:00:00Z,0.02,<,0.02,=,0.056,=,NA,=
USGS_CAWSC,USGS-11337190,38.0521424,-121.6888428,2022-11-30,2022-11-30T18:26:00Z,0.04,=,0.22,=,0.055,=,NA,=
USGS_CAWSC,USGS-11455095,38.47686944,-121.5836417,2022-09-15,2022-09-15T19:00:00Z,0.02,=,0.03,=,0.117,=,3.3,=
USGS_CAWSC,USGS-11337190,38.0521424,-121.6888428,2022-10-04,2022-10-04T22:30:00Z,0.02,<,0.1,=,0.05,=,NA,=
USGS_CAWSC,USGS-11455485,38.0778083,-121.767286,2022-08-24,2022-08-24T21:45:00Z,0.03,=,0.1,=,0.061,=,2.2,=
USGS_CAWSC,USGS-11455276,38.3078583,-121.6924278,2022-07-18,2022-07-18T17:41:00Z,NA,=,NA,=,NA,=,2.3,=
USGS_CAWSC,USGS-11455385,38.19395556,-121.6580028,2022-11-01,2022-11-01T18:30:00Z,0.02,<,0.16,=,0.054,=,1.3,=
USGS_CAWSC,USGS-11312676,37.9427017,-121.5341175,2022-10-03,2022-10-03T18:30:00Z,0.02,<,0.05,=,0.058,=,NA,=
USGS_CAWSC,USGS-381142122015801,38.19489444,-122.0328139,2022-09-27,2022-09-27T21:15:00Z,NA,=,NA,=,NA,=,3.6,=
USGS_CAWSC,USGS-11447890,38.25769218,-121.5182865,2022-08-03,2022-08-03T20:00:00Z,0.02,<,0.07,=,0.021,=,1.1,=
USGS_CAWSC,USGS-11455140,38.34916667,-121.6447222,2022-08-23,2022-08-23T23:00:00Z,0.02,<,0.01,<,0.099,=,0.9,=
USGS_CAWSC,USGS-11455276,38.3078583,-121.6924278,2022-11-14,2022-11-14T23:00:00Z,0.02,<,0.07,=,0.111,=,1.9,=
USGS_CAWSC,USGS-11455485,38.0778083,-121.767286,2022-10-20,2022-10-20T17:30:00Z,0.02,<,0.16,=,0.052,=,NA,=
USGS_CAWSC,USGS-11312676,37.9427017,-121.5341175,2022-09-15,2022-09-15T21:45:00Z,0.02,<,0.03,=,0.069,=,NA,=
USGS_CAWSC,USGS-11312676,37.9427017,-121.5341175,2022-08-23,2022-08-23T16:30:00Z,0.02,=,0.03,=,0.059,=,2,=
USGS_CAWSC,USGS-11313405,37.96992306,-121.572174,2022-07-19,2022-07-19T23:25:00Z,NA,=,NA,=,NA,=,4.6,=
USGS_CAWSC,USGS-11455315,38.2430111,-121.684286,2022-10-05,2022-10-05T17:30:00Z,0.02,<,0.05,=,0.058,=,NA,=
USGS_CAWSC,USGS-11455142,38.34166667,-121.6438889,2022-11-03,2022-11-03T17:00:00Z,0.02,<,0.1,=,0.08,=,4.2,=
USGS_CAWSC,USGS-11312676,37.9427017,-121.5341175,2022-10-20,2022-10-20T19:15:00Z,0.02,<,0.06,=,0.051,=,NA,=
USGS_CAWSC,USGS-11313460,38.05944444,-121.5572222,2022-10-17,2022-10-17T17:29:00Z,NA,=,NA,=,NA,=,8.4,=
USGS_CAWSC,USGS-11312685,38.00305556,-121.5108333,2022-07-19,2022-07-19T20:25:00Z,NA,=,NA,=,NA,=,2.7,=
USGS_CAWSC,USGS-11447650,38.45601954,-121.5013437,2022-07-21,2022-07-21T18:37:00Z,NA,=,NA,=,NA,=,0.8,=
USGS_CAWSC,USGS-11311300,37.9925,-121.4538889,2022-07-27,2022-07-27T23:09:00Z,0.02,<,0.18,=,0.107,=,NA,=
USGS_CAWSC,USGS-11455315,38.2430111,-121.684286,2022-11-03,2022-11-03T19:45:00Z,0.02,<,0.13,=,0.043,=,1.2,=
USGS_CAWSC,USGS-381142122015801,38.19489444,-122.0328139,2022-10-27,2022-10-27T20:30:00Z,0.33,=,0.43,=,0.06,=,2.3,=
USGS_CAWSC,USGS-11455485,38.0778083,-121.767286,2022-11-01,2022-11-01T17:00:00Z,0.04,=,0.18,=,0.063,=,1.1,=
USGS_CAWSC,USGS-11447650,38.45601954,-121.5013437,2022-10-20,2022-10-20T20:32:00Z,NA,=,NA,=,NA,=,0.7,=
USGS_CAWSC,USGS-11455140,38.34916667,-121.6447222,2022-11-03,2022-11-03T20:45:00Z,0.02,<,0.01,<,0.048,=,1.2,=
USGS_CAWSC,USGS-11447650,38.45601954,-121.5013437,2022-11-02,2022-11-02T21:00:00Z,0.02,<,0.06,=,0.019,=,1,=
USGS_CAWSC,USGS-11447890,38.25769218,-121.5182865,2022-11-02,2022-11-02T18:45:00Z,0.02,<,0.13,=,0.021,=,0.6,=
USGS_CAWSC,USGS-11311300,37.9925,-121.4538889,2022-10-17,2022-10-17T18:16:00Z,NA,=,NA,=,NA,=,2.4,=
USGS_CAWSC,USGS-11455315,38.2430111,-121.684286,2022-10-18,2022-10-18T21:40:00Z,NA,=,NA,=,NA,=,1.2,=
USGS_CAWSC,USGS-11337190,38.0521424,-121.6888428,2022-11-02,2022-11-02T21:00:00Z,0.02,<,0.13,=,0.055,=,2.1,=
USGS_CAWSC,USGS-382010121402301,38.33616667,-121.672925,2022-10-18,2022-10-18T22:13:00Z,NA,=,NA,=,NA,=,1.8,=
USGS_CAWSC,USGS-11336685,38.2233333,-121.5072222,2022-10-17,2022-10-17T22:55:00Z,NA,=,NA,=,NA,=,1.8,=
USGS_CAWSC,USGS-11455095,38.47686944,-121.5836417,2022-10-06,2022-10-06T22:30:00Z,0.02,<,0.04,=,0.121,=,4.3,=
USGS_CAWSC,USGS-11312676,37.9427017,-121.5341175,2022-10-19,2022-10-20T00:08:00Z,NA,=,NA,=,NA,=,1.9,=
USGS_CAWSC,USGS-11455485,38.0778083,-121.767286,2022-10-04,2022-10-04T23:30:00Z,0.02,<,0.16,=,0.065,=,NA,=
USGS_CAWSC,USGS-11455508,38.04953056,-121.88755,2022-10-19,2022-10-19T19:23:00Z,NA,=,NA,=,NA,=,1.4,=
USGS_CAWSC,USGS-11336790,38.09638889,-121.496111,2022-11-01,2022-11-01T20:00:00Z,0.02,<,0.17,=,0.04,=,2.8,=
USGS_CAWSC,USGS-11455095,38.47686944,-121.5836417,2022-11-03,2022-11-03T19:00:00Z,0.02,=,0.06,=,0.112,=,3.4,=
USGS_CAWSC,USGS-11455485,38.0778083,-121.767286,2022-11-30,2022-11-30T17:52:00Z,0.08,=,0.26,=,0.063,=,NA,=
USGS_CAWSC,USGS-11455315,38.2430111,-121.684286,2022-10-18,2022-10-18T16:45:00Z,0.02,<,0.06,=,0.052,=,NA,=
USGS_CAWSC,USGS-11313405,37.96992306,-121.572174,2022-10-19,2022-10-19T21:55:00Z,NA,=,NA,=,NA,=,2.4,=
USGS_CAWSC,USGS-11336790,38.09638889,-121.496111,2022-10-17,2022-10-17T20:54:00Z,NA,=,NA,=,NA,=,9,=
USGS_CAWSC,USGS-11455276,38.3078583,-121.6924278,2022-10-18,2022-10-18T22:36:00Z,NA,=,NA,=,NA,=,2.3,=
USGS_CAWSC,USGS-11447890,38.25769218,-121.5182865,2022-10-20,2022-10-20T18:59:00Z,NA,=,NA,=,NA,=,0.9,=
USGS_CAWSC,USGS-380631122032201,38.10853056,-122.0559806,2022-10-19,2022-10-19T18:11:00Z,NA,=,NA,=,NA,=,1.3,=
USGS_CAWSC,USGS-11336790,38.09638889,-121.496111,2022-10-13,2022-10-13T20:15:00Z,NA,=,0.01,<,NA,=,23.1,=
USGS_CAWSC,USGS-11447650,38.45601954,-121.5013437,2022-01-26,2022-01-26T18:00:00Z,0.02,<,0.19,=,0.026,=,NA,=
USGS_CAWSC,USGS-11303500,37.6760406,-121.2663293,2022-01-25,2022-01-25T17:30:00Z,0.02,<,1.58,=,0.072,=,NA,=
USGS_CAWSC,USGS-11303500,37.6760406,-121.2663293,2022-02-03,2022-02-03T17:30:00Z,0.02,<,0.597,=,0.039,=,NA,=
USGS_CAWSC,USGS-11303500,37.6760406,-121.2663293,2022-06-14,2022-06-14T17:00:00Z,0.02,<,0.131,=,0.016,=,NA,=
USGS_CAWSC,USGS-11303500,37.6760406,-121.2663293,2022-03-21,2022-03-21T17:00:00Z,0.02,<,0.783,=,0.072,=,NA,=
USGS_CAWSC,USGS-11303500,37.6760406,-121.2663293,2022-06-21,2022-06-21T18:00:00Z,0.02,<,0.081,=,0.016,=,NA,=
USGS_CAWSC,USGS-11303500,37.6760406,-121.2663293,2022-01-04,2022-01-04T17:30:00Z,0.17,=,1.48,=,0.146,=,NA,=
USGS_CAWSC,USGS-11447650,38.45601954,-121.5013437,2022-01-05,2022-01-05T17:30:00Z,0.02,<,0.342,=,0.033,=,NA,=
USGS_CAWSC,USGS-11303500,37.6760406,-121.2663293,2022-07-13,2022-07-13T18:00:00Z,0.02,<,0.311,=,0.028,=,NA,=
USGS_CAWSC,USGS-11303500,37.6760406,-121.2663293,2022-05-03,2022-05-03T17:30:00Z,0.02,<,0.503,=,0.027,=,NA,=
USGS_CAWSC,USGS-11447650,38.45601954,-121.5013437,2022-02-16,2022-02-16T17:30:00Z,0.02,=,0.104,=,0.021,=,NA,=
USGS_CAWSC,USGS-11303500,37.6760406,-121.2663293,2022-07-27,2022-07-27T18:30:00Z,0.02,<,0.263,=,0.029,=,NA,=
USGS_CAWSC,USGS-11303500,37.6760406,-121.2663293,2022-02-24,2022-02-24T17:30:00Z,0.02,<,0.605,=,0.025,=,NA,=
USGS_CAWSC,USGS-11447650,38.45601954,-121.5013437,2022-02-23,2022-02-23T17:00:00Z,0.02,=,0.104,=,0.021,=,NA,=
DWR_EMP,C10A,37.67934,-121.2647,2022-01-05,2022-01-05T19:45:00Z,0.183,=,1.69,=,0.141,=,1.39,=
DWR_EMP,C10A,37.67934,-121.2647,2022-02-07,2022-02-07T22:00:00Z,0.05,<,0.509,=,0.05,<,4.79,=
DWR_EMP,C10A,37.67934,-121.2647,2022-03-09,2022-03-09T22:15:00Z,0.05,<,0.587,=,0.05,<,3.79,=
DWR_EMP,C10A,37.67934,-121.2647,2022-04-06,2022-04-06T20:15:00Z,0.05,<,0.874,=,0.094,=,1.92,=
DWR_EMP,C10A,37.67934,-121.2647,2022-05-19,2022-05-19T18:45:00Z,0.05,<,0.377,=,0.05,<,1.31,=
DWR_EMP,C10A,37.67934,-121.2647,2022-06-20,2022-06-20T21:15:00Z,0.05,<,0.131,=,0.05,<,1.63,=
DWR_EMP,C10A,37.67934,-121.2647,2022-07-18,2022-07-18T19:00:00Z,0.05,<,0.273,=,0.05,<,4.03,=
DWR_EMP,C9,37.83095,-121.554,2022-01-05,2022-01-05T18:15:00Z,0.069,=,1.35,=,0.09,=,0.5,<
DWR_EMP,C9,37.83095,-121.554,2022-02-07,2022-02-07T20:40:00Z,0.05,<,0.893,=,0.078,=,1,=
DWR_EMP,C9,37.83095,-121.554,2022-03-09,2022-03-09T20:30:00Z,0.05,<,0.729,=,0.068,=,1.57,=
DWR_EMP,C9,37.83095,-121.554,2022-04-06,2022-04-06T18:45:00Z,0.05,<,0.642,=,0.081,=,1.73,=
DWR_EMP,C9,37.83095,-121.554,2022-05-19,2022-05-19T17:30:00Z,0.05,<,0.232,=,0.079,=,1.56,=
DWR_EMP,C9,37.83095,-121.554,2022-06-20,2022-06-20T19:45:00Z,0.05,<,0.207,=,0.101,=,4.87,=
DWR_EMP,C9,37.83095,-121.554,2022-07-18,2022-07-18T18:40:00Z,0.05,<,0.107,=,0.096,=,4.84,=
DWR_EMP,D10,38.04631,-121.9183,2022-01-11,2022-01-11T19:50:00Z,0.082,=,0.661,=,0.075,=,0.61,=
DWR_EMP,D10,38.04631,-121.9183,2022-02-11,2022-02-11T20:30:00Z,0.107,=,0.541,=,0.074,=,1.48,=
DWR_EMP,D10,38.04631,-121.9183,2022-03-15,2022-03-15T22:05:00Z,0.05,<,0.332,=,0.065,=,11.5,=
DWR_EMP,D10,38.04631,-121.9183,2022-04-26,2022-04-26T20:35:00Z,0.094,=,0.307,=,0.082,=,2.21,=
DWR_EMP,D10,38.04631,-121.9183,2022-05-25,2022-05-25T20:45:00Z,0.075,=,0.348,=,0.096,=,2.21,=
DWR_EMP,D10,38.04631,-121.9183,2022-06-24,2022-06-24T21:25:00Z,0.05,<,0.225,=,0.084,=,3.24,=
DWR_EMP,D10,38.04631,-121.9183,2022-07-22,2022-07-22T20:50:00Z,0.057,=,0.116,=,0.085,=,3.62,=
DWR_EMP,D12,38.02161,-121.8063,2022-01-06,2022-01-06T16:05:00Z,0.079,=,0.808,=,0.073,=,0.55,=
DWR_EMP,D12,38.02161,-121.8063,2022-02-08,2022-02-08T18:00:00Z,0.075,=,0.527,=,0.062,=,0.6,=
DWR_EMP,D12,38.02161,-121.8063,2022-03-10,2022-03-10T17:45:00Z,0.05,<,0.31,=,0.051,=,3.04,=
DWR_EMP,D12,38.02161,-121.8063,2022-04-21,2022-04-21T14:55:00Z,0.081,=,0.27,=,0.076,=,2.97,=
DWR_EMP,D12,38.02161,-121.8063,2022-05-20,2022-05-20T14:45:00Z,0.078,=,0.295,=,0.085,=,1.52,=
DWR_EMP,D12,38.02161,-121.8063,2022-06-21,2022-06-21T17:50:00Z,0.05,<,0.202,=,0.069,=,2.08,=
DWR_EMP,D12,38.02161,-121.8063,2022-07-19,2022-07-19T16:20:00Z,0.05,<,0.079,=,0.067,=,2.78,=
DWR_EMP,D16,38.0969,-121.6691,2022-01-06,2022-01-06T17:15:00Z,0.059,=,0.821,=,0.071,=,0.62,=
DWR_EMP,D16,38.0969,-121.6691,2022-02-08,2022-02-08T19:10:00Z,0.05,<,0.447,=,0.06,=,0.5,<
DWR_EMP,D16,38.0969,-121.6691,2022-03-10,2022-03-10T19:00:00Z,0.05,<,0.315,=,0.05,<,2.65,=
DWR_EMP,D16,38.0969,-121.6691,2022-04-21,2022-04-21T17:15:00Z,0.05,<,0.243,=,0.069,=,2.23,=
DWR_EMP,D16,38.0969,-121.6691,2022-05-20,2022-05-20T17:30:00Z,0.05,<,0.213,=,0.065,=,1.7,=
DWR_EMP,D16,38.0969,-121.6691,2022-06-21,2022-06-21T20:15:00Z,0.05,<,0.164,=,0.065,=,1.95,=
DWR_EMP,D16,38.0969,-121.6691,2022-07-20,2022-07-20T16:20:00Z,0.05,<,0.073,=,0.051,=,1.69,=
DWR_EMP,D19,38.04376,-121.6148,2022-01-06,2022-01-06T18:35:00Z,0.116,=,0.907,=,0.068,=,1.18,=
DWR_EMP,D19,38.04376,-121.6148,2022-02-08,2022-02-08T20:10:00Z,0.05,<,0.59,=,0.063,=,1.25,=
DWR_EMP,D19,38.04376,-121.6148,2022-03-10,2022-03-10T20:00:00Z,0.05,<,0.353,=,0.05,<,2.66,=
DWR_EMP,D19,38.04376,-121.6148,2022-04-21,2022-04-21T18:50:00Z,0.05,<,0.123,=,0.05,<,9.21,=
DWR_EMP,D19,38.04376,-121.6148,2022-05-20,2022-05-20T18:45:00Z,0.05,<,0.122,=,0.05,=,2.47,=
DWR_EMP,D19,38.04376,-121.6148,2022-06-21,2022-06-21T21:45:00Z,0.05,<,0.05,<,0.05,=,1.83,=
DWR_EMP,D19,38.04376,-121.6148,2022-07-19,2022-07-19T18:50:00Z,0.05,<,0.05,<,0.057,=,1.66,=
DWR_EMP,D22,38.08453,-121.7391,2022-01-10,2022-01-10T19:15:00Z,0.05,<,0.548,=,0.065,=,0.81,=
DWR_EMP,D22,38.08453,-121.7391,2022-02-10,2022-02-10T21:50:00Z,0.05,<,0.314,=,0.057,=,1.31,=
DWR_EMP,D22,38.08453,-121.7391,2022-03-14,2022-03-14T22:25:00Z,0.05,<,0.204,=,0.05,<,1.64,=
DWR_EMP,D22,38.08453,-121.7391,2022-04-25,2022-04-25T20:00:00Z,0.05,<,0.247,=,0.077,=,5.3,=
DWR_EMP,D22,38.08453,-121.7391,2022-05-24,2022-05-24T20:15:00Z,0.05,<,0.231,=,0.073,=,2.73,=
DWR_EMP,D22,38.08453,-121.7391,2022-06-23,2022-06-23T20:55:00Z,0.05,<,0.191,=,0.068,=,1.79,=
DWR_EMP,D22,38.08453,-121.7391,2022-07-21,2022-07-21T19:25:00Z,0.05,<,0.096,=,0.059,=,2.26,=
DWR_EMP,D26,38.07664,-121.5669,2022-01-07,2022-01-07T16:15:00Z,0.078,=,0.995,=,0.081,=,0.5,<
DWR_EMP,D26,38.07664,-121.5669,2022-02-09,2022-02-09T18:15:00Z,0.05,<,0.494,=,0.059,=,1.02,=
DWR_EMP,D26,38.07664,-121.5669,2022-03-11,2022-03-11T18:25:00Z,0.05,<,0.365,=,0.05,<,3.96,=
DWR_EMP,D26,38.07664,-121.5669,2022-04-22,2022-04-22T15:30:00Z,0.05,<,0.24,=,0.056,=,2.12,=
DWR_EMP,D26,38.07664,-121.5669,2022-05-23,2022-05-23T17:05:00Z,0.05,<,0.151,=,0.052,=,2.86,=
DWR_EMP,D26,38.07664,-121.5669,2022-06-22,2022-06-22T18:05:00Z,0.05,<,0.108,=,0.064,=,1.43,=
DWR_EMP,D26,38.07664,-121.5669,2022-07-20,2022-07-20T17:15:00Z,0.05,<,0.067,=,0.052,=,2.8,=
DWR_EMP,D28A,37.97048,-121.573,2022-01-06,2022-01-06T19:25:00Z,0.084,=,1.2,=,0.094,=,0.5,<
DWR_EMP,D28A,37.97048,-121.573,2022-02-08,2022-02-08T21:05:00Z,0.05,<,0.683,=,0.054,=,0.5,<
DWR_EMP,D28A,37.97048,-121.573,2022-03-10,2022-03-10T21:00:00Z,0.05,<,0.387,=,0.05,<,2.32,=
DWR_EMP,D28A,37.97048,-121.573,2022-04-21,2022-04-21T19:35:00Z,0.05,<,0.221,=,0.056,=,1.34,=
DWR_EMP,D28A,37.97048,-121.573,2022-05-20,2022-05-20T19:35:00Z,0.05,<,0.12,=,0.058,=,1.55,=
DWR_EMP,D28A,37.97048,-121.573,2022-06-21,2022-06-21T22:45:00Z,0.05,<,0.074,=,0.08,=,2.48,=
DWR_EMP,D28A,37.97048,-121.573,2022-07-19,2022-07-19T19:50:00Z,0.05,<,0.05,<,0.068,=,8.02,=
DWR_EMP,D4,38.06248,-121.8205,2022-01-10,2022-01-10T18:25:00Z,0.069,=,0.669,=,0.073,=,0.54,=
DWR_EMP,D4,38.06248,-121.8205,2022-02-10,2022-02-10T19:30:00Z,0.09,=,0.52,=,0.074,=,0.63,=
DWR_EMP,D4,38.06248,-121.8205,2022-03-14,2022-03-14T20:50:00Z,0.05,<,0.31,=,0.055,=,5.83,=
DWR_EMP,D4,38.06248,-121.8205,2022-04-25,2022-04-25T19:10:00Z,0.082,=,0.276,=,0.075,=,1.78,=
DWR_EMP,D4,38.06248,-121.8205,2022-05-24,2022-05-24T18:55:00Z,0.077,=,0.306,=,0.084,=,2.27,=
DWR_EMP,D4,38.06248,-121.8205,2022-06-23,2022-06-23T19:45:00Z,0.05,<,0.233,=,0.079,=,2.5,=
DWR_EMP,D4,38.06248,-121.8205,2022-07-21,2022-07-21T18:30:00Z,0.05,=,0.1,=,0.072,=,2.1,=
DWR_EMP,D41,38.03022,-122.3729,2022-01-13,2022-01-13T18:45:00Z,0.103,=,0.412,=,0.074,=,2.18,=
DWR_EMP,D41,38.03022,-122.3729,2022-02-15,2022-02-15T20:05:00Z,0.0536,=,0.306,=,0.068,=,2.56,=
DWR_EMP,D41,38.03022,-122.3729,2022-03-17,2022-03-17T20:15:00Z,0.068,=,0.252,=,0.07,=,2.68,=
DWR_EMP,D41,38.03022,-122.3729,2022-04-28,2022-04-28T20:40:00Z,0.08,=,0.25,=,0.08,=,3.77,=
DWR_EMP,D41,38.03022,-122.3729,2022-05-26,2022-05-26T18:35:00Z,0.061,=,0.272,=,0.086,=,4.18,=
DWR_EMP,D41,38.03022,-122.3729,2022-06-28,2022-06-28T22:10:00Z,0.058,=,0.257,=,0.103,=,2.12,=
DWR_EMP,D41,38.03022,-122.3729,2022-07-26,2022-07-26T21:10:00Z,0.125,=,0.246,=,0.11,=,5.74,=
DWR_EMP,D41A,38.08472,-122.3907,2022-01-13,2022-01-13T17:10:00Z,0.114,=,0.479,=,0.082,=,0.5,<
DWR_EMP,D41A,38.08472,-122.3907,2022-02-15,2022-02-15T18:25:00Z,0.082,=,0.406,=,0.084,=,3.32,=
DWR_EMP,D41A,38.08472,-122.3907,2022-03-17,2022-03-17T18:45:00Z,0.061,=,0.283,=,0.078,=,2.88,=
DWR_EMP,D41A,38.08472,-122.3907,2022-04-28,2022-04-28T19:15:00Z,0.05,<,0.294,=,0.083,=,7.39,=
DWR_EMP,D41A,38.08472,-122.3907,2022-05-26,2022-05-26T17:15:00Z,0.05,<,0.263,=,0.094,=,13.1,=
DWR_EMP,D41A,38.08472,-122.3907,2022-06-28,2022-06-28T20:35:00Z,0.05,<,0.273,=,0.103,=,4.74,=
DWR_EMP,D41A,38.08472,-122.3907,2022-07-26,2022-07-26T19:40:00Z,0.09,=,0.27,=,0.123,=,7.49,=
DWR_EMP,D6,38.04436,-122.1177,2022-01-11,2022-01-11T17:55:00Z,0.126,=,0.55,=,0.085,=,1.36,=
DWR_EMP,D6,38.04436,-122.1177,2022-02-11,2022-02-11T18:45:00Z,0.109,=,0.455,=,0.08,=,0.73,=
DWR_EMP,D6,38.04436,-122.1177,2022-03-15,2022-03-15T20:30:00Z,0.082,=,0.352,=,0.078,=,2.99,=
DWR_EMP,D6,38.04436,-122.1177,2022-04-26,2022-04-26T19:05:00Z,0.128,=,0.325,=,0.092,=,2.51,=
DWR_EMP,D6,38.04436,-122.1177,2022-05-25,2022-05-25T19:00:00Z,0.104,=,0.344,=,0.104,=,2.43,=
DWR_EMP,D6,38.04436,-122.1177,2022-06-24,2022-06-24T20:00:00Z,0.063,=,0.285,=,0.101,=,3.75,=
DWR_EMP,D6,38.04436,-122.1177,2022-07-22,2022-07-22T19:15:00Z,0.074,=,0.168,=,0.099,=,7.47,=
DWR_EMP,D7,38.11714,-122.0397,2022-01-12,2022-01-12T17:45:00Z,0.113,=,0.656,=,0.08,=,0.67,=
DWR_EMP,D7,38.11714,-122.0397,2022-02-14,2022-02-14T19:50:00Z,0.107,=,0.511,=,0.076,=,3.66,=
DWR_EMP,D7,38.11714,-122.0397,2022-03-16,2022-03-16T19:15:00Z,0.053,=,0.354,=,0.069,=,5.45,=
DWR_EMP,D7,38.11714,-122.0397,2022-04-27,2022-04-27T18:45:00Z,0.106,=,0.345,=,0.089,=,2.53,=
DWR_EMP,D7,38.11714,-122.0397,2022-05-27,2022-05-27T19:25:00Z,0.086,=,0.362,=,0.104,=,2.75,=
DWR_EMP,D7,38.11714,-122.0397,2022-06-27,2022-06-27T21:55:00Z,0.05,<,0.196,=,0.089,=,7.36,=
DWR_EMP,D7,38.11714,-122.0397,2022-07-25,2022-07-25T21:30:00Z,0.081,=,0.16,=,0.1,=,2.5,=
DWR_EMP,D8,38.05992,-121.99,2022-01-11,2022-01-11T18:55:00Z,0.087,=,0.684,=,0.08,=,0.5,<
DWR_EMP,D8,38.05992,-121.99,2022-02-11,2022-02-11T19:45:00Z,0.118,=,0.551,=,0.081,=,0.7,=
DWR_EMP,D8,38.05992,-121.99,2022-03-15,2022-03-15T21:25:00Z,0.051,=,0.351,=,0.07,=,5.81,=
DWR_EMP,D8,38.05992,-121.99,2022-04-26,2022-04-26T19:55:00Z,0.154,=,0.33,=,0.088,=,2.44,=
DWR_EMP,D8,38.05992,-121.99,2022-05-25,2022-05-25T19:55:00Z,0.08,=,0.361,=,0.098,=,2.26,=
DWR_EMP,D8,38.05992,-121.99,2022-06-24,2022-06-24T20:45:00Z,0.05,<,0.254,=,0.089,=,4.5,=
DWR_EMP,D8,38.05992,-121.99,2022-07-22,2022-07-22T20:05:00Z,0.057,=,0.125,=,0.089,=,3.72,=
DWR_EMP,MD10A,38.04226,-121.4199,2022-01-07,2022-01-07T17:35:00Z,0.098,=,1.42,=,0.21,=,0.5,<
DWR_EMP,MD10A,38.04226,-121.4199,2022-02-09,2022-02-09T19:40:00Z,0.05,<,0.576,=,0.077,=,1.08,=
DWR_EMP,MD10A,38.04226,-121.4199,2022-03-11,2022-03-11T20:10:00Z,0.067,=,0.422,=,0.05,<,0.82,=
DWR_EMP,MD10A,38.04226,-121.4199,2022-04-22,2022-04-22T17:05:00Z,0.05,<,0.437,=,0.083,=,1.25,=
DWR_EMP,MD10A,38.04226,-121.4199,2022-05-23,2022-05-23T18:30:00Z,0.05,<,0.177,=,0.109,=,2.08,=
DWR_EMP,MD10A,38.04226,-121.4199,2022-06-22,2022-06-22T19:30:00Z,0.05,<,0.178,=,0.12,=,2.78,=
DWR_EMP,MD10A,38.04226,-121.4199,2022-07-20,2022-07-20T18:45:00Z,0.05,<,0.05,<,0.105,=,3.45,=
DWR_EMP,NZ002,38.06529,-122.2152,2022-01-13,2022-01-13T19:55:00Z,0.12,=,0.504,=,0.082,=,2.51,=
DWR_EMP,NZ002,38.06529,-122.2152,2022-02-15,2022-02-15T21:10:00Z,0.091,=,0.421,=,0.083,=,2.72,=
DWR_EMP,NZ002,38.06529,-122.2152,2022-03-17,2022-03-17T21:20:00Z,0.068,=,0.301,=,0.082,=,1.56,=
DWR_EMP,NZ002,38.06529,-122.2152,2022-04-28,2022-04-28T21:40:00Z,0.097,=,0.298,=,0.092,=,3.21,=
DWR_EMP,NZ002,38.06529,-122.2152,2022-05-26,2022-05-26T19:35:00Z,0.075,=,0.27,=,0.094,=,4.15,=
DWR_EMP,NZ002,38.06529,-122.2152,2022-06-28,2022-06-28T23:25:00Z,0.064,=,0.267,=,0.104,=,3.48,=
DWR_EMP,NZ002,38.06529,-122.2152,2022-07-26,2022-07-26T22:10:00Z,0.114,=,0.229,=,0.11,=,2.19,=
DWR_EMP,NZ004,38.03576,-122.1616,2022-01-13,2022-01-13T20:15:00Z,0.118,=,0.5,=,0.08,=,1.54,=
DWR_EMP,NZ004,38.03576,-122.1616,2022-02-15,2022-02-15T21:25:00Z,0.111,=,0.479,=,0.087,=,2.06,=
DWR_EMP,NZ004,38.03576,-122.1616,2022-03-17,2022-03-17T21:35:00Z,0.08,=,0.327,=,0.084,=,0.91,=
DWR_EMP,NZ004,38.03576,-122.1616,2022-04-28,2022-04-28T22:00:00Z,0.105,=,0.306,=,0.093,=,2.64,=
DWR_EMP,NZ004,38.03576,-122.1616,2022-05-26,2022-05-26T19:50:00Z,0.093,=,0.306,=,0.098,=,2.94,=
DWR_EMP,NZ004,38.03576,-122.1616,2022-06-28,2022-06-28T23:40:00Z,0.066,=,0.263,=,0.104,=,4.93,=
DWR_EMP,NZ004,38.03576,-122.1616,2022-07-26,2022-07-26T22:30:00Z,0.113,=,0.216,=,0.112,=,1.86,=
DWR_EMP,NZ032,38.16991,-122.0211,2022-01-12,2022-01-12T20:00:00Z,0.13,=,0.702,=,0.073,=,1.4,=
DWR_EMP,NZ032,38.16991,-122.0211,2022-02-14,2022-02-14T22:00:00Z,0.075,=,0.555,=,0.068,=,8.1,=
DWR_EMP,NZ032,38.16991,-122.0211,2022-03-16,2022-03-16T21:45:00Z,0.05,<,0.374,=,0.074,=,3.8,=
DWR_EMP,NZ032,38.16991,-122.0211,2022-04-27,2022-04-27T21:05:00Z,0.108,=,0.337,=,0.07,=,2.5,=
DWR_EMP,NZ032,38.16991,-122.0211,2022-05-27,2022-05-27T21:25:00Z,0.078,=,0.363,=,0.091,=,3.02,=
DWR_EMP,NZ032,38.16991,-122.0211,2022-06-27,2022-06-28T00:15:00Z,0.05,<,0.192,=,0.09,=,9.54,=
DWR_EMP,NZ032,38.16991,-122.0211,2022-07-25,2022-07-25T23:50:00Z,0.065,=,0.173,=,0.106,=,1.28,=
DWR_EMP,NZ068,38.14272,-121.6895,2022-01-10,2022-01-10T20:10:00Z,0.05,<,0.508,=,0.06,=,0.6,=
DWR_EMP,NZ068,38.14272,-121.6895,2022-02-10,2022-02-10T22:45:00Z,0.05,<,0.25,=,0.05,<,1.12,=
DWR_EMP,NZ068,38.14272,-121.6895,2022-03-14,2022-03-14T23:20:00Z,0.05,<,0.213,=,0.05,<,1.18,=
DWR_EMP,NZ068,38.14272,-121.6895,2022-04-25,2022-04-25T20:55:00Z,0.05,<,0.219,=,0.069,=,2,=
DWR_EMP,NZ068,38.14272,-121.6895,2022-05-24,2022-05-24T21:40:00Z,0.05,<,0.174,=,0.056,=,1.8,=
DWR_EMP,NZ068,38.14272,-121.6895,2022-06-23,2022-06-23T22:20:00Z,0.05,<,0.157,=,0.055,=,1.94,=
DWR_EMP,NZ068,38.14272,-121.6895,2022-07-21,2022-07-21T20:20:00Z,0.05,<,0.097,=,0.052,=,2.53,=
DWR_EMP,NZ325,38.05798,-122.2919,2022-01-13,2022-01-13T19:35:00Z,0.12,=,0.503,=,0.081,=,1.87,=
DWR_EMP,NZ325,38.05798,-122.2919,2022-02-15,2022-02-15T20:50:00Z,0.05,<,0.231,=,0.073,=,13.5,=
DWR_EMP,NZ325,38.05798,-122.2919,2022-03-17,2022-03-17T21:00:00Z,0.065,=,0.292,=,0.079,=,1.6,=
DWR_EMP,NZ325,38.05798,-122.2919,2022-04-28,2022-04-28T21:25:00Z,0.05,<,0.095,=,0.086,=,10.6,=
DWR_EMP,NZ325,38.05798,-122.2919,2022-05-26,2022-05-26T19:15:00Z,0.086,=,0.289,=,0.099,=,5.1,=
DWR_EMP,NZ325,38.05798,-122.2919,2022-06-28,2022-06-28T23:00:00Z,0.06,=,0.266,=,0.104,=,4.03,=
DWR_EMP,NZ325,38.05798,-122.2919,2022-07-26,2022-07-26T21:55:00Z,0.111,=,0.244,=,0.114,=,3.15,=
DWR_EMP,NZS42,38.18045,-122.0476,2022-01-12,2022-01-12T18:50:00Z,0.149,=,0.721,=,0.068,=,1.42,=
DWR_EMP,NZS42,38.18045,-122.0476,2022-02-14,2022-02-14T20:50:00Z,0.105,=,0.601,=,0.071,=,5.96,=
DWR_EMP,NZS42,38.18045,-122.0476,2022-03-16,2022-03-16T20:35:00Z,0.054,=,0.42,=,0.073,=,9.2,=
DWR_EMP,NZS42,38.18045,-122.0476,2022-04-27,2022-04-27T20:00:00Z,0.117,=,0.363,=,0.067,=,3.03,=
DWR_EMP,NZS42,38.18045,-122.0476,2022-05-27,2022-05-27T20:25:00Z,0.091,=,0.439,=,0.1,=,3.2,=
DWR_EMP,NZS42,38.18045,-122.0476,2022-06-27,2022-06-27T23:15:00Z,0.051,=,0.285,=,0.102,=,4.25,=
DWR_EMP,NZS42,38.18045,-122.0476,2022-07-25,2022-07-25T22:55:00Z,0.078,=,0.198,=,0.102,=,2.21,=
DWR_EMP,P8,37.97817,-121.3823,2022-01-07,2022-01-07T19:00:00Z,0.29,=,1.66,=,0.242,=,0.57,=
DWR_EMP,P8,37.97817,-121.3823,2022-02-09,2022-02-09T21:25:00Z,0.145,=,5.47,=,0.326,=,0.88,=
DWR_EMP,P8,37.97817,-121.3823,2022-03-11,2022-03-11T21:50:00Z,0.07,=,3.27,=,0.13,=,1.88,=
DWR_EMP,P8,37.97817,-121.3823,2022-04-22,2022-04-22T18:45:00Z,0.109,=,3.55,=,0.296,=,3.55,=
DWR_EMP,P8,37.97817,-121.3823,2022-05-23,2022-05-23T19:55:00Z,0.068,=,2.42,=,0.301,=,2.67,=
DWR_EMP,P8,37.97817,-121.3823,2022-06-22,2022-06-22T21:10:00Z,0.05,<,3.58,=,0.456,=,4.3,=
DWR_EMP,P8,37.97817,-121.3823,2022-07-20,2022-07-20T20:25:00Z,0.05,<,1.26,=,0.295,=,5.24,=
DWR_EMP,EZ2,38.054538,-121.873511,2022-01-11,2022-01-11T20:50:00Z,0.078,=,0.667,=,0.075,=,0.72,=
DWR_EMP,EZ2,38.070415,-121.77857,2022-02-10,2022-02-10T21:15:00Z,0.05,<,0.416,=,0.066,=,1.46,=
DWR_EMP,EZ2,38.067968,-121.782238,2022-03-14,2022-03-14T21:45:00Z,0.05,<,0.289,=,0.051,=,5.38,=
DWR_EMP,EZ2,38.087031,-121.747001,2022-04-25,2022-04-25T20:00:00Z,0.05,<,0.243,=,0.074,=,5.96,=
DWR_EMP,EZ2,38.107538,-121.714945,2022-05-24,2022-05-24T20:55:00Z,0.05,<,0.209,=,0.068,=,2.47,=
DWR_EMP,EZ2,38.11555,-121.70688,2022-06-23,2022-06-23T21:40:00Z,0.05,<,0.171,=,0.059,=,2.06,=
DWR_EMP,EZ2,38.09494,-121.73506,2022-07-21,2022-07-21T19:45:00Z,0.05,<,0.098,=,0.06,=,2.94,=
DWR_EMP,EZ6,38.048785,-121.919055,2022-01-11,2022-01-11T19:50:00Z,0.076,=,0.66,=,0.077,=,0.8,=
DWR_EMP,EZ6,38.063383,-121.827268,2022-02-10,2022-02-10T20:05:00Z,0.088,=,0.493,=,0.07,=,1.5,=
DWR_EMP,EZ6,38.065125,-121.841436,2022-03-14,2022-03-14T21:00:00Z,0.05,<,0.32,=,0.056,=,6.1,=
DWR_EMP,EZ6,38.065698,-121.835,2022-04-25,2022-04-25T19:10:00Z,0.081,=,0.275,=,0.076,=,1.47,=
DWR_EMP,EZ6,38.06919,-121.77896,2022-05-24,2022-05-24T19:40:00Z,0.068,=,0.277,=,0.081,=,2.17,=
DWR_EMP,EZ6,38.089783,-121.74205,2022-06-23,2022-06-23T20:25:00Z,0.05,<,0.197,=,0.068,=,1.6,=
DWR_EMP,EZ6,38.06209,-121.8174,2022-07-21,2022-07-21T18:55:00Z,0.05,<,0.097,=,0.075,=,2.32,=
DWR_EMP,EZ2-SJR,38.02171,-121.80791,2022-02-08,2022-02-08T18:00:00Z,0.073,=,0.543,=,0.065,=,1.07,=
DWR_EMP,EZ2-SJR,38.028141,-121.737145,2022-04-21,2022-04-21T16:35:00Z,0.056,=,0.25,=,0.068,=,4.25,=
DWR_EMP,EZ2-SJR,38.05489,-121.687173,2022-05-20,2022-05-20T16:50:00Z,0.05,<,0.222,=,0.066,=,1.75,=
DWR_EMP,EZ2-SJR,38.04785,-121.695857,2022-06-21,2022-06-21T19:30:00Z,0.05,<,0.167,=,0.065,=,1.73,=
DWR_EMP,EZ2-SJR,38.03501,-121.708326,2022-07-19,2022-07-19T17:10:00Z,0.05,<,0.061,=,0.065,=,2.35,=
DWR_EMP,EZ6-SJR,38.026166,-121.778143,2022-04-21,2022-04-21T15:40:00Z,0.067,=,0.256,=,0.075,=,3.33,=
DWR_EMP,EZ6-SJR,38.027825,-121.76056,2022-05-20,2022-05-20T15:55:00Z,0.076,=,0.281,=,0.084,=,1.71,=
DWR_EMP,EZ6-SJR,38.024758,-121.791615,2022-06-21,2022-06-21T18:30:00Z,0.05,<,0.192,=,0.069,=,2.14,=
DWR_EMP,EZ6-SJR,38.021318,-121.80704,2022-07-19,2022-07-19T16:20:00Z,0.05,<,0.081,=,0.067,=,2.75,=
DWR_EMP,C3A,38.36771,-121.5205,2022-01-05,2022-01-05T16:30:00Z,0.05,<,0.399,=,0.05,<,0.67,=
DWR_EMP,C3A,38.36771,-121.5205,2022-02-07,2022-02-07T18:45:00Z,0.05,<,0.253,=,0.05,<,1.01,=
DWR_EMP,C3A,38.36771,-121.5205,2022-03-09,2022-03-09T18:30:00Z,0.05,<,0.22,=,0.05,<,1.43,=
DWR_EMP,C3A,38.36771,-121.5205,2022-04-06,2022-04-06T17:00:00Z,0.05,<,0.187,=,0.069,=,0.87,=
DWR_EMP,C3A,38.36771,-121.5205,2022-05-19,2022-05-19T15:15:00Z,0.05,<,0.148,=,0.05,<,1.3,=
DWR_EMP,C3A,38.36771,-121.5205,2022-06-20,2022-06-20T18:00:00Z,0.05,<,0.112,=,0.05,<,0.92,=
DWR_EMP,C3A,38.36771,-121.5205,2022-07-18,2022-07-18T16:45:00Z,0.05,<,0.221,=,0.05,<,0.82,=
DWR_EMP,C10A,37.67934,-121.2647,2022-08-15,2022-08-15T19:30:00Z,0.05,<,0.379,=,0.05,<,7.78,=
DWR_EMP,C9,37.83095,-121.554,2022-08-15,2022-08-15T18:15:00Z,0.05,<,0.087,=,0.073,=,3.77,=
DWR_EMP,D10,38.04631,-121.9183,2022-08-19,2022-08-19T19:50:00Z,0.061,=,0.213,=,0.096,=,2.21,=
DWR_EMP,D12,38.02161,-121.8063,2022-08-16,2022-08-16T15:10:00Z,0.05,<,0.106,=,0.071,=,2.27,=
DWR_EMP,D16,38.0969,-121.6691,2022-08-17,2022-08-17T15:00:00Z,0.05,<,0.067,=,0.051,=,2.26,=
DWR_EMP,D19,38.04376,-121.6148,2022-08-16,2022-08-16T18:30:00Z,0.05,<,0.05,<,0.055,=,2.11,=
DWR_EMP,D22,38.08453,-121.7391,2022-08-18,2022-08-18T18:05:00Z,0.05,<,0.102,=,0.062,=,2.1,=
DWR_EMP,D26,38.07664,-121.5669,2022-08-17,2022-08-17T15:50:00Z,0.05,<,0.068,=,0.05,<,2.24,=
DWR_EMP,D28A,37.97048,-121.573,2022-08-16,2022-08-16T19:30:00Z,0.05,<,0.051,=,0.06,=,3.9,=
DWR_EMP,D4,38.06248,-121.8205,2022-08-18,2022-08-18T17:00:00Z,0.054,=,0.163,=,0.08,=,1.89,=
DWR_EMP,D41,38.03022,-122.3729,2022-08-23,2022-08-23T20:05:00Z,0.05,<,0.05,<,0.061,=,56.2,=
DWR_EMP,D41A,38.08472,-122.3907,2022-08-23,2022-08-23T18:35:00Z,0.05,<,0.05,<,0.066,=,65.2,=
DWR_EMP,D6,38.04436,-122.1177,2022-08-19,2022-08-19T18:10:00Z,0.099,=,0.3,=,0.115,=,2.85,=
DWR_EMP,D7,38.11714,-122.0397,2022-08-22,2022-08-22T19:50:00Z,0.06,=,0.303,=,0.113,=,2.65,=
DWR_EMP,D8,38.05992,-121.99,2022-08-19,2022-08-19T19:10:00Z,0.069,=,0.244,=,0.102,=,2.18,=
DWR_EMP,MD10A,38.04226,-121.4199,2022-08-17,2022-08-17T17:20:00Z,0.05,<,0.05,<,0.074,=,1.96,=
DWR_EMP,NZ002,38.06529,-122.2152,2022-08-23,2022-08-23T21:10:00Z,0.05,<,0.237,=,0.103,=,19.5,=
DWR_EMP,NZ004,38.03576,-122.1616,2022-08-23,2022-08-23T21:25:00Z,0.07,=,0.282,=,0.111,=,11.7,=
DWR_EMP,NZ032,38.16991,-122.0211,2022-08-22,2022-08-22T22:15:00Z,0.05,<,0.332,=,0.112,=,2.9,=
DWR_EMP,NZ068,38.14272,-121.6895,2022-08-18,2022-08-18T19:15:00Z,0.05,<,0.079,=,0.05,<,3.06,=
DWR_EMP,NZ325,38.05798,-122.2919,2022-08-23,2022-08-23T20:50:00Z,0.05,<,0.139,=,0.093,=,49.8,=
DWR_EMP,NZS42,38.18045,-122.0476,2022-08-22,2022-08-22T21:10:00Z,0.05,<,0.379,=,0.116,=,3.49,=
DWR_EMP,P8,37.97817,-121.3823,2022-08-17,2022-08-17T18:55:00Z,0.05,<,0.806,=,0.26,=,4.12,=
DWR_EMP,EZ2,38.106818,-121.716593,2022-08-18,2022-08-18T18:35:00Z,0.05,<,0.089,=,0.057,=,2.34,=
DWR_EMP,EZ6,38.080313,-121.7589,2022-08-18,2022-08-18T17:50:00Z,0.05,<,0.113,=,0.072,=,2.49,=
DWR_EMP,EZ2-SJR,38.04419,-121.696307,2022-08-16,2022-08-16T16:45:00Z,0.05,<,0.068,=,0.062,=,2.29,=
DWR_EMP,EZ6-SJR,38.024423,-121.79298,2022-08-16,2022-08-16T15:50:00Z,0.05,<,0.105,=,0.069,=,2.47,=
DWR_EMP,C3A,38.36771,-121.5205,2022-08-15,2022-08-15T16:00:00Z,0.05,<,0.17,=,0.05,<,0.89,=
DWR_EMP,C10A,37.67934,-121.2647,2022-09-13,2022-09-13T19:30:00Z,0.05,<,0.126,=,0.05,<,2.01,=
DWR_EMP,C10A,37.67934,-121.2647,2022-10-12,2022-10-12T19:15:00Z,0.05,<,0.468,=,0.05,<,1.07,=
DWR_EMP,C10A,37.67934,-121.2647,2022-11-10,2022-11-10T20:45:00Z,0.05,<,0.882,=,0.05,<,3.51,=
DWR_EMP,C9,37.83095,-121.554,2022-09-13,2022-09-13T18:00:00Z,0.05,<,0.066,=,0.076,=,1.79,=
DWR_EMP,C9,37.83095,-121.554,2022-10-12,2022-10-12T18:05:00Z,0.05,<,0.062,=,0.066,=,1.41,=
DWR_EMP,C9,37.83095,-121.554,2022-11-10,2022-11-10T19:05:00Z,0.05,<,0.276,=,0.076,=,1.17,=
DWR_EMP,D10,38.04631,-121.9183,2022-09-19,2022-09-19T21:00:00Z,0.05,<,0.22,=,0.092,=,2.9,=
DWR_EMP,D10,38.04631,-121.9183,2022-10-18,2022-10-18T22:05:00Z,0.05,<,0.24,=,0.082,=,3.83,=
DWR_EMP,D10,38.04631,-121.9183,2022-11-17,2022-11-17T20:30:00Z,0.11,=,0.261,=,0.087,=,1.48,=
DWR_EMP,D12,38.02161,-121.8063,2022-09-14,2022-09-14T16:30:00Z,0.05,<,0.144,=,0.072,=,2.06,=
DWR_EMP,D12,38.02161,-121.8063,2022-10-13,2022-10-13T17:00:00Z,0.05,<,0.155,=,0.068,=,1.68,=
DWR_EMP,D12,38.02161,-121.8063,2022-11-14,2022-11-14T18:15:00Z,0.072,=,0.193,=,0.061,=,1.11,=
DWR_EMP,D16,38.0969,-121.6691,2022-09-15,2022-09-15T15:15:00Z,0.05,<,0.082,=,0.055,=,1.68,=
DWR_EMP,D16,38.0969,-121.6691,2022-10-13,2022-10-13T19:35:00Z,0.05,<,0.109,=,0.054,=,2.48,=
DWR_EMP,D16,38.0969,-121.6691,2022-11-15,2022-11-15T18:30:00Z,0.05,<,0.182,=,0.055,=,1.22,=
DWR_EMP,D19,38.04376,-121.6148,2022-09-14,2022-09-14T18:30:00Z,0.05,<,0.05,<,0.059,=,1.5,=
DWR_EMP,D19,38.04376,-121.6148,2022-10-13,2022-10-13T20:45:00Z,0.05,<,0.05,<,0.05,<,3.64,=
DWR_EMP,D19,38.04376,-121.6148,2022-11-14,2022-11-14T21:25:00Z,0.05,<,0.151,=,0.051,=,1.42,=
DWR_EMP,D22,38.08453,-121.7391,2022-09-30,2022-09-30T16:25:00Z,0.05,<,0.152,=,0.067,=,1.99,=
DWR_EMP,D22,38.08453,-121.7391,2022-10-17,2022-10-17T20:05:00Z,0.05,<,0.161,=,0.067,=,3.31,=
DWR_EMP,D22,38.08453,-121.7391,2022-11-16,2022-11-16T20:15:00Z,0.061,=,0.206,=,0.065,=,1.32,=
DWR_EMP,D26,38.07664,-121.5669,2022-09-15,2022-09-15T16:15:00Z,0.05,<,0.081,=,0.054,=,1.82,=
DWR_EMP,D26,38.07664,-121.5669,2022-10-14,2022-10-14T16:55:00Z,0.05,<,0.064,=,0.05,<,7.95,=
DWR_EMP,D26,38.07664,-121.5669,2022-11-15,2022-11-15T20:10:00Z,0.05,<,0.208,=,0.054,=,1.59,=
DWR_EMP,D28A,37.97048,-121.573,2022-09-14,2022-09-14T19:30:00Z,0.05,<,0.05,<,0.066,=,1.2,=
DWR_EMP,D28A,37.97048,-121.573,2022-10-13,2022-10-13T21:35:00Z,0.05,<,0.05,<,0.05,=,2,=
DWR_EMP,D28A,37.97048,-121.573,2022-11-14,2022-11-14T22:30:00Z,0.05,<,0.082,=,0.05,<,1.96,=
DWR_EMP,D4,38.06248,-121.8205,2022-09-30,2022-09-30T15:25:00Z,0.05,<,0.198,=,0.083,=,1.38,=
DWR_EMP,D4,38.06248,-121.8205,2022-10-17,2022-10-17T19:15:00Z,0.05,<,0.216,=,0.081,=,2.04,=
DWR_EMP,D4,38.06248,-121.8205,2022-11-16,2022-11-16T19:15:00Z,0.088,=,0.232,=,0.07,=,1.17,=
DWR_EMP,D41,38.03022,-122.3729,2022-09-21,2022-09-21T19:45:00Z,0.05,<,0.14,=,0.105,=,5.21,=
DWR_EMP,D41,38.03022,-122.3729,2022-10-20,2022-10-20T18:35:00Z,0.119,=,0.188,=,0.106,=,3.74,=
DWR_EMP,D41,38.03022,-122.3729,2022-11-21,2022-11-21T20:05:00Z,0.101,=,0.283,=,0.097,=,3.22,=
DWR_EMP,D41A,38.08472,-122.3907,2022-09-21,2022-09-21T18:00:00Z,0.05,<,0.16,=,0.117,=,4.09,=
DWR_EMP,D41A,38.08472,-122.3907,2022-10-20,2022-10-20T17:00:00Z,0.069,=,0.221,=,0.113,=,4.46,=
DWR_EMP,D41A,38.08472,-122.3907,2022-11-21,2022-11-21T18:30:00Z,0.1,=,0.289,=,0.094,=,2.14,=
DWR_EMP,D6,38.04436,-122.1177,2022-09-19,2022-09-19T19:20:00Z,0.059,=,0.256,=,0.117,=,1.53,=
DWR_EMP,D6,38.04436,-122.1177,2022-10-18,2022-10-18T20:00:00Z,0.099,=,0.277,=,0.11,=,2.71,=
DWR_EMP,D6,38.04436,-122.1177,2022-11-17,2022-11-17T18:40:00Z,0.132,=,0.299,=,0.097,=,1.53,=
DWR_EMP,D7,38.11714,-122.0397,2022-09-20,2022-09-20T19:25:00Z,0.05,<,0.263,=,0.103,=,1.09,=
DWR_EMP,D7,38.11714,-122.0397,2022-10-19,2022-10-19T18:50:00Z,0.056,=,0.297,=,0.101,=,1.7,=
DWR_EMP,D7,38.11714,-122.0397,2022-11-18,2022-11-18T18:10:00Z,0.128,=,0.29,=,0.088,=,2.02,=
DWR_EMP,D8,38.05992,-121.99,2022-09-19,2022-09-19T20:20:00Z,0.05,<,0.252,=,0.099,=,1.37,=
DWR_EMP,D8,38.05992,-121.99,2022-10-18,2022-10-18T21:15:00Z,0.05,<,0.271,=,0.091,=,2,=
DWR_EMP,D8,38.05992,-121.99,2022-11-17,2022-11-17T19:45:00Z,0.115,=,0.269,=,0.088,=,1.32,=
DWR_EMP,MD10A,38.04226,-121.4199,2022-09-15,2022-09-15T17:40:00Z,0.05,<,0.05,<,0.093,=,4.94,=
DWR_EMP,MD10A,38.04226,-121.4199,2022-10-14,2022-10-14T18:30:00Z,0.05,<,0.056,=,0.07,=,1.89,=
DWR_EMP,MD10A,38.04226,-121.4199,2022-11-15,2022-11-15T21:50:00Z,0.05,<,0.198,=,0.066,=,2.36,=
DWR_EMP,NZ002,38.06529,-122.2152,2022-09-21,2022-09-21T21:00:00Z,0.06,=,0.195,=,0.113,=,3.45,=
DWR_EMP,NZ002,38.06529,-122.2152,2022-10-20,2022-10-20T19:45:00Z,0.102,=,0.234,=,0.114,=,2.56,=
DWR_EMP,NZ002,38.06529,-122.2152,2022-11-21,2022-11-21T21:25:00Z,0.111,=,0.297,=,0.095,=,1.86,=
DWR_EMP,NZ004,38.03576,-122.1616,2022-09-21,2022-09-21T21:20:00Z,0.067,=,0.22,=,0.117,=,1.87,=
DWR_EMP,NZ004,38.03576,-122.1616,2022-10-20,2022-10-20T20:05:00Z,0.102,=,0.258,=,0.112,=,1.96,=
DWR_EMP,NZ004,38.03576,-122.1616,2022-11-21,2022-11-21T21:45:00Z,0.116,=,0.297,=,0.091,=,1.48,=
DWR_EMP,NZ032,38.16991,-122.0211,2022-09-20,2022-09-20T21:55:00Z,0.05,<,0.201,=,0.071,=,2.65,=
DWR_EMP,NZ032,38.16991,-122.0211,2022-10-19,2022-10-19T21:30:00Z,0.093,=,0.271,=,0.064,=,2.1,=
DWR_EMP,NZ032,38.16991,-122.0211,2022-11-18,2022-11-18T20:40:00Z,0.136,=,0.244,=,0.057,=,2.09,=
DWR_EMP,NZ068,38.14272,-121.6895,2022-09-30,2022-09-30T18:05:00Z,0.05,<,0.127,=,0.054,=,1.65,=
DWR_EMP,NZ068,38.14272,-121.6895,2022-10-17,2022-10-17T21:30:00Z,0.05,<,0.136,=,0.057,=,2.01,=
DWR_EMP,NZ068,38.14272,-121.6895,2022-11-16,2022-11-16T22:15:00Z,0.05,<,0.217,=,0.071,=,1.24,=
DWR_EMP,NZ325,38.05798,-122.2919,2022-09-21,2022-09-21T20:40:00Z,0.05,<,0.165,=,0.109,=,6.69,=
DWR_EMP,NZ325,38.05798,-122.2919,2022-10-20,2022-10-20T19:25:00Z,0.063,=,0.192,=,0.105,=,5.69,=
DWR_EMP,NZ325,38.05798,-122.2919,2022-11-21,2022-11-21T21:00:00Z,0.098,=,0.287,=,0.096,=,2.37,=
DWR_EMP,NZS42,38.18045,-122.0476,2022-09-20,2022-09-20T20:50:00Z,0.053,=,0.224,=,0.074,=,1.82,=
DWR_EMP,NZS42,38.18045,-122.0476,2022-10-19,2022-10-19T20:15:00Z,0.103,=,0.283,=,0.063,=,1.63,=
DWR_EMP,NZS42,38.18045,-122.0476,2022-11-18,2022-11-18T19:25:00Z,0.147,=,0.257,=,0.063,=,0.99,=
DWR_EMP,P8,37.97817,-121.3823,2022-09-15,2022-09-15T19:25:00Z,0.061,=,1.03,=,0.349,=,4.05,=
DWR_EMP,P8,37.97817,-121.3823,2022-10-14,2022-10-14T20:35:00Z,0.07,=,1.06,=,0.366,=,2.48,=
DWR_EMP,P8,37.97817,-121.3823,2022-11-15,2022-11-16T00:00:00Z,0.061,=,0.8,=,0.123,=,1.66,=
DWR_EMP,EZ2,38.128298,-121.696146,2022-09-30,2022-09-30T17:20:00Z,0.05,<,0.128,=,0.055,=,2.73,=
DWR_EMP,EZ2,38.131188,-121.69479,2022-10-17,2022-10-17T21:00:00Z,0.05,<,0.145,=,0.06,=,1.7,=
DWR_EMP,EZ2,38.12801,-121.69573,2022-11-16,2022-11-16T21:40:00Z,0.05,<,0.208,=,0.064,=,1.15,=
DWR_EMP,EZ6,38.086423,-121.746951,2022-09-30,2022-09-30T16:25:00Z,0.05,<,0.145,=,0.067,=,2.2,=
DWR_EMP,EZ6,38.08693,-121.74677,2022-10-17,2022-10-17T20:05:00Z,0.05,<,0.164,=,0.068,=,2.71,=
DWR_EMP,EZ6,38.08668,-121.74859,2022-11-16,2022-11-16T20:15:00Z,0.062,=,0.207,=,0.069,=,1.27,=
DWR_EMP,EZ2-SJR,38.07847,-121.6781,2022-10-13,2022-10-13T19:00:00Z,0.05,<,0.117,=,0.056,=,2.13,=
DWR_EMP,EZ2-SJR,38.05247,-121.689591,2022-11-14,2022-11-14T20:20:00Z,0.05,<,0.166,=,0.053,=,1.69,=
DWR_EMP,EZ6-SJR,38.02796,-121.7621,2022-10-13,2022-10-13T17:55:00Z,0.05,<,0.131,=,0.064,=,1.85,=
DWR_EMP,EZ6-SJR,38.02544,-121.781581,2022-11-14,2022-11-14T19:00:00Z,0.064,=,0.197,=,0.062,=,1.09,=
DWR_EMP,C3A,38.36771,-121.5205,2022-09-13,2022-09-13T16:00:00Z,0.05,<,0.201,=,0.05,<,0.84,=
DWR_EMP,C3A,38.36771,-121.5205,2022-10-12,2022-10-12T16:15:00Z,0.05,<,0.237,=,0.05,<,0.7,=
DWR_EMP,C3A,38.36771,-121.5205,2022-11-10,2022-11-10T17:15:00Z,0.05,<,0.285,=,0.079,=,0.53,=
DWR_NCRO,BET,38.033354,-121.61984,2022-02-03,2022-02-03T20:01:00Z,0.05,<,0.698,=,0.05,<,2.89,=
DWR_NCRO,BET,38.033354,-121.61984,2022-03-15,2022-03-15T18:37:00Z,NA,=,NA,=,NA,=,3.28,=
DWR_NCRO,BET,38.033354,-121.61984,2022-04-19,2022-04-19T18:13:00Z,0.05,<,0.164,=,0.05,<,5.29,=
DWR_NCRO,BET,38.033354,-121.61984,2022-05-20,2022-05-20T18:54:00Z,0.05,<,0.05,<,0.05,<,5.23,=
DWR_NCRO,BET,38.033354,-121.61984,2022-06-21,2022-06-21T18:58:00Z,0.05,<,0.05,<,0.058,=,1.17,=
DWR_NCRO,BET,38.033354,-121.61984,2022-07-26,2022-07-26T20:30:00Z,0.05,<,0.05,<,0.075,=,91.1,=
DWR_NCRO,BET,38.033354,-121.61984,2022-09-01,2022-09-01T18:50:00Z,0.052,=,0.05,<,0.05,<,1.46,=
DWR_NCRO,BET,38.033354,-121.61984,2022-10-06,2022-10-06T18:10:00Z,0.05,<,0.05,<,0.05,<,2.2,=
DWR_NCRO,BET,38.033354,-121.61984,2022-11-03,2022-11-03T18:28:00Z,0.05,<,0.05,<,0.05,<,2.56,=
DWR_NCRO,BET,38.033354,-121.61984,2022-12-01,2022-12-01T19:02:00Z,0.05,<,0.183,=,0.05,<,1.38,=
DWR_NCRO,FAL,38.055469,-121.667129,2022-01-06,2022-01-06T19:00:00Z,0.067,=,0.989,=,0.087,=,1.1,=
DWR_NCRO,FAL,38.055469,-121.667129,2022-02-22,2022-02-22T19:26:00Z,0.05,<,0.432,=,0.054,=,1.73,=
DWR_NCRO,FAL,38.055469,-121.667129,2022-03-24,2022-03-24T18:01:00Z,0.05,<,0.251,=,0.05,=,3.22,=
DWR_NCRO,FAL,38.055469,-121.667129,2022-04-26,2022-04-26T18:27:00Z,0.05,<,0.201,=,0.055,=,1.18,=
DWR_NCRO,FAL,38.055469,-121.667129,2022-05-24,2022-05-24T18:27:00Z,0.05,<,0.175,=,0.059,=,1.49,=
DWR_NCRO,FAL,38.055469,-121.667129,2022-06-28,2022-06-28T17:35:00Z,0.05,<,0.121,=,0.067,=,0.92,=
DWR_NCRO,FAL,38.055469,-121.667129,2022-07-26,2022-07-26T17:13:00Z,0.05,<,0.054,=,0.068,=,1.95,=
DWR_NCRO,FAL,38.055469,-121.667129,2022-08-31,2022-08-31T17:37:00Z,0.05,<,0.062,=,0.056,=,1.72,=
DWR_NCRO,FAL,38.055469,-121.667129,2022-09-26,2022-09-26T17:51:00Z,0.05,<,0.085,=,0.057,=,1.52,=
DWR_NCRO,FAL,38.055469,-121.667129,2022-10-25,2022-10-25T16:09:00Z,0.05,<,0.077,=,0.05,<,1.51,=
DWR_NCRO,FAL,38.055469,-121.667129,2022-11-30,2022-11-30T18:41:00Z,0.05,<,0.218,=,0.058,=,1.45,=
DWR_NCRO,FCT,38.065612,-121.647933,2022-01-06,2022-01-06T18:27:00Z,0.093,=,0.985,=,0.091,=,0.7,=
DWR_NCRO,FCT,38.065612,-121.647933,2022-02-22,2022-02-22T18:47:00Z,0.05,<,0.437,=,0.055,=,1.68,=
DWR_NCRO,FCT,38.065612,-121.647933,2022-03-24,2022-03-24T18:31:00Z,0.05,<,0.257,=,0.05,<,3.08,=
DWR_NCRO,FCT,38.065612,-121.647933,2022-04-26,2022-04-26T19:08:00Z,0.05,<,0.213,=,0.054,=,1.06,=
DWR_NCRO,FCT,38.065612,-121.647933,2022-05-24,2022-05-24T19:03:00Z,0.05,<,0.167,=,0.058,=,1.3,=
DWR_NCRO,FCT,38.065612,-121.647933,2022-06-28,2022-06-28T16:56:00Z,0.05,<,0.084,=,0.068,=,0.82,=
DWR_NCRO,FCT,38.065612,-121.647933,2022-07-26,2022-07-26T16:41:00Z,0.05,<,0.05,<,0.062,=,3.62,=
DWR_NCRO,FCT,38.065612,-121.647933,2022-08-31,2022-08-31T16:56:00Z,0.05,<,0.061,=,0.054,=,1.8,=
DWR_NCRO,FCT,38.065612,-121.647933,2022-09-26,2022-09-26T17:21:00Z,0.05,<,0.075,=,0.054,=,1.46,=
DWR_NCRO,FCT,38.065612,-121.647933,2022-10-25,2022-10-25T16:40:00Z,0.05,<,0.064,=,0.05,<,1.25,=
DWR_NCRO,FCT,38.065612,-121.647933,2022-11-30,2022-11-30T19:19:00Z,0.05,<,0.22,=,0.054,=,1.25,=
DWR_NCRO,GLE,37.82025,-121.434861,2022-01-12,2022-01-12T19:12:00Z,NA,=,1.89,=,NA,=,0.5,<
DWR_NCRO,GLE,37.82025,-121.434861,2022-03-01,2022-03-01T20:34:00Z,NA,=,0.967,=,NA,=,1.05,=
DWR_NCRO,GLE,37.82025,-121.434861,2022-04-07,2022-04-07T19:02:00Z,NA,=,1.09,=,NA,=,1.23,=
DWR_NCRO,GLE,37.82025,-121.434861,2022-05-03,2022-05-03T17:37:00Z,NA,=,0.652,=,NA,=,0.5,<
DWR_NCRO,GLE,37.82025,-121.434861,2022-05-31,2022-05-31T17:54:00Z,NA,=,0.762,=,NA,=,1.5,=
DWR_NCRO,GLE,37.82025,-121.434861,2022-08-02,2022-08-02T18:04:00Z,NA,=,0.284,=,NA,=,1.11,=
DWR_NCRO,GLE,37.82025,-121.434861,2022-09-13,2022-09-13T17:11:00Z,NA,=,0.436,=,NA,=,1.86,=
DWR_NCRO,GLE,37.82025,-121.434861,2022-10-17,2022-10-17T18:46:00Z,NA,=,1.72,=,NA,=,1.06,=
DWR_NCRO,GLE,37.82025,-121.434861,2022-12-02,2022-12-02T18:58:00Z,NA,=,1.07,=,NA,=,2.66,=
DWR_NCRO,GLE,37.82025,-121.434861,2022-01-05,2022-01-05T21:05:00Z,NA,=,NA,=,NA,=,0.84,=
DWR_NCRO,GLE,37.82025,-121.434861,2022-02-02,2022-02-02T19:28:00Z,NA,=,NA,=,NA,=,0.83,=
DWR_NCRO,GLE,37.82025,-121.434861,2022-03-08,2022-03-08T17:58:00Z,NA,=,NA,=,NA,=,2.08,=
DWR_NCRO,GLE,37.82025,-121.434861,2022-04-05,2022-04-05T17:32:00Z,NA,=,NA,=,NA,=,1.3,=
DWR_NCRO,GLE,37.82025,-121.434861,2022-05-04,2022-05-04T16:15:00Z,NA,=,NA,=,NA,=,1.14,=
DWR_NCRO,GLE,37.82025,-121.434861,2022-06-02,2022-06-02T17:49:00Z,NA,=,NA,=,NA,=,1.97,=
DWR_NCRO,GLE,37.82025,-121.434861,2022-07-05,2022-07-05T20:20:00Z,NA,=,NA,=,NA,=,3.83,=
DWR_NCRO,GLE,37.82025,-121.434861,2022-08-03,2022-08-03T17:03:00Z,NA,=,NA,=,NA,=,6.48,=
DWR_NCRO,GLE,37.82025,-121.434861,2022-09-13,2022-09-13T18:10:00Z,NA,=,NA,=,NA,=,1.58,=
DWR_NCRO,GLE,37.82025,-121.434861,2022-10-05,2022-10-05T17:12:00Z,NA,=,NA,=,NA,=,1.06,=
DWR_NCRO,GLE,37.82025,-121.434861,2022-11-02,2022-11-02T18:58:00Z,NA,=,NA,=,NA,=,1.02,=
DWR_NCRO,GLE,37.82025,-121.434861,2022-12-13,2022-12-13T18:13:00Z,NA,=,NA,=,NA,=,0.65,=
DWR_NCRO,HOL,38.015821,-121.582124,2022-01-19,2022-01-19T20:45:00Z,0.057,=,0.939,=,0.072,=,0.99,=
DWR_NCRO,HOL,38.015821,-121.582124,2022-03-09,2022-03-09T19:55:00Z,0.05,<,0.343,=,0.05,<,3.62,=
DWR_NCRO,HOL,38.015821,-121.582124,2022-04-19,2022-04-19T20:05:00Z,0.05,<,0.215,=,0.053,=,1.32,=
DWR_NCRO,HOL,38.015821,-121.582124,2022-05-12,2022-05-12T20:08:00Z,0.05,<,0.126,=,0.05,=,0.97,=
DWR_NCRO,HOL,38.015821,-121.582124,2022-06-07,2022-06-07T18:56:00Z,0.05,<,0.089,=,0.064,=,1.97,=
DWR_NCRO,HOL,38.015821,-121.582124,2022-07-13,2022-07-13T18:42:00Z,0.05,<,0.05,<,0.071,=,1.6,=
DWR_NCRO,HOL,38.015821,-121.582124,2022-08-23,2022-08-23T18:37:00Z,0.05,<,0.05,<,0.066,=,6.54,=
DWR_NCRO,HOL,38.015821,-121.582124,2022-10-13,2022-10-13T18:48:00Z,0.05,<,0.05,<,0.05,<,2.11,=
DWR_NCRO,HOL,38.015821,-121.582124,2022-11-09,2022-11-09T19:50:00Z,0.05,<,0.073,=,0.05,<,1.28,=
DWR_NCRO,HOL,38.015821,-121.582124,2022-12-08,2022-12-08T20:42:00Z,0.064,=,0.179,=,0.05,<,0.9,=
DWR_NCRO,MHR,37.877,-121.384,2022-01-04,2022-01-04T17:15:00Z,NA,=,NA,=,NA,=,1.31,=
DWR_NCRO,MHR,37.877,-121.384,2022-02-08,2022-02-08T16:51:00Z,NA,=,NA,=,NA,=,3.25,=
DWR_NCRO,MHR,37.877,-121.384,2022-03-15,2022-03-15T16:13:00Z,NA,=,NA,=,NA,=,1.67,=
DWR_NCRO,MHR,37.877,-121.384,2022-04-19,2022-04-19T16:04:00Z,NA,=,NA,=,NA,=,2.43,=
DWR_NCRO,MHR,37.877,-121.384,2022-05-18,2022-05-18T15:58:00Z,NA,=,NA,=,NA,=,2.13,=
DWR_NCRO,MHR,37.877,-121.384,2022-06-21,2022-06-21T16:28:00Z,NA,=,NA,=,NA,=,1.73,=
DWR_NCRO,MHR,37.877,-121.384,2022-07-28,2022-07-28T16:45:00Z,NA,=,NA,=,NA,=,1.82,=
DWR_NCRO,MHR,37.877,-121.384,2022-08-16,2022-08-16T17:44:00Z,NA,=,NA,=,NA,=,2.43,=
DWR_NCRO,MHR,37.877,-121.384,2022-09-14,2022-09-14T16:14:00Z,NA,=,NA,=,NA,=,1.47,=
DWR_NCRO,MHR,37.877,-121.384,2022-10-19,2022-10-19T17:00:00Z,NA,=,NA,=,NA,=,1.41,=
DWR_NCRO,MHR,37.877,-121.384,2022-11-15,2022-11-15T17:19:00Z,NA,=,NA,=,NA,=,0.88,=
DWR_NCRO,MHR,37.877,-121.384,2022-12-07,2022-12-07T17:17:00Z,NA,=,NA,=,NA,=,1.01,=
DWR_NCRO,MRU,37.8339408,-121.3857561,2022-01-04,2022-01-04T18:15:00Z,NA,=,NA,=,NA,=,7.93,=
DWR_NCRO,MRU,37.8339408,-121.3857561,2022-02-08,2022-02-08T18:06:00Z,NA,=,NA,=,NA,=,1.19,=
DWR_NCRO,MRU,37.8339408,-121.3857561,2022-03-15,2022-03-15T17:12:00Z,NA,=,NA,=,NA,=,1.38,=
DWR_NCRO,MRU,37.8339408,-121.3857561,2022-04-19,2022-04-19T17:01:00Z,NA,=,NA,=,NA,=,2.97,=
DWR_NCRO,MRU,37.8339408,-121.3857561,2022-05-18,2022-05-18T16:50:00Z,NA,=,NA,=,NA,=,1.21,=
DWR_NCRO,MRU,37.8339408,-121.3857561,2022-06-21,2022-06-21T17:13:00Z,NA,=,NA,=,NA,=,2.14,=
DWR_NCRO,MRU,37.8339408,-121.3857561,2022-07-28,2022-07-28T17:35:00Z,NA,=,NA,=,NA,=,4.31,=
DWR_NCRO,MRU,37.8339408,-121.3857561,2022-08-16,2022-08-16T16:28:00Z,NA,=,NA,=,NA,=,3.37,=
DWR_NCRO,MRU,37.8339408,-121.3857561,2022-09-14,2022-09-14T17:03:00Z,NA,=,NA,=,NA,=,6.97,=
DWR_NCRO,MRU,37.8339408,-121.3857561,2022-10-19,2022-10-19T17:34:00Z,NA,=,NA,=,NA,=,0.72,=
DWR_NCRO,MRU,37.8339408,-121.3857561,2022-11-15,2022-11-15T17:47:00Z,NA,=,NA,=,NA,=,0.68,=
DWR_NCRO,MRU,37.8339408,-121.3857561,2022-12-07,2022-12-07T18:18:00Z,NA,=,NA,=,NA,=,2.29,=
DWR_NCRO,HLT,38.003081,-121.510933,2022-01-19,2022-01-19T19:25:00Z,NA,=,NA,=,NA,=,0.5,<
DWR_NCRO,HLT,38.003081,-121.510933,2022-02-15,2022-02-15T19:01:00Z,NA,=,NA,=,NA,=,1.67,=
DWR_NCRO,HLT,38.003081,-121.510933,2022-03-09,2022-03-09T18:28:00Z,NA,=,NA,=,NA,=,1.55,=
DWR_NCRO,HLT,38.003081,-121.510933,2022-04-19,2022-04-19T18:43:00Z,NA,=,NA,=,NA,=,1.21,=
DWR_NCRO,HLT,38.003081,-121.510933,2022-05-12,2022-05-12T21:28:00Z,0.05,<,0.263,=,0.058,=,1.28,=
DWR_NCRO,HLT,38.003081,-121.510933,2022-06-07,2022-06-07T20:25:00Z,0.05,<,0.14,=,0.083,=,1.23,=
DWR_NCRO,HLT,38.003081,-121.510933,2022-07-13,2022-07-13T17:26:00Z,0.05,<,0.078,=,0.079,=,0.99,=
DWR_NCRO,HLT,38.003081,-121.510933,2022-08-23,2022-08-23T17:15:00Z,0.05,<,0.05,<,0.064,=,1.59,=
DWR_NCRO,HLT,38.003081,-121.510933,2022-10-13,2022-10-13T17:32:00Z,0.05,<,0.05,<,0.052,=,3.05,=
DWR_NCRO,HLT,38.003081,-121.510933,2022-11-09,2022-11-09T18:52:00Z,0.05,<,0.192,=,0.064,=,1.22,=
DWR_NCRO,HLT,38.003081,-121.510933,2022-12-08,2022-12-08T19:20:00Z,0.05,<,0.272,=,0.05,<,1.09,=
DWR_NCRO,MRX,37.881425,-121.467399,2022-01-04,2022-01-04T20:15:00Z,NA,=,NA,=,NA,=,1.02,=
DWR_NCRO,MRX,37.881425,-121.467399,2022-02-08,2022-02-08T20:28:00Z,NA,=,NA,=,NA,=,0.5,<
DWR_NCRO,MRX,37.881425,-121.467399,2022-03-15,2022-03-15T19:14:00Z,NA,=,NA,=,NA,=,1.18,=
DWR_NCRO,MRX,37.881425,-121.467399,2022-04-19,2022-04-19T19:15:00Z,NA,=,NA,=,NA,=,1.13,=
DWR_NCRO,MRX,37.881425,-121.467399,2022-05-18,2022-05-18T18:59:00Z,NA,=,NA,=,NA,=,2.2,=
DWR_NCRO,MRX,37.881425,-121.467399,2022-06-21,2022-06-21T17:57:00Z,NA,=,NA,=,NA,=,1.48,=
DWR_NCRO,MRX,37.881425,-121.467399,2022-07-28,2022-07-28T18:30:00Z,NA,=,NA,=,NA,=,1.42,=
DWR_NCRO,MRX,37.881425,-121.467399,2022-08-16,2022-08-16T15:45:00Z,NA,=,NA,=,NA,=,1.63,=
DWR_NCRO,MRX,37.881425,-121.467399,2022-09-14,2022-09-14T17:45:00Z,NA,=,NA,=,NA,=,1.31,=
DWR_NCRO,MRX,37.881425,-121.467399,2022-10-19,2022-10-19T18:15:00Z,NA,=,NA,=,NA,=,0.82,=
DWR_NCRO,MRX,37.881425,-121.467399,2022-11-15,2022-11-15T18:28:00Z,NA,=,NA,=,NA,=,0.72,=
DWR_NCRO,MRX,37.881425,-121.467399,2022-12-07,2022-12-07T19:01:00Z,NA,=,NA,=,NA,=,1.08,=
DWR_NCRO,MIR,38.2360319,-121.6660681,2022-01-13,2022-01-13T19:02:00Z,0.05,<,0.405,=,0.05,<,0.59,=
DWR_NCRO,MIR,38.2360319,-121.6660681,2022-02-17,2022-02-17T19:01:00Z,0.05,<,0.18,=,0.05,<,0.66,=
DWR_NCRO,MIR,38.2360319,-121.6660681,2022-03-17,2022-03-17T18:04:00Z,0.05,<,0.129,=,0.05,<,1.13,=
DWR_NCRO,MIR,38.2360319,-121.6660681,2022-04-28,2022-04-28T17:19:00Z,0.05,<,0.213,=,0.05,<,0.54,=
DWR_NCRO,MIR,38.2360319,-121.6660681,2022-06-10,2022-06-10T17:59:00Z,0.05,<,0.185,=,0.107,=,0.92,=
DWR_NCRO,MIR,38.2360319,-121.6660681,2022-07-28,2022-07-28T18:32:00Z,0.05,<,0.083,=,0.05,<,1.19,=
DWR_NCRO,MIR,38.2360319,-121.6660681,2022-08-18,2022-08-18T18:42:00Z,0.05,<,0.083,=,0.05,<,0.99,=
DWR_NCRO,MIR,38.2360319,-121.6660681,2022-09-20,2022-09-20T18:10:00Z,0.05,<,0.112,=,0.05,<,0.73,=
DWR_NCRO,MIR,38.2360319,-121.6660681,2022-10-20,2022-10-20T17:57:00Z,0.05,<,0.212,=,0.05,<,0.5,<
DWR_NCRO,MIR,38.2360319,-121.6660681,2022-11-17,2022-11-17T19:46:00Z,0.05,<,0.225,=,0.074,=,0.72,=
DWR_NCRO,MIR,38.2360319,-121.6660681,2022-12-20,2022-12-20T19:55:00Z,0.05,<,0.662,=,0.061,=,1.45,=
DWR_NCRO,ORI,37.8318014,-121.5351036,2022-01-11,2022-01-11T18:25:00Z,NA,=,NA,=,NA,=,0.5,<
DWR_NCRO,ORI,37.8318014,-121.5351036,2022-02-08,2022-02-08T18:04:00Z,NA,=,NA,=,NA,=,0.81,=
DWR_NCRO,ORI,37.8318014,-121.5351036,2022-03-08,2022-03-08T18:29:00Z,NA,=,NA,=,NA,=,1.14,=
DWR_NCRO,ORI,37.8318014,-121.5351036,2022-04-12,2022-04-12T18:35:00Z,NA,=,NA,=,NA,=,1.13,=
DWR_NCRO,ORI,37.8318014,-121.5351036,2022-05-10,2022-05-10T17:45:00Z,NA,=,NA,=,NA,=,0.9,=
DWR_NCRO,ORI,37.8318014,-121.5351036,2022-06-06,2022-06-06T17:17:00Z,NA,=,NA,=,NA,=,0.76,=
DWR_NCRO,ORI,37.8318014,-121.5351036,2022-07-12,2022-07-12T17:14:00Z,NA,=,NA,=,NA,=,2.64,=
DWR_NCRO,ORI,37.8318014,-121.5351036,2022-08-09,2022-08-09T18:35:00Z,NA,=,NA,=,NA,=,2.54,=
DWR_NCRO,ORI,37.8318014,-121.5351036,2022-09-13,2022-09-13T20:12:00Z,NA,=,NA,=,NA,=,1.34,=
DWR_NCRO,ORI,37.8318014,-121.5351036,2022-10-10,2022-10-10T17:33:00Z,NA,=,NA,=,NA,=,1.36,=
DWR_NCRO,ORI,37.8318014,-121.5351036,2022-11-08,2022-11-08T19:27:00Z,NA,=,NA,=,NA,=,1.65,=
DWR_NCRO,ORI,37.8318014,-121.5351036,2022-12-13,2022-12-13T18:41:00Z,NA,=,NA,=,NA,=,0.82,=
DWR_NCRO,OBD,37.810963,-121.543938,2022-02-02,2022-02-02T18:45:00Z,NA,=,NA,=,NA,=,0.5,<
DWR_NCRO,OBD,37.810963,-121.543938,2022-03-08,2022-03-08T20:50:00Z,NA,=,NA,=,NA,=,1.09,=
DWR_NCRO,OBD,37.810963,-121.543938,2022-04-05,2022-04-05T18:05:00Z,NA,=,NA,=,NA,=,1.45,=
DWR_NCRO,OBD,37.810963,-121.543938,2022-05-04,2022-05-04T18:17:00Z,NA,=,NA,=,NA,=,1.37,=
DWR_NCRO,OBD,37.810963,-121.543938,2022-06-02,2022-06-02T17:12:00Z,NA,=,NA,=,NA,=,1.15,=
DWR_NCRO,OBD,37.810963,-121.543938,2022-07-05,2022-07-05T19:46:00Z,NA,=,NA,=,NA,=,3.76,=
DWR_NCRO,OBD,37.810963,-121.543938,2022-08-03,2022-08-03T17:33:00Z,NA,=,NA,=,NA,=,4.66,=
DWR_NCRO,OBD,37.810963,-121.543938,2022-09-13,2022-09-13T19:43:00Z,NA,=,NA,=,NA,=,1.72,=
DWR_NCRO,OBD,37.810963,-121.543938,2022-10-05,2022-10-05T17:46:00Z,NA,=,NA,=,NA,=,0.76,=
DWR_NCRO,OBD,37.810963,-121.543938,2022-11-02,2022-11-02T18:20:00Z,NA,=,NA,=,NA,=,1.12,=
DWR_NCRO,OBD,37.810963,-121.543938,2022-12-13,2022-12-13T20:13:00Z,NA,=,NA,=,NA,=,0.79,=
DWR_NCRO,ORM,37.7938408,-121.5173813,2022-01-05,2022-01-05T18:55:00Z,NA,=,NA,=,NA,=,0.88,=
DWR_NCRO,ORM,37.7938408,-121.5173813,2022-02-02,2022-02-02T18:16:00Z,NA,=,NA,=,NA,=,1.96,=
DWR_NCRO,ORM,37.7938408,-121.5173813,2022-03-08,2022-03-08T20:20:00Z,NA,=,NA,=,NA,=,1.12,=
DWR_NCRO,ORM,37.7938408,-121.5173813,2022-04-05,2022-04-05T18:32:00Z,NA,=,NA,=,NA,=,1.6,=
DWR_NCRO,ORM,37.7938408,-121.5173813,2022-05-04,2022-05-04T17:41:00Z,NA,=,NA,=,NA,=,1.06,=
DWR_NCRO,ORM,37.7938408,-121.5173813,2022-06-02,2022-06-02T16:31:00Z,NA,=,NA,=,NA,=,1.18,=
DWR_NCRO,ORM,37.7938408,-121.5173813,2022-07-05,2022-07-05T19:02:00Z,NA,=,NA,=,NA,=,1.83,=
DWR_NCRO,ORM,37.7938408,-121.5173813,2022-08-03,2022-08-03T18:05:00Z,NA,=,NA,=,NA,=,2,=
DWR_NCRO,ORM,37.7938408,-121.5173813,2022-09-13,2022-09-13T19:03:00Z,NA,=,NA,=,NA,=,2.76,=
DWR_NCRO,ORM,37.7938408,-121.5173813,2022-10-05,2022-10-05T18:18:00Z,NA,=,NA,=,NA,=,1.66,=
DWR_NCRO,ORM,37.7938408,-121.5173813,2022-11-02,2022-11-02T17:50:00Z,NA,=,NA,=,NA,=,1.24,=
DWR_NCRO,ORM,37.7938408,-121.5173813,2022-12-13,2022-12-13T20:41:00Z,NA,=,NA,=,NA,=,0.71,=
DWR_NCRO,OSJ,38.071247,-121.578382,2022-01-04,2022-01-04T19:00:00Z,NA,=,1.12,=,NA,=,3.59,=
DWR_NCRO,OSJ,38.071247,-121.578382,2022-02-08,2022-02-08T19:00:00Z,NA,=,0.594,=,NA,=,15.4,=
DWR_NCRO,OSJ,38.071247,-121.578382,2022-03-15,2022-03-15T17:59:00Z,NA,=,0.567,=,NA,=,2.03,=
DWR_NCRO,OSJ,38.071247,-121.578382,2022-04-19,2022-04-19T17:49:00Z,NA,=,0.537,=,NA,=,1.42,=
DWR_NCRO,OSJ,38.071247,-121.578382,2022-05-18,2022-05-18T17:35:00Z,NA,=,0.318,=,NA,=,1.25,=
DWR_NCRO,OSJ,38.071247,-121.578382,2022-06-21,2022-06-21T18:45:00Z,NA,=,0.05,<,NA,=,16.2,=
DWR_NCRO,OSJ,38.071247,-121.578382,2022-07-28,2022-07-28T19:23:00Z,NA,=,0.05,<,NA,=,1.62,=
DWR_NCRO,OSJ,38.071247,-121.578382,2022-08-16,2022-08-16T18:28:00Z,NA,=,0.05,<,NA,=,8.54,=
DWR_NCRO,OSJ,38.071247,-121.578382,2022-09-14,2022-09-14T18:14:00Z,NA,=,0.055,=,NA,=,3.49,=
DWR_NCRO,OSJ,38.071247,-121.578382,2022-10-19,2022-10-19T18:58:00Z,NA,=,0.112,=,NA,=,12.5,=
DWR_NCRO,OSJ,38.071247,-121.578382,2022-11-15,2022-11-15T19:13:00Z,NA,=,0.756,=,NA,=,7.32,=
DWR_NCRO,OSJ,38.071247,-121.578382,2022-12-07,2022-12-07T19:32:00Z,NA,=,0.923,=,NA,=,7.65,=
DWR_NCRO,OH1,37.807595,-121.331218,2022-01-12,2022-01-12T18:17:00Z,NA,=,1.61,=,NA,=,1.05,=
DWR_NCRO,OH1,37.807595,-121.331218,2022-03-01,2022-03-01T19:30:00Z,NA,=,0.737,=,NA,=,1.14,=
DWR_NCRO,OH1,37.807595,-121.331218,2022-04-07,2022-04-07T20:00:00Z,NA,=,0.861,=,NA,=,1.88,=
DWR_NCRO,OH1,37.807595,-121.331218,2022-05-03,2022-05-03T16:27:00Z,NA,=,0.428,=,NA,=,0.5,<
DWR_NCRO,OH1,37.807595,-121.331218,2022-05-31,2022-05-31T16:44:00Z,NA,=,0.219,=,NA,=,0.82,=
DWR_NCRO,OH1,37.807595,-121.331218,2022-06-29,2022-06-29T16:48:00Z,NA,=,0.144,=,NA,=,1.05,=
DWR_NCRO,OH1,37.807595,-121.331218,2022-08-02,2022-08-02T16:34:00Z,NA,=,0.981,=,NA,=,2.05,=
DWR_NCRO,OH1,37.807595,-121.331218,2022-09-07,2022-09-07T15:05:00Z,NA,=,0.05,<,NA,=,33.9,=
DWR_NCRO,OH1,37.807595,-121.331218,2022-10-17,2022-10-17T17:30:00Z,NA,=,0.701,=,NA,=,0.5,<
DWR_NCRO,OH1,37.807595,-121.331218,2022-12-02,2022-12-02T18:01:00Z,NA,=,1.05,=,NA,=,1.07,=
DWR_NCRO,OBI,37.968979,-121.572694,2022-05-12,2022-05-12T19:14:00Z,NA,=,NA,=,NA,=,1.06,=
DWR_NCRO,OBI,37.968979,-121.572694,2022-06-07,2022-06-07T17:54:00Z,NA,=,NA,=,NA,=,1.32,=
DWR_NCRO,OBI,37.968979,-121.572694,2022-07-13,2022-07-13T19:45:00Z,NA,=,NA,=,NA,=,1.56,=
DWR_NCRO,OBI,37.968979,-121.572694,2022-08-23,2022-08-23T19:17:00Z,NA,=,NA,=,NA,=,2.52,=
DWR_NCRO,OBI,37.968979,-121.572694,2022-10-13,2022-10-13T20:11:00Z,NA,=,NA,=,NA,=,1.21,=
DWR_NCRO,OBI,37.968979,-121.572694,2022-11-09,2022-11-09T20:20:00Z,NA,=,NA,=,NA,=,1.23,=
DWR_NCRO,OBI,37.968979,-121.572694,2022-12-08,2022-12-08T21:32:00Z,NA,=,NA,=,NA,=,0.88,=
DWR_NCRO,ORX,37.8109972,-121.386575,2022-01-12,2022-01-12T18:46:00Z,NA,=,1.63,=,NA,=,0.72,=
DWR_NCRO,ORX,37.8109972,-121.386575,2022-03-01,2022-03-01T20:01:00Z,NA,=,0.75,=,NA,=,0.99,=
DWR_NCRO,ORX,37.8109972,-121.386575,2022-04-07,2022-04-07T19:30:00Z,NA,=,1,=,NA,=,1.77,=
DWR_NCRO,ORX,37.8109972,-121.386575,2022-05-03,2022-05-03T17:05:00Z,NA,=,0.488,=,NA,=,0.5,<
DWR_NCRO,ORX,37.8109972,-121.386575,2022-05-31,2022-05-31T17:21:00Z,NA,=,0.284,=,NA,=,0.83,=
DWR_NCRO,ORX,37.8109972,-121.386575,2022-06-29,2022-06-29T17:57:00Z,NA,=,0.098,=,NA,=,1.39,=
DWR_NCRO,ORX,37.8109972,-121.386575,2022-08-02,2022-08-02T17:31:00Z,NA,=,2.74,=,NA,=,3.92,=
DWR_NCRO,ORX,37.8109972,-121.386575,2022-09-07,2022-09-07T15:55:00Z,NA,=,2.97,=,NA,=,1.25,=
DWR_NCRO,ORX,37.8109972,-121.386575,2022-10-17,2022-10-17T18:13:00Z,NA,=,0.447,=,NA,=,0.8,=
DWR_NCRO,ORX,37.8109972,-121.386575,2022-12-02,2022-12-02T18:32:00Z,NA,=,0.961,=,NA,=,1.22,=
DWR_NCRO,OSJ,38.071247,-121.578382,2022-01-06,2022-01-06T19:42:00Z,0.087,=,1.07,=,0.115,=,0.5,<
DWR_NCRO,OSJ,38.071247,-121.578382,2022-03-24,2022-03-24T19:11:00Z,0.05,<,0.289,=,0.05,<,1.64,=
DWR_NCRO,OSJ,38.071247,-121.578382,2022-04-26,2022-04-26T17:49:00Z,0.05,<,0.127,=,0.05,<,2.5,=
DWR_NCRO,OSJ,38.071247,-121.578382,2022-05-24,2022-05-24T17:14:00Z,0.05,<,0.126,=,0.052,=,2.48,=
DWR_NCRO,OSJ,38.071247,-121.578382,2022-06-28,2022-06-28T18:14:00Z,0.05,<,0.05,<,0.065,=,0.74,=
DWR_NCRO,OSJ,38.071247,-121.578382,2022-07-26,2022-07-26T17:48:00Z,0.05,<,0.05,<,0.06,=,10,=
DWR_NCRO,OSJ,38.071247,-121.578382,2022-08-31,2022-08-31T18:20:00Z,0.05,<,0.053,=,0.05,<,1.61,=
DWR_NCRO,OSJ,38.071247,-121.578382,2022-09-26,2022-09-26T18:30:00Z,0.05,<,0.05,<,0.053,=,1.12,=
DWR_NCRO,OSJ,38.071247,-121.578382,2022-10-25,2022-10-25T17:50:00Z,0.05,<,0.05,<,0.05,<,1.53,=
DWR_NCRO,OSJ,38.071247,-121.578382,2022-11-30,2022-11-30T20:00:00Z,0.05,<,0.226,=,0.051,=,1.22,=
DWR_NCRO,PDC,37.8020598,-121.4122564,2022-01-12,2022-01-12T19:43:00Z,NA,=,1.79,=,NA,=,NA,=
DWR_NCRO,PDC,37.8020598,-121.4122564,2022-01-25,2022-01-25T19:20:00Z,NA,=,1.59,=,NA,=,NA,=
DWR_NCRO,PDC,37.8020598,-121.4122564,2022-02-16,2022-02-16T20:48:00Z,NA,=,0.679,=,NA,=,NA,=
DWR_NCRO,PDC,37.8020598,-121.4122564,2022-03-16,2022-03-16T18:46:00Z,NA,=,0.743,=,NA,=,NA,=
DWR_NCRO,PDC,37.8020598,-121.4122564,2022-04-20,2022-04-20T18:14:00Z,NA,=,1.11,=,NA,=,NA,=
DWR_NCRO,PDC,37.8020598,-121.4122564,2022-05-18,2022-05-18T18:31:00Z,NA,=,0.825,=,NA,=,NA,=
DWR_NCRO,PDC,37.8020598,-121.4122564,2022-06-15,2022-06-15T20:45:00Z,NA,=,0.664,=,NA,=,NA,=
DWR_NCRO,PDC,37.8020598,-121.4122564,2022-07-21,2022-07-21T21:58:00Z,NA,=,0.591,=,NA,=,NA,=
DWR_NCRO,PDC,37.8020598,-121.4122564,2022-08-17,2022-08-17T18:05:00Z,NA,=,0.083,=,NA,=,NA,=
DWR_NCRO,PDC,37.8020598,-121.4122564,2022-09-21,2022-09-21T18:28:00Z,NA,=,1.55,=,NA,=,NA,=
DWR_NCRO,PDC,37.8020598,-121.4122564,2022-10-19,2022-10-19T18:03:00Z,NA,=,0.414,=,NA,=,NA,=
DWR_NCRO,PDC,37.8020598,-121.4122564,2022-11-16,2022-11-16T19:30:00Z,NA,=,0.54,=,NA,=,NA,=
DWR_NCRO,RSL,37.976311,-121.637596,2022-01-26,2022-01-26T17:58:00Z,0.05,<,0.773,=,0.051,=,NA,=
DWR_NCRO,RSL,37.976311,-121.637596,2022-02-16,2022-02-16T16:55:00Z,0.05,<,0.405,=,0.05,<,NA,=
DWR_NCRO,RSL,37.976311,-121.637596,2022-03-23,2022-03-23T16:00:00Z,0.05,<,0.202,=,0.05,<,NA,=
DWR_NCRO,RSL,37.976311,-121.637596,2022-04-25,2022-04-25T17:05:00Z,0.05,<,0.05,<,0.05,<,NA,=
DWR_NCRO,RSL,37.976311,-121.637596,2022-06-16,2022-06-16T19:00:00Z,0.05,<,0.05,<,0.106,=,NA,=
DWR_NCRO,RSL,37.976311,-121.637596,2022-07-13,2022-07-13T16:57:00Z,0.05,<,0.05,<,0.091,=,NA,=
DWR_NCRO,RSL,37.976311,-121.637596,2022-08-16,2022-08-16T17:49:00Z,0.05,<,0.05,<,0.08,=,NA,=
DWR_NCRO,RSL,37.976311,-121.637596,2022-09-20,2022-09-20T17:24:00Z,0.05,<,0.05,<,0.05,<,NA,=
DWR_NCRO,RSL,37.976311,-121.637596,2022-10-13,2022-10-13T18:08:00Z,0.05,<,0.05,<,0.05,<,NA,=
DWR_NCRO,RSL,37.976311,-121.637596,2022-11-22,2022-11-22T19:55:00Z,0.05,<,0.05,<,0.05,<,NA,=
DWR_NCRO,SOI,38.175591,-121.656919,2022-01-13,2022-01-13T18:30:00Z,0.05,<,0.399,=,0.05,<,0.67,=
DWR_NCRO,SOI,38.175591,-121.656919,2022-02-17,2022-02-17T18:27:00Z,0.05,<,0.199,=,0.05,<,0.6,=
DWR_NCRO,SOI,38.175591,-121.656919,2022-03-17,2022-03-17T17:33:00Z,0.05,<,0.288,=,0.05,<,0.72,=
DWR_NCRO,SOI,38.175591,-121.656919,2022-04-28,2022-04-28T17:50:00Z,0.05,<,0.212,=,0.05,<,0.5,<
DWR_NCRO,SOI,38.175591,-121.656919,2022-06-10,2022-06-10T17:27:00Z,0.05,<,0.19,=,0.05,<,0.66,=
DWR_NCRO,SOI,38.175591,-121.656919,2022-07-28,2022-07-28T17:58:00Z,0.05,<,0.149,=,0.05,<,0.93,=
DWR_NCRO,SOI,38.175591,-121.656919,2022-08-18,2022-08-18T17:58:00Z,0.05,<,0.077,=,0.05,<,1.12,=
DWR_NCRO,SOI,38.175591,-121.656919,2022-09-20,2022-09-20T17:28:00Z,0.05,<,0.224,=,0.05,<,0.71,=
DWR_NCRO,SOI,38.175591,-121.656919,2022-10-20,2022-10-20T17:18:00Z,0.05,<,0.204,=,0.05,<,0.51,=
DWR_NCRO,SOI,38.175591,-121.656919,2022-11-17,2022-11-17T19:00:00Z,0.05,<,0.291,=,0.075,=,0.5,<
DWR_NCRO,SOI,38.175591,-121.656919,2022-12-20,2022-12-20T19:13:00Z,0.05,<,0.745,=,0.058,=,0.6,=
DWR_NCRO,BLP,38.0325,-121.719083,2022-02-03,2022-02-03T21:15:00Z,NA,=,NA,=,NA,=,0.5,<
DWR_NCRO,BLP,38.0325,-121.719083,2022-03-15,2022-03-15T20:56:00Z,NA,=,NA,=,NA,=,2.18,=
DWR_NCRO,BLP,38.0325,-121.719083,2022-04-19,2022-04-19T19:26:00Z,NA,=,NA,=,NA,=,2.84,=
DWR_NCRO,BLP,38.0325,-121.719083,2022-05-20,2022-05-20T20:10:00Z,NA,=,NA,=,NA,=,6.28,=
DWR_NCRO,BLP,38.0325,-121.719083,2022-06-21,2022-06-21T20:07:00Z,NA,=,NA,=,NA,=,1.75,=
DWR_NCRO,BLP,38.0325,-121.719083,2022-07-26,2022-07-26T19:34:00Z,NA,=,NA,=,NA,=,4.02,=
DWR_NCRO,BLP,38.0325,-121.719083,2022-09-01,2022-09-01T19:55:00Z,NA,=,NA,=,NA,=,3.05,=
DWR_NCRO,BLP,38.0325,-121.719083,2022-10-06,2022-10-06T19:27:00Z,NA,=,NA,=,NA,=,2.03,=
DWR_NCRO,BLP,38.0325,-121.719083,2022-11-03,2022-11-03T19:27:00Z,NA,=,NA,=,NA,=,1.77,=
DWR_NCRO,BLP,38.0325,-121.719083,2022-12-01,2022-12-01T20:14:00Z,NA,=,NA,=,NA,=,1.63,=
DWR_NCRO,SXS,38.1912721,-121.6378941,2022-01-13,2022-01-13T17:58:00Z,0.05,<,0.467,=,0.05,<,0.5,<
DWR_NCRO,SXS,38.1912721,-121.6378941,2022-02-17,2022-02-17T17:57:00Z,0.05,<,0.283,=,0.05,<,0.81,=
DWR_NCRO,SXS,38.1912721,-121.6378941,2022-03-17,2022-03-17T17:05:00Z,0.05,<,0.217,=,0.05,<,1.41,=
DWR_NCRO,SXS,38.1912721,-121.6378941,2022-04-28,2022-04-28T18:19:00Z,0.05,<,0.213,=,0.05,<,0.5,<
DWR_NCRO,SXS,38.1912721,-121.6378941,2022-06-10,2022-06-10T16:56:00Z,0.05,<,0.229,=,0.05,<,0.58,=
DWR_NCRO,SXS,38.1912721,-121.6378941,2022-07-28,2022-07-28T17:27:00Z,0.05,<,0.099,=,0.05,<,0.74,=
DWR_NCRO,SXS,38.1912721,-121.6378941,2022-08-18,2022-08-18T17:14:00Z,0.05,<,0.114,=,0.05,<,0.81,=
DWR_NCRO,SXS,38.1912721,-121.6378941,2022-09-20,2022-09-20T17:01:00Z,0.05,<,0.116,=,0.05,<,0.6,=
DWR_NCRO,SXS,38.1912721,-121.6378941,2022-10-20,2022-10-20T16:45:00Z,0.05,<,0.233,=,0.05,<,0.5,<
DWR_NCRO,SXS,38.1912721,-121.6378941,2022-11-17,2022-11-17T18:30:00Z,0.05,<,0.284,=,0.084,=,0.5,<
DWR_NCRO,SXS,38.1912721,-121.6378941,2022-12-20,2022-12-20T18:29:00Z,0.05,<,0.737,=,0.06,=,0.56,=
DWR_NCRO,SGA,37.79286,-121.421495,2022-01-12,2022-01-12T20:02:00Z,NA,=,1.71,=,NA,=,NA,=
DWR_NCRO,SGA,37.79286,-121.421495,2022-01-25,2022-01-25T18:34:00Z,NA,=,0.947,=,NA,=,NA,=
DWR_NCRO,SGA,37.79286,-121.421495,2022-02-16,2022-02-16T22:03:00Z,NA,=,0.628,=,NA,=,NA,=
DWR_NCRO,SGA,37.79286,-121.421495,2022-03-16,2022-03-16T19:18:00Z,NA,=,0.787,=,NA,=,NA,=
DWR_NCRO,SGA,37.79286,-121.421495,2022-04-20,2022-04-20T17:46:00Z,NA,=,1.1,=,NA,=,NA,=
DWR_NCRO,SGA,37.79286,-121.421495,2022-05-18,2022-05-18T19:20:00Z,NA,=,0.717,=,NA,=,NA,=
DWR_NCRO,SGA,37.79286,-121.421495,2022-06-15,2022-06-15T21:35:00Z,NA,=,0.616,=,NA,=,NA,=
DWR_NCRO,SGA,37.79286,-121.421495,2022-07-21,2022-07-21T20:15:00Z,NA,=,0.779,=,NA,=,NA,=
DWR_NCRO,SGA,37.79286,-121.421495,2022-08-17,2022-08-17T17:41:00Z,NA,=,0.273,=,NA,=,NA,=
DWR_NCRO,SGA,37.79286,-121.421495,2022-09-21,2022-09-21T17:45:00Z,NA,=,1.44,=,NA,=,NA,=
DWR_NCRO,SGA,37.79286,-121.421495,2022-10-19,2022-10-19T17:35:00Z,NA,=,0.181,=,NA,=,NA,=
DWR_NCRO,SGA,37.79286,-121.421495,2022-11-16,2022-11-16T18:47:00Z,NA,=,0.525,=,NA,=,NA,=
DWR_NCRO,TSL,38.103248,-121.686169,2022-01-06,2022-01-06T17:52:00Z,0.05,<,0.664,=,0.067,=,0.5,<
DWR_NCRO,TSL,38.103248,-121.686169,2022-02-22,2022-02-22T18:13:00Z,0.05,<,0.274,=,0.05,<,1.19,=
DWR_NCRO,TSL,38.103248,-121.686169,2022-03-24,2022-03-24T17:27:00Z,0.05,<,0.208,=,0.05,<,2.12,=
DWR_NCRO,TSL,38.103248,-121.686169,2022-04-26,2022-04-26T19:42:00Z,0.05,<,0.232,=,0.075,=,1.55,=
DWR_NCRO,TSL,38.103248,-121.686169,2022-05-24,2022-05-24T19:35:00Z,0.05,<,0.184,=,0.06,=,1.51,=
DWR_NCRO,TSL,38.103248,-121.686169,2022-06-28,2022-06-28T16:19:00Z,0.05,<,0.15,=,0.065,=,0.83,=
DWR_NCRO,TSL,38.103248,-121.686169,2022-07-26,2022-07-26T15:58:00Z,0.05,<,0.06,=,0.06,=,2.24,=
DWR_NCRO,TSL,38.103248,-121.686169,2022-08-31,2022-08-31T16:15:00Z,0.05,<,0.086,=,0.052,=,1.65,=
DWR_NCRO,TSL,38.103248,-121.686169,2022-09-26,2022-09-26T16:44:00Z,0.05,<,0.107,=,0.059,=,1.87,=
DWR_NCRO,TSL,38.103248,-121.686169,2022-10-25,2022-10-25T16:05:00Z,0.05,<,0.108,=,0.064,=,1.78,=
DWR_NCRO,TSL,38.103248,-121.686169,2022-11-30,2022-11-30T18:03:00Z,0.05,<,0.235,=,0.064,=,1.58,=
DWR_NCRO,TRN,37.992533,-121.454032,2022-01-19,2022-01-19T18:30:00Z,NA,=,NA,=,NA,=,0.5,<
DWR_NCRO,TRN,37.992533,-121.454032,2022-02-15,2022-02-15T19:17:00Z,NA,=,NA,=,NA,=,0.97,=
DWR_NCRO,TRN,37.992533,-121.454032,2022-04-19,2022-04-19T17:45:00Z,NA,=,NA,=,NA,=,1.73,=
DWR_NCRO,TRN,37.992533,-121.454032,2022-05-12,2022-05-12T17:32:00Z,NA,=,NA,=,NA,=,1.26,=
DWR_NCRO,TRN,37.992533,-121.454032,2022-06-07,2022-06-07T17:07:00Z,NA,=,NA,=,NA,=,1.14,=
DWR_NCRO,TRN,37.992533,-121.454032,2022-07-13,2022-07-13T16:29:00Z,NA,=,NA,=,NA,=,1.65,=
DWR_NCRO,TRN,37.992533,-121.454032,2022-08-23,2022-08-23T16:32:00Z,NA,=,NA,=,NA,=,1.27,=
DWR_NCRO,TRN,37.992533,-121.454032,2022-10-13,2022-10-13T16:42:00Z,NA,=,NA,=,NA,=,1.76,=
DWR_NCRO,TRN,37.992533,-121.454032,2022-11-09,2022-11-09T18:10:00Z,NA,=,NA,=,NA,=,1.33,=
DWR_NCRO,TRN,37.992533,-121.454032,2022-12-08,2022-12-08T18:30:00Z,NA,=,NA,=,NA,=,1.11,=
DWR_NCRO,VCU,37.870944,-121.53,2022-01-11,2022-01-11T19:40:00Z,NA,=,NA,=,NA,=,0.5,<
DWR_NCRO,VCU,37.870944,-121.53,2022-02-08,2022-02-08T19:11:00Z,NA,=,NA,=,NA,=,0.5,<
DWR_NCRO,VCU,37.870944,-121.53,2022-03-08,2022-03-08T19:29:00Z,NA,=,NA,=,NA,=,1.21,=
DWR_NCRO,VCU,37.870944,-121.53,2022-04-12,2022-04-12T18:05:00Z,NA,=,NA,=,NA,=,1.35,=
DWR_NCRO,VCU,37.870944,-121.53,2022-05-10,2022-05-10T19:12:00Z,NA,=,NA,=,NA,=,1.41,=
DWR_NCRO,VCU,37.870944,-121.53,2022-06-06,2022-06-06T18:19:00Z,NA,=,NA,=,NA,=,0.97,=
DWR_NCRO,VCU,37.870944,-121.53,2022-07-12,2022-07-12T18:30:00Z,NA,=,NA,=,NA,=,2.55,=
DWR_NCRO,VCU,37.870944,-121.53,2022-08-09,2022-08-09T17:25:00Z,NA,=,NA,=,NA,=,1.76,=
DWR_NCRO,VCU,37.870944,-121.53,2022-09-13,2022-09-13T21:17:00Z,NA,=,NA,=,NA,=,1.51,=
DWR_NCRO,VCU,37.870944,-121.53,2022-10-10,2022-10-10T18:19:00Z,NA,=,NA,=,NA,=,1.63,=
DWR_NCRO,VCU,37.870944,-121.53,2022-11-08,2022-11-08T18:33:00Z,NA,=,NA,=,NA,=,1.33,=
DWR_NCRO,VCU,37.870944,-121.53,2022-12-13,2022-12-13T19:36:00Z,NA,=,NA,=,NA,=,0.79,=
DWR_NCRO,WCI,37.8316051,-121.5540131,2022-01-11,2022-01-11T18:56:00Z,NA,=,1.37,=,NA,=,0.5,<
DWR_NCRO,WCI,37.8316051,-121.5540131,2022-02-08,2022-02-08T18:26:00Z,NA,=,0.837,=,NA,=,0.87,=
DWR_NCRO,WCI,37.8316051,-121.5540131,2022-03-08,2022-03-08T18:58:00Z,NA,=,0.753,=,NA,=,0.5,<
DWR_NCRO,WCI,37.8316051,-121.5540131,2022-04-12,2022-04-12T17:26:00Z,NA,=,0.499,=,NA,=,1.15,=
DWR_NCRO,WCI,37.8316051,-121.5540131,2022-05-10,2022-05-10T18:16:00Z,NA,=,0.318,=,NA,=,1.42,=
DWR_NCRO,WCI,37.8316051,-121.5540131,2022-06-06,2022-06-06T17:40:00Z,NA,=,0.254,=,NA,=,0.97,=
DWR_NCRO,WCI,37.8316051,-121.5540131,2022-07-12,2022-07-12T18:00:00Z,NA,=,0.097,=,NA,=,3.27,=
DWR_NCRO,WCI,37.8316051,-121.5540131,2022-08-09,2022-08-09T18:02:00Z,NA,=,0.073,=,NA,=,2.55,=
DWR_NCRO,WCI,37.8316051,-121.5540131,2022-09-13,2022-09-13T20:41:00Z,NA,=,0.085,=,NA,=,1.54,=
DWR_NCRO,WCI,37.8316051,-121.5540131,2022-10-10,2022-10-10T17:45:00Z,NA,=,0.062,=,NA,=,1.52,=
DWR_NCRO,WCI,37.8316051,-121.5540131,2022-11-08,2022-11-08T19:01:00Z,NA,=,0.118,=,NA,=,1.68,=
DWR_NCRO,WCI,37.8316051,-121.5540131,2022-12-13,2022-12-13T19:05:00Z,NA,=,0.322,=,NA,=,0.89,=
DWR_NCRO,LIS,38.474781,-121.588226,2022-01-03,2022-01-03T21:31:00Z,NA,=,NA,=,NA,=,0.91,=
DWR_NCRO,LIS,38.474781,-121.588226,2022-02-14,2022-02-14T20:34:00Z,NA,=,NA,=,NA,=,9.75,=
DWR_NCRO,LIS,38.474781,-121.588226,2022-03-14,2022-03-14T22:57:00Z,NA,=,NA,=,NA,=,27.4,=
DWR_NCRO,LIS,38.474781,-121.588226,2022-04-04,2022-04-04T18:43:00Z,NA,=,NA,=,NA,=,8.48,=
DWR_NCRO,LIS,38.474781,-121.588226,2022-05-02,2022-05-02T18:25:00Z,NA,=,NA,=,NA,=,5.36,=
DWR_NCRO,LIS,38.474781,-121.588226,2022-06-06,2022-06-06T18:44:00Z,NA,=,NA,=,NA,=,2.43,=
DWR_NCRO,LIS,38.474781,-121.588226,2022-07-05,2022-07-05T20:56:00Z,NA,=,NA,=,NA,=,3.45,=
DWR_NCRO,LIS,38.474781,-121.588226,2022-08-08,2022-08-08T19:52:00Z,NA,=,NA,=,NA,=,4.06,=
DWR_NCRO,LIS,38.474781,-121.588226,2022-09-06,2022-09-06T16:28:00Z,NA,=,NA,=,NA,=,3.35,=
DWR_NCRO,LIS,38.474781,-121.588226,2022-10-03,2022-10-03T19:17:00Z,NA,=,NA,=,NA,=,4.05,=
DWR_NCRO,LIS,38.474781,-121.588226,2022-11-07,2022-11-07T19:17:00Z,NA,=,NA,=,NA,=,4.1,=
DWR_NCRO,LIS,38.474781,-121.588226,2022-11-28,2022-11-28T22:13:00Z,NA,=,NA,=,NA,=,6.87,=
