"Source","Station","Latitude","Longitude","Date","Datetime","DissAmmonia","DissAmmonia_Sign","DissNitrateNitrite","DissNitrateNitrite_Sign","DissOrthophos","DissOrthophos_Sign","Chlorophyll","Chlorophyll_Sign","Month","Year","Nitrate","Phosphorus","Chl"
"USGS_CAWSC","USGS-11447650",38.45601954,-121.5013437,2022-03-17,2022-03-17 16:30:00,0.04,"=",0.141,"=",0.03,"=",NA,"=",3,2022,0.141,0.03,NA
"USGS_CAWSC","USGS-11303500",37.6760406,-121.2663293,2022-04-12,2022-04-12 16:00:00,0.01,"< (estimated)",0.749,"=",0.067,"=",NA,"=",4,2022,0.749,0.067,NA
"USGS_CAWSC","USGS-11447650",38.45601954,-121.5013437,2022-05-05,2022-05-05 16:30:00,0.04,"=",0.279,"=",0.036,"=",NA,"=",5,2022,0.279,0.036,NA
"USGS_CAWSC","USGS-11337190",38.0521424,-121.6888428,2022-03-03,2022-03-03 23:45:00,0.01,"< (estimated)",0.37,"=",0.044,"=",3.5,"=",3,2022,0.37,0.044,3.5
"USGS_CAWSC","USGS-11455385",38.19395556,-121.6580028,2022-02-08,2022-02-08 18:00:00,0.02,"=",0.25,"=",0.041,"=",1.4,"=",2,2022,0.25,0.041,1.4
"USGS_CAWSC","USGS-11455508",38.04953056,-121.88755,2022-02-16,2022-02-16 18:00:00,0.07,"=",0.43,"=",0.056,"=",1.9,"=",2,2022,0.43,0.056,1.9
"USGS_CAWSC","USGS-11455142",38.34166667,-121.6438889,2022-03-08,2022-03-08 19:30:00,0.01,"< (estimated)",0.32,"=",0.073,"=",4.1,"=",3,2022,0.32,0.073,4.1
"USGS_CAWSC","USGS-11455142",38.34166667,-121.6438889,2022-02-08,2022-02-08 18:30:00,0.01,"< (estimated)",0.43,"=",0.078,"=",2,"=",2,2022,0.43,0.078,2
"USGS_CAWSC","USGS-11447650",38.45601954,-121.5013437,2022-02-03,2022-02-03 18:00:00,0.01,"< (estimated)",0.11,"=",0.022,"=",5.9,"=",2,2022,0.11,0.022,5.9
"USGS_CAWSC","USGS-11455485",38.0778083,-121.767286,2022-03-03,2022-03-03 18:45:00,0.01,"< (estimated)",0.21,"=",0.037,"=",2.3,"=",3,2022,0.21,0.037,2.3
"USGS_CAWSC","USGS-11455140",38.34916667,-121.6447222,2022-03-22,2022-03-22 18:30:00,0.03,"=",0.02,"=",0.114,"=",1.9,"=",3,2022,0.02,0.114,1.9
"USGS_CAWSC","USGS-381142122015801",38.19489444,-122.0328139,2022-03-29,2022-03-29 21:45:00,0.06,"=",0.51,"=",0.088,"=",NA,"=",3,2022,0.51,0.088,NA
"USGS_CAWSC","USGS-11447890",38.25769218,-121.5182865,2022-03-10,2022-03-10 19:45:00,0.01,"< (estimated)",0.16,"=",0.02,"=",1.3,"=",3,2022,0.16,0.02,1.3
"USGS_CAWSC","USGS-11455315",38.2430111,-121.684286,2022-02-17,2022-02-17 18:00:00,0.03,"=",0.26,"=",0.05,"=",2.6,"=",2,2022,0.26,0.05,2.6
"USGS_CAWSC","USGS-11455478",38.093252,-121.7371772,2022-02-03,2022-02-03 18:30:00,NA,"=",0.35,"=",NA,"=",NA,"=",2,2022,0.35,NA,NA
"USGS_CAWSC","USGS-11455385",38.19395556,-121.6580028,2022-03-22,2022-03-22 19:15:00,0.02,"=",0.19,"=",0.037,"=",1.5,"=",3,2022,0.19,0.037,1.5
"USGS_CAWSC","USGS-11455315",38.2430111,-121.684286,2022-03-22,2022-03-22 17:00:00,0.03,"=",0.21,"=",0.038,"=",1.1,"=",3,2022,0.21,0.038,1.1
"USGS_CAWSC","USGS-11337190",38.0521424,-121.6888428,2022-02-16,2022-02-16 23:30:00,0.03,"=",0.49,"=",0.052,"=",2.6,"=",2,2022,0.49,0.052,2.6
"USGS_CAWSC","USGS-11336790",38.09638889,-121.496111,2022-02-24,2022-02-24 20:45:00,0.01,"< (estimated)",0.16,"=",0.029,"=",1.2,"=",2,2022,0.16,0.029,1.2
"USGS_CAWSC","USGS-11312676",37.9427017,-121.5341175,2022-02-24,2022-02-24 19:00:00,0.03,"=",0.89,"=",0.076,"=",1.9,"=",2,2022,0.89,0.076,1.9
"USGS_CAWSC","USGS-11455140",38.34916667,-121.6447222,2022-02-17,2022-02-17 19:45:00,0.03,"=",0.23,"=",0.2,"=",11.4,"=",2,2022,0.23,0.2,11.4
"USGS_CAWSC","USGS-11447650",38.45601954,-121.5013437,2022-03-10,2022-03-10 17:45:00,0.01,"< (estimated)",0.11,"=",0.013,"=",2.6,"=",3,2022,0.11,0.013,2.6
"USGS_CAWSC","USGS-11455508",38.04953056,-121.88755,2022-03-03,2022-03-03 21:30:00,0.06,"=",0.38,"=",0.055,"=",6.5,"=",3,2022,0.38,0.055,6.5
"USGS_CAWSC","USGS-11455095",38.47686944,-121.5836417,2022-02-08,2022-02-08 20:30:00,0.01,"< (estimated)",0.36,"=",0.127,"=",3.2,"=",2,2022,0.36,0.127,3.2
"USGS_CAWSC","USGS-11447890",38.25769218,-121.5182865,2022-03-29,2022-03-29 18:00:00,0.03,"=",0.25,"=",0.064,"=",NA,"=",3,2022,0.25,0.064,NA
"USGS_CAWSC","USGS-11312676",37.9427017,-121.5341175,2022-03-24,2022-03-24 20:00:00,0.03,"=",0.49,"=",0.035,"=",2,"=",3,2022,0.49,0.035,2
"USGS_CAWSC","USGS-11336790",38.09638889,-121.496111,2022-03-24,2022-03-24 18:00:00,0.03,"=",0.18,"=",0.025,"=",1.7,"=",3,2022,0.18,0.025,1.7
"USGS_CAWSC","USGS-381142122015801",38.19489444,-122.0328139,2022-02-16,2022-02-16 20:45:00,0.01,"< (estimated)",0.65,"=",0.052,"=",3.9,"=",2,2022,0.65,0.052,3.9
"USGS_CAWSC","USGS-11447890",38.25769218,-121.5182865,2022-02-03,2022-02-03 19:45:00,0.01,"< (estimated)",0.19,"=",0.034,"=",2.9,"=",2,2022,0.19,0.034,2.9
"USGS_CAWSC","USGS-11455095",38.47686944,-121.5836417,2022-03-08,2022-03-08 17:30:00,0.01,"< (estimated)",0.34,"=",0.122,"=",3.2,"=",3,2022,0.34,0.122,3.2
"USGS_CAWSC","USGS-11455508",38.04953056,-121.88755,2022-03-08,2022-03-08 19:00:00,NA,"=",NA,"=",NA,"=",13.5,"=",3,2022,NA,NA,13.5
"USGS_CAWSC","USGS-380631122032201",38.10853056,-122.0559806,2022-03-29,2022-03-29 17:45:00,0.06,"=",0.35,"=",0.073,"=",NA,"=",3,2022,0.35,0.073,NA
"USGS_CAWSC","USGS-11455315",38.2430111,-121.684286,2022-04-25,2022-04-25 18:00:00,0.03,"=",0.14,"=",0.065,"=",NA,"=",4,2022,0.14,0.065,NA
"USGS_CAWSC","USGS-11312676",37.9427017,-121.5341175,2022-05-04,2022-05-04 17:45:00,0.03,"=",0.4,"=",0.066,"=",2.1,"=",5,2022,0.4,0.066,2.1
"USGS_CAWSC","USGS-380631122032201",38.10853056,-122.0559806,2022-02-16,2022-02-16 19:00:00,0.1,"=",0.52,"=",0.072,"=",2.1,"=",2,2022,0.52,0.072,2.1
"USGS_CAWSC","USGS-11455485",38.0778083,-121.767286,2022-02-16,2022-02-16 17:00:00,0.03,"=",0.28,"=",0.038,"=",1.7,"=",2,2022,0.28,0.038,1.7
"USGS_CAWSC","USGS-11311300",37.9925,-121.4538889,2022-05-17,2022-05-17 17:46:00,NA,"=",NA,"=",NA,"=",1.5,"=",5,2022,NA,NA,1.5
"USGS_CAWSC","USGS-11313460",38.05944444,-121.5572222,2022-05-17,2022-05-17 16:35:00,NA,"=",NA,"=",NA,"=",2,"=",5,2022,NA,NA,2
"USGS_CAWSC","USGS-11447650",38.45601954,-121.5013437,2022-04-13,2022-04-13 17:33:00,0.03,"=",0.06,"=",0.032,"=",1.9,"=",4,2022,0.06,0.032,1.9
"USGS_CAWSC","USGS-11336790",38.09638889,-121.496111,2022-04-22,2022-04-22 21:00:00,0.04,"=",0.16,"=",0.066,"=",NA,"=",4,2022,0.16,0.066,NA
"USGS_CAWSC","USGS-11336685",38.2233333,-121.5072222,2022-05-18,2022-05-18 16:57:00,NA,"=",NA,"=",NA,"=",1.8,"=",5,2022,NA,NA,1.8
"USGS_CAWSC","USGS-11455485",38.0778083,-121.767286,2022-05-17,2022-05-17 23:40:00,NA,"=",NA,"=",NA,"=",2.9,"= (estimated)",5,2022,NA,NA,2.9
"USGS_CAWSC","USGS-11447650",38.45601954,-121.5013437,2022-06-01,2022-06-01 17:15:00,0.01,"< (estimated)",0.05,"=",0.027,"=",1.2,"=",6,2022,0.05,0.027,1.2
"USGS_CAWSC","USGS-11336790",38.09638889,-121.496111,2022-05-24,2022-05-24 19:15:00,NA,"=",NA,"=",NA,"=",21.4,"=",5,2022,NA,NA,21.4
"USGS_CAWSC","USGS-11455095",38.47686944,-121.5836417,2022-04-26,2022-04-26 19:45:00,0.01,"< (estimated)",0.11,"=",0.1,"=",5.2,"=",4,2022,0.11,0.1,5.2
"USGS_CAWSC","USGS-11455140",38.34916667,-121.6447222,2022-04-25,2022-04-25 20:30:00,0.02,"=",0.02,"=",0.162,"=",0.8,"=",4,2022,0.02,0.162,0.8
"USGS_CAWSC","USGS-11455095",38.47686944,-121.5836417,2022-06-07,2022-06-07 19:45:00,0.01,"< (estimated)",0.01,"=",0.102,"=",4.5,"=",6,2022,0.01,0.102,4.5
"USGS_CAWSC","USGS-381142122015801",38.19489444,-122.0328139,2022-04-28,2022-04-28 20:15:00,0.09,"=",0.71,"=",0.096,"=",4.6,"=",4,2022,0.71,0.096,4.6
"USGS_CAWSC","USGS-11455142",38.34166667,-121.6438889,2022-04-26,2022-04-26 18:00:00,0.01,"< (estimated)",0.15,"=",0.077,"=",4.4,"=",4,2022,0.15,0.077,4.4
"USGS_CAWSC","USGS-11337190",38.0521424,-121.6888428,2022-06-29,2022-06-29 16:45:00,0.01,"=",0.15,"=",0.057,"=",NA,"=",6,2022,0.15,0.057,NA
"USGS_CAWSC","USGS-11455485",38.0778083,-121.767286,2022-04-04,2022-04-04 19:15:00,0.02,"=",0.21,"=",0.067,"=",10.3,"=",4,2022,0.21,0.067,10.3
"USGS_CAWSC","USGS-11447650",38.45601954,-121.5013437,2022-05-13,2022-05-13 16:15:00,0.01,"< (estimated)",0.04,"=",0.019,"=",5.1,"=",5,2022,0.04,0.019,5.1
"USGS_CAWSC","USGS-11312676",37.9427017,-121.5341175,2022-05-24,2022-05-24 16:45:00,0.03,"=",0.22,"=",0.072,"=",NA,"=",5,2022,0.22,0.072,NA
"USGS_CAWSC","USGS-11447650",38.45601954,-121.5013437,2022-03-29,2022-03-29 20:45:00,0.03,"=",0.11,"=",0.045,"=",NA,"=",3,2022,0.11,0.045,NA
"USGS_CAWSC","USGS-381142122015801",38.19489444,-122.0328139,2022-06-23,2022-06-23 20:30:00,0.08,"=",0.53,"=",0.143,"=",4.6,"=",6,2022,0.53,0.143,4.6
"USGS_CAWSC","USGS-11455485",38.0778083,-121.767286,2022-06-14,2022-06-14 16:15:00,0.03,"=",0.21,"=",0.06,"=",NA,"=",6,2022,0.21,0.06,NA
"USGS_CAWSC","USGS-11312676",37.9427017,-121.5341175,2022-06-16,2022-06-16 17:30:00,0.02,"=",0.15,"=",0.087,"=",1.9,"=",6,2022,0.15,0.087,1.9
"USGS_CAWSC","USGS-11455315",38.2430111,-121.684286,2022-05-16,2022-05-16 16:05:00,NA,"=",NA,"=",NA,"=",3.3,"=",5,2022,NA,NA,3.3
"USGS_CAWSC","USGS-11455485",38.0778083,-121.767286,2022-06-29,2022-06-29 15:45:00,0.01,"< (estimated)",0.17,"=",0.059,"=",NA,"=",6,2022,0.17,0.059,NA
"USGS_CAWSC","USGS-11455485",38.0778083,-121.767286,2022-05-19,2022-05-19 20:45:00,0.02,"=",0.17,"=",0.053,"=",NA,"=",5,2022,0.17,0.053,NA
"USGS_CAWSC","USGS-11455315",38.2430111,-121.684286,2022-06-28,2022-06-28 17:15:00,0.01,"< (estimated)",0.06,"=",0.051,"=",NA,"=",6,2022,0.06,0.051,NA
"USGS_CAWSC","USGS-11455140",38.34916667,-121.6447222,2022-05-31,2022-05-31 20:30:00,NA,"=",NA,"=",NA,"=",1.3,"=",5,2022,NA,NA,1.3
"USGS_CAWSC","USGS-11447890",38.25769218,-121.5182865,2022-05-13,2022-05-13 17:45:00,0.01,"< (estimated)",0.09,"=",0.021,"=",9.4,"=",5,2022,0.09,0.021,9.4
"USGS_CAWSC","USGS-382010121402301",38.33616667,-121.672925,2022-05-16,2022-05-16 17:45:00,NA,"=",NA,"=",NA,"=",1.2,"=",5,2022,NA,NA,1.2
"USGS_CAWSC","USGS-11312676",37.9427017,-121.5341175,2022-06-29,2022-06-29 18:00:00,0.01,"< (estimated)",0.13,"=",0.089,"=",2.5,"=",6,2022,0.13,0.089,2.5
"USGS_CAWSC","USGS-380631122032201",38.10853056,-122.0559806,2022-06-23,2022-06-23 18:30:00,0.04,"=",0.26,"=",0.096,"=",4.3,"=",6,2022,0.26,0.096,4.3
"USGS_CAWSC","USGS-381142122015801",38.19489444,-122.0328139,2022-05-23,2022-05-23 21:30:00,0.11,"=",0.87,"=",0.201,"=",4.8,"=",5,2022,0.87,0.201,4.8
"USGS_CAWSC","USGS-11313405",37.96992306,-121.572174,2022-05-18,2022-05-18 22:30:00,NA,"=",NA,"=",NA,"=",1.9,"=",5,2022,NA,NA,1.9
"USGS_CAWSC","USGS-11455385",38.19395556,-121.6580028,2022-06-15,2022-06-15 20:30:00,0.01,"< (estimated)",0.1,"=",0.055,"=",1.9,"=",6,2022,0.1,0.055,1.9
"USGS_CAWSC","USGS-11336790",38.09638889,-121.496111,2022-06-16,2022-06-16 19:45:00,0.03,"=",0.15,"=",0.057,"=",2.2,"=",6,2022,0.15,0.057,2.2
"USGS_CAWSC","USGS-11455140",38.34916667,-121.6447222,2022-06-28,2022-06-28 19:45:00,0.01,"< (estimated)",0.01,"=",0.181,"=",3.9,"=",6,2022,0.01,0.181,3.9
"USGS_CAWSC","USGS-11447650",38.45601954,-121.5013437,2022-05-19,2022-05-19 18:34:00,NA,"=",NA,"=",NA,"=",1.8,"= (estimated)",5,2022,NA,NA,1.8
"USGS_CAWSC","USGS-11455315",38.2430111,-121.684286,2022-06-15,2022-06-15 17:30:00,0.01,"< (estimated)",0.07,"=",0.053,"=",NA,"=",6,2022,0.07,0.053,NA
"USGS_CAWSC","USGS-11447890",38.25769218,-121.5182865,2022-05-19,2022-05-19 17:23:00,NA,"=",NA,"=",NA,"=",1.9,"= (estimated)",5,2022,NA,NA,1.9
"USGS_CAWSC","USGS-11455315",38.2430111,-121.684286,2022-05-31,2022-05-31 18:30:00,0.01,"< (estimated)",0.03,"=",0.054,"=",7.3,"=",5,2022,0.03,0.054,7.3
"USGS_CAWSC","USGS-11447890",38.25769218,-121.5182865,2022-04-13,2022-04-13 18:37:00,0.04,"=",0.16,"=",0.061,"=",1,"=",4,2022,0.16,0.061,1
"USGS_CAWSC","USGS-11337190",38.0521424,-121.6888428,2022-04-21,2022-04-21 17:30:00,0.03,"=",0.24,"=",0.059,"=",3.3,"=",4,2022,0.24,0.059,3.3
"USGS_CAWSC","USGS-11312685",38.00305556,-121.5108333,2022-05-18,2022-05-18 19:55:00,NA,"=",NA,"=",NA,"=",5.2,"=",5,2022,NA,NA,5.2
"USGS_CAWSC","USGS-11337190",38.0521424,-121.6888428,2022-04-04,2022-04-04 21:45:00,0.02,"=",0.19,"=",0.039,"=",2.8,"=",4,2022,0.19,0.039,2.8
"USGS_CAWSC","USGS-11455276",38.3078583,-121.6924278,2022-05-16,2022-05-16 17:14:00,NA,"=",NA,"=",NA,"=",4.3,"=",5,2022,NA,NA,4.3
"USGS_CAWSC","USGS-11455508",38.04953056,-121.88755,2022-05-17,2022-05-17 23:13:00,NA,"=",NA,"=",NA,"=",1.6,"= (estimated)",5,2022,NA,NA,1.6
"USGS_CAWSC","USGS-11337190",38.0521424,-121.6888428,2022-05-19,2022-05-19 18:15:00,0.02,"=",0.21,"=",0.059,"=",NA,"=",5,2022,0.21,0.059,NA
"USGS_CAWSC","USGS-11455485",38.0778083,-121.767286,2022-05-11,2022-05-11 17:45:00,0.01,"< (estimated)",0.2,"=",0.058,"=",2.4,"=",5,2022,0.2,0.058,2.4
"USGS_CAWSC","USGS-11336790",38.09638889,-121.496111,2022-05-18,2022-05-18 19:11:00,NA,"=",NA,"=",NA,"=",15.1,"=",5,2022,NA,NA,15.1
"USGS_CAWSC","USGS-11447890",38.25769218,-121.5182865,2022-06-01,2022-06-01 21:15:00,0.03,"=",0.2,"=",0.029,"=",1.9,"=",6,2022,0.2,0.029,1.9
"USGS_CAWSC","USGS-11455142",38.34166667,-121.6438889,2022-06-07,2022-06-07 18:00:00,0.01,"< (estimated)",0.13,"=",0.068,"=",3.7,"=",6,2022,0.13,0.068,3.7
"USGS_CAWSC","USGS-11455315",38.2430111,-121.684286,2022-05-10,2022-05-10 15:30:00,0.01,"< (estimated)",0.12,"=",0.05,"=",NA,"=",5,2022,0.12,0.05,NA
"USGS_CAWSC","USGS-11337190",38.0521424,-121.6888428,2022-06-01,2022-06-01 19:45:00,0.02,"=",0.19,"=",0.054,"=",NA,"=",6,2022,0.19,0.054,NA
"USGS_CAWSC","USGS-11455508",38.04953056,-121.88755,2022-04-05,2022-04-05 19:30:00,0.01,"< (estimated)",0.24,"=",0.055,"=",12.8,"=",4,2022,0.24,0.055,12.8
"USGS_CAWSC","USGS-11312676",37.9427017,-121.5341175,2022-05-18,2022-05-18 20:22:00,NA,"=",NA,"=",NA,"=",2.3,"=",5,2022,NA,NA,2.3
"USGS_CAWSC","USGS-11455315",38.2430111,-121.684286,2022-08-23,2022-08-23 19:00:00,0.01,"< (estimated)",0.02,"=",0.056,"=",NA,"=",8,2022,0.02,0.056,NA
"USGS_CAWSC","USGS-11455385",38.19395556,-121.6580028,2022-04-14,2022-04-14 19:45:00,0.04,"=",0.18,"=",0.075,"=",1.3,"=",4,2022,0.18,0.075,1.3
"USGS_CAWSC","USGS-11455485",38.0778083,-121.767286,2022-06-01,2022-06-01 17:30:00,0.04,"=",0.23,"=",0.066,"=",2.9,"=",6,2022,0.23,0.066,2.9
"USGS_CAWSC","USGS-11455385",38.19395556,-121.6580028,2022-05-16,2022-05-16 15:40:00,NA,"=",NA,"=",NA,"=",2.5,"=",5,2022,NA,NA,2.5
"USGS_CAWSC","USGS-380631122032201",38.10853056,-122.0559806,2022-05-17,2022-05-17 22:09:00,NA,"=",NA,"=",NA,"=",2.5,"= (estimated)",5,2022,NA,NA,2.5
"USGS_CAWSC","USGS-11455385",38.19395556,-121.6580028,2022-06-07,2022-06-07 21:15:00,0.02,"=",0.15,"=",0.044,"=",1.3,"=",6,2022,0.15,0.044,1.3
"USGS_CAWSC","USGS-11312676",37.9427017,-121.5341175,2022-08-23,2022-08-23 16:30:00,0.02,"=",0.03,"=",0.059,"=",2,"=",8,2022,0.03,0.059,2
"USGS_CAWSC","USGS-11313405",37.96992306,-121.572174,2022-07-19,2022-07-19 23:25:00,NA,"=",NA,"=",NA,"=",4.6,"=",7,2022,NA,NA,4.6
"USGS_CAWSC","USGS-11455485",38.0778083,-121.767286,2022-04-21,2022-04-21 16:15:00,0.07,"=",0.25,"=",0.069,"=",6.5,"=",4,2022,0.25,0.069,6.5
"USGS_CAWSC","USGS-11337190",38.0521424,-121.6888428,2022-06-14,2022-06-14 18:45:00,0.01,"< (estimated)",0.16,"=",0.056,"=",1.9,"=",6,2022,0.16,0.056,1.9
"USGS_CAWSC","USGS-11312676",37.9427017,-121.5341175,2022-04-22,2022-04-22 18:30:00,0.03,"=",0.45,"=",0.058,"=",NA,"=",4,2022,0.45,0.058,NA
"USGS_CAWSC","USGS-11455508",38.04953056,-121.88755,2022-06-22,2022-06-22 20:15:00,0.02,"=",0.23,"=",0.079,"=",NA,"=",6,2022,0.23,0.079,NA
"USGS_CAWSC","USGS-380631122032201",38.10853056,-122.0559806,2022-04-28,2022-04-28 18:00:00,0.28,"=",0.32,"=",0.081,"=",2.5,"=",4,2022,0.32,0.081,2.5
"USGS_CAWSC","USGS-11455315",38.2430111,-121.684286,2022-07-28,2022-07-28 18:00:00,0.01,"< (estimated)",0.03,"=",0.042,"=",NA,"=",7,2022,0.03,0.042,NA
"USGS_CAWSC","USGS-11312676",37.9427017,-121.5341175,2022-07-19,2022-07-19 20:50:00,NA,"=",NA,"=",NA,"=",2.8,"=",7,2022,NA,NA,2.8
"USGS_CAWSC","USGS-11337190",38.0521424,-121.6888428,2022-05-17,2022-05-17 20:38:00,NA,"=",NA,"=",NA,"=",1.7,"= (estimated)",5,2022,NA,NA,1.7
"USGS_CAWSC","USGS-11312676",37.9427017,-121.5341175,2022-06-02,2022-06-02 17:30:00,0.03,"=",0.18,"=",0.078,"=",NA,"=",6,2022,0.18,0.078,NA
"USGS_CAWSC","USGS-11455485",38.0778083,-121.767286,2022-07-20,2022-07-20 15:25:00,NA,"=",NA,"=",NA,"=",2.4,"=",7,2022,NA,NA,2.4
"USGS_CAWSC","USGS-11455508",38.04953056,-121.88755,2022-07-20,2022-07-20 15:48:00,NA,"=",NA,"=",NA,"=",2.7,"=",7,2022,NA,NA,2.7
"USGS_CAWSC","USGS-11455315",38.2430111,-121.684286,2022-07-18,2022-07-18 16:38:00,NA,"=",NA,"=",NA,"=",0.9,"=",7,2022,NA,NA,0.9
"USGS_CAWSC","USGS-11312685",38.00305556,-121.5108333,2022-07-27,2022-07-27 21:37:00,0.01,"< (estimated)",0.03,"=",0.063,"=",NA,"=",7,2022,0.03,0.063,NA
"USGS_CAWSC","USGS-11455485",38.0778083,-121.767286,2022-08-11,2022-08-11 22:00:00,0.02,"=",0.07,"=",0.051,"=",NA,"=",8,2022,0.07,0.051,NA
"USGS_CAWSC","USGS-11455385",38.19395556,-121.6580028,2022-07-18,2022-07-18 16:10:00,NA,"=",NA,"=",NA,"=",1.3,"=",7,2022,NA,NA,1.3
"USGS_CAWSC","USGS-11455485",38.0778083,-121.767286,2022-07-27,2022-07-27 21:15:00,0.01,"< (estimated)",0.07,"=",0.052,"=",NA,"=",7,2022,0.07,0.052,NA
"USGS_CAWSC","USGS-11336790",38.09638889,-121.496111,2022-08-08,2022-08-08 22:00:00,0.01,"< (estimated)",0.06,"=",0.03,"=",NA,"=",8,2022,0.06,0.03,NA
"USGS_CAWSC","USGS-11336790",38.09638889,-121.496111,2022-07-19,2022-07-19 19:47:00,NA,"=",NA,"=",NA,"=",2,"=",7,2022,NA,NA,2
"USGS_CAWSC","USGS-11337190",38.0521424,-121.6888428,2022-07-27,2022-07-27 19:45:00,0.01,"< (estimated)",0.05,"=",0.049,"=",NA,"=",7,2022,0.05,0.049,NA
"USGS_CAWSC","USGS-11337190",38.0521424,-121.6888428,2022-07-20,2022-07-20 18:03:00,NA,"=",NA,"=",NA,"=",2.4,"=",7,2022,NA,NA,2.4
"USGS_CAWSC","USGS-11455140",38.34916667,-121.6447222,2022-07-28,2022-07-28 20:45:00,0.01,"< (estimated)",0.01,"< (estimated)",0.139,"=",1,"=",7,2022,0,0.139,1
"USGS_CAWSC","USGS-11447650",38.45601954,-121.5013437,2022-08-03,2022-08-03 17:15:00,0.01,"< (estimated)",0.04,"=",0.022,"=",NA,"=",8,2022,0.04,0.022,NA
"USGS_CAWSC","USGS-382010121402301",38.33616667,-121.672925,2022-07-18,2022-07-18 18:03:00,NA,"=",NA,"=",NA,"=",2.2,"=",7,2022,NA,NA,2.2
"USGS_CAWSC","USGS-11311300",37.9925,-121.4538889,2022-07-20,2022-07-20 19:35:00,NA,"=",NA,"=",NA,"=",3.2,"=",7,2022,NA,NA,3.2
"USGS_CAWSC","USGS-381142122015801",38.19489444,-122.0328139,2022-08-25,2022-08-25 19:00:00,NA,"=",NA,"=",NA,"=",3.2,"=",8,2022,NA,NA,3.2
"USGS_CAWSC","USGS-11312676",37.9427017,-121.5341175,2022-07-27,2022-07-27 18:30:00,0.03,"=",0.03,"=",0.069,"=",NA,"=",7,2022,0.03,0.069,NA
"USGS_CAWSC","USGS-11337190",38.0521424,-121.6888428,2022-08-24,2022-08-24 17:00:00,0.01,"< (estimated)",0.06,"=",0.051,"=",NA,"=",8,2022,0.06,0.051,NA
"USGS_CAWSC","USGS-11455095",38.47686944,-121.5836417,2022-08-02,2022-08-02 20:15:00,0.01,"< (estimated)",0.06,"=",0.128,"=",NA,"=",8,2022,0.06,0.128,NA
"USGS_CAWSC","USGS-11336685",38.2233333,-121.5072222,2022-07-19,2022-07-19 17:05:00,NA,"=",NA,"=",NA,"=",1.1,"=",7,2022,NA,NA,1.1
"USGS_CAWSC","USGS-380631122032201",38.10853056,-122.0559806,2022-07-20,2022-07-20 16:48:00,NA,"=",NA,"=",NA,"=",18.4,"=",7,2022,NA,NA,18.4
"USGS_CAWSC","USGS-11455385",38.19395556,-121.6580028,2022-08-09,2022-08-09 19:45:00,0.01,"< (estimated)",0.07,"=",0.04,"=",NA,"=",8,2022,0.07,0.04,NA
"USGS_CAWSC","USGS-11337190",38.0521424,-121.6888428,2022-08-11,2022-08-11 18:45:00,0.01,"< (estimated)",0.06,"=",0.051,"=",NA,"=",8,2022,0.06,0.051,NA
"USGS_CAWSC","USGS-11455142",38.34166667,-121.6438889,2022-08-02,2022-08-02 17:45:00,0.01,"< (estimated)",0.08,"=",0.078,"=",NA,"=",8,2022,0.08,0.078,NA
"USGS_CAWSC","USGS-11455142",38.34166667,-121.6438889,2022-07-06,2022-07-06 18:15:00,0.01,"< (estimated)",0.12,"=",0.079,"=",3.1,"=",7,2022,0.12,0.079,3.1
"USGS_CAWSC","USGS-11455485",38.0778083,-121.767286,2022-07-12,2022-07-12 22:15:00,0.03,"=",0.09,"=",0.056,"=",NA,"=",7,2022,0.09,0.056,NA
"USGS_CAWSC","USGS-11447890",38.25769218,-121.5182865,2022-07-21,2022-07-21 17:17:00,NA,"=",NA,"=",NA,"=",1.2,"=",7,2022,NA,NA,1.2
"USGS_CAWSC","USGS-11313460",38.05944444,-121.5572222,2022-07-20,2022-07-20 18:41:00,NA,"=",NA,"=",NA,"=",3.3,"=",7,2022,NA,NA,3.3
"USGS_CAWSC","USGS-11455315",38.2430111,-121.684286,2022-08-09,2022-08-09 17:30:00,0.03,"=",0.01,"=",0.038,"=",NA,"=",8,2022,0.01,0.038,NA
"USGS_CAWSC","USGS-11447890",38.25769218,-121.5182865,2022-08-03,2022-08-03 20:00:00,0.01,"< (estimated)",0.07,"=",0.021,"=",NA,"=",8,2022,0.07,0.021,NA
"USGS_CAWSC","USGS-11455140",38.34916667,-121.6447222,2022-08-23,2022-08-23 23:00:00,0.01,"< (estimated)",0.01,"< (estimated)",0.099,"=",0.9,"=",8,2022,0,0.099,0.9
"USGS_CAWSC","USGS-11311300",37.9925,-121.4538889,2022-08-09,2022-08-09 16:52:00,0.01,"< (estimated)",0.13,"=",0.113,"=",NA,"=",8,2022,0.13,0.113,NA
"USGS_CAWSC","USGS-11455508",38.04953056,-121.88755,2022-08-11,2022-08-11 21:15:00,0.07,"=",0.12,"=",0.08,"=",NA,"=",8,2022,0.12,0.08,NA
"USGS_CAWSC","USGS-11455485",38.0778083,-121.767286,2022-08-24,2022-08-24 21:45:00,0.03,"=",0.1,"=",0.061,"=",2.2,"=",8,2022,0.1,0.061,2.2
"USGS_CAWSC","USGS-11312685",38.00305556,-121.5108333,2022-07-19,2022-07-19 20:25:00,NA,"=",NA,"=",NA,"=",2.7,"=",7,2022,NA,NA,2.7
"USGS_CAWSC","USGS-11337190",38.0521424,-121.6888428,2022-07-12,2022-07-12 17:00:00,0.01,"< (estimated)",0.08,"=",0.05,"=",NA,"=",7,2022,0.08,0.05,NA
"USGS_CAWSC","USGS-11455276",38.3078583,-121.6924278,2022-07-18,2022-07-18 17:41:00,NA,"=",NA,"=",NA,"=",2.3,"=",7,2022,NA,NA,2.3
"USGS_CAWSC","USGS-11455095",38.47686944,-121.5836417,2022-07-06,2022-07-06 20:00:00,0.01,"< (estimated)",0.05,"=",0.129,"=",4.5,"=",7,2022,0.05,0.129,4.5
"USGS_CAWSC","USGS-11447650",38.45601954,-121.5013437,2022-07-21,2022-07-21 18:37:00,NA,"=",NA,"=",NA,"=",0.8,"=",7,2022,NA,NA,0.8
"USGS_CAWSC","USGS-11311300",37.9925,-121.4538889,2022-07-27,2022-07-27 23:09:00,0.01,"< (estimated)",0.18,"=",0.107,"=",NA,"=",7,2022,0.18,0.107,NA
"USGS_CAWSC","USGS-11312676",37.9427017,-121.5341175,2022-08-08,2022-08-08 19:15:00,0.03,"=",0.04,"=",0.062,"=",NA,"=",8,2022,0.04,0.062,NA
"USGS_CAWSC","USGS-11303500",37.6760406,-121.2663293,2022-02-03,2022-02-03 17:30:00,0.01,"< (estimated)",0.597,"=",0.039,"=",NA,"=",2,2022,0.597,0.039,NA
"USGS_CAWSC","USGS-11303500",37.6760406,-121.2663293,2022-03-21,2022-03-21 17:00:00,0.01,"< (estimated)",0.783,"=",0.072,"=",NA,"=",3,2022,0.783,0.072,NA
"USGS_CAWSC","USGS-11447650",38.45601954,-121.5013437,2022-02-16,2022-02-16 17:30:00,0.02,"=",0.104,"=",0.021,"=",NA,"=",2,2022,0.104,0.021,NA
"USGS_CAWSC","USGS-11303500",37.6760406,-121.2663293,2022-05-03,2022-05-03 17:30:00,0.01,"< (estimated)",0.503,"=",0.027,"=",NA,"=",5,2022,0.503,0.027,NA
"USGS_CAWSC","USGS-11303500",37.6760406,-121.2663293,2022-02-24,2022-02-24 17:30:00,0.01,"< (estimated)",0.605,"=",0.025,"=",NA,"=",2,2022,0.605,0.025,NA
"USGS_CAWSC","USGS-11447650",38.45601954,-121.5013437,2022-02-23,2022-02-23 17:00:00,0.02,"=",0.104,"=",0.021,"=",NA,"=",2,2022,0.104,0.021,NA
"DWR_EMP","C10A",37.67934,-121.2647,2022-02-07,2022-02-07 22:00:00,0.05,"<",0.509,"=",0.05,"<",4.79,"=",2,2022,0.509,0,4.79
"DWR_EMP","C10A",37.67934,-121.2647,2022-03-09,2022-03-09 22:15:00,0.05,"<",0.587,"=",0.05,"<",3.79,"=",3,2022,0.587,0,3.79
"DWR_EMP","C10A",37.67934,-121.2647,2022-04-06,2022-04-06 20:15:00,0.05,"<",0.874,"=",0.094,"=",1.92,"=",4,2022,0.874,0.094,1.92
"DWR_EMP","C10A",37.67934,-121.2647,2022-05-19,2022-05-19 18:45:00,0.05,"<",0.377,"=",0.05,"<",1.31,"=",5,2022,0.377,0,1.31
"DWR_EMP","C10A",37.67934,-121.2647,2022-06-20,2022-06-20 21:15:00,0.05,"<",0.131,"=",0.05,"<",1.63,"=",6,2022,0.131,0,1.63
"DWR_EMP","C10A",37.67934,-121.2647,2022-07-18,2022-07-18 19:00:00,0.05,"<",0.273,"=",0.05,"<",4.03,"=",7,2022,0.273,0,4.03
"DWR_EMP","C9",37.83095,-121.554,2022-02-07,2022-02-07 20:40:00,0.05,"<",0.893,"=",0.078,"=",1,"=",2,2022,0.893,0.078,1
"DWR_EMP","C9",37.83095,-121.554,2022-03-09,2022-03-09 20:30:00,0.05,"<",0.729,"=",0.068,"=",1.57,"=",3,2022,0.729,0.068,1.57
"DWR_EMP","C9",37.83095,-121.554,2022-04-06,2022-04-06 18:45:00,0.05,"<",0.642,"=",0.081,"=",1.73,"=",4,2022,0.642,0.081,1.73
"DWR_EMP","C9",37.83095,-121.554,2022-05-19,2022-05-19 17:30:00,0.05,"<",0.232,"=",0.079,"=",1.56,"=",5,2022,0.232,0.079,1.56
"DWR_EMP","C9",37.83095,-121.554,2022-06-20,2022-06-20 19:45:00,0.05,"<",0.207,"=",0.101,"=",4.87,"=",6,2022,0.207,0.101,4.87
"DWR_EMP","C9",37.83095,-121.554,2022-07-18,2022-07-18 18:40:00,0.05,"<",0.107,"=",0.096,"=",4.84,"=",7,2022,0.107,0.096,4.84
"DWR_EMP","D10",38.04631,-121.9183,2022-02-11,2022-02-11 20:30:00,0.107,"=",0.541,"=",0.074,"=",1.48,"=",2,2022,0.541,0.074,1.48
"DWR_EMP","D10",38.04631,-121.9183,2022-03-15,2022-03-15 22:05:00,0.05,"<",0.332,"=",0.065,"=",11.5,"=",3,2022,0.332,0.065,11.5
"DWR_EMP","D10",38.04631,-121.9183,2022-04-26,2022-04-26 20:35:00,0.094,"=",0.307,"=",0.082,"=",2.21,"=",4,2022,0.307,0.082,2.21
"DWR_EMP","D10",38.04631,-121.9183,2022-05-25,2022-05-25 20:45:00,0.075,"=",0.348,"=",0.096,"=",2.21,"=",5,2022,0.348,0.096,2.21
"DWR_EMP","D10",38.04631,-121.9183,2022-06-24,2022-06-24 21:25:00,0.05,"<",0.225,"=",0.084,"=",3.24,"=",6,2022,0.225,0.084,3.24
"DWR_EMP","D10",38.04631,-121.9183,2022-07-22,2022-07-22 20:50:00,0.057,"=",0.116,"=",0.085,"=",3.62,"=",7,2022,0.116,0.085,3.62
"DWR_EMP","D12",38.02161,-121.8063,2022-02-08,2022-02-08 18:00:00,0.075,"=",0.527,"=",0.062,"=",0.6,"=",2,2022,0.527,0.062,0.6
"DWR_EMP","D12",38.02161,-121.8063,2022-03-10,2022-03-10 17:45:00,0.05,"<",0.31,"=",0.051,"=",3.04,"=",3,2022,0.31,0.051,3.04
"DWR_EMP","D12",38.02161,-121.8063,2022-04-21,2022-04-21 14:55:00,0.081,"=",0.27,"=",0.076,"=",2.97,"=",4,2022,0.27,0.076,2.97
"DWR_EMP","D12",38.02161,-121.8063,2022-05-20,2022-05-20 14:45:00,0.078,"=",0.295,"=",0.085,"=",1.52,"=",5,2022,0.295,0.085,1.52
"DWR_EMP","D12",38.02161,-121.8063,2022-06-21,2022-06-21 17:50:00,0.05,"<",0.202,"=",0.069,"=",2.08,"=",6,2022,0.202,0.069,2.08
"DWR_EMP","D12",38.02161,-121.8063,2022-07-19,2022-07-19 16:20:00,0.05,"<",0.079,"=",0.067,"=",2.78,"=",7,2022,0.079,0.067,2.78
"DWR_EMP","D16",38.0969,-121.6691,2022-02-08,2022-02-08 19:10:00,0.05,"<",0.447,"=",0.06,"=",0.5,"<",2,2022,0.447,0.06,0
"DWR_EMP","D16",38.0969,-121.6691,2022-03-10,2022-03-10 19:00:00,0.05,"<",0.315,"=",0.05,"<",2.65,"=",3,2022,0.315,0,2.65
"DWR_EMP","D16",38.0969,-121.6691,2022-04-21,2022-04-21 17:15:00,0.05,"<",0.243,"=",0.069,"=",2.23,"=",4,2022,0.243,0.069,2.23
"DWR_EMP","D16",38.0969,-121.6691,2022-05-20,2022-05-20 17:30:00,0.05,"<",0.213,"=",0.065,"=",1.7,"=",5,2022,0.213,0.065,1.7
"DWR_EMP","D16",38.0969,-121.6691,2022-06-21,2022-06-21 20:15:00,0.05,"<",0.164,"=",0.065,"=",1.95,"=",6,2022,0.164,0.065,1.95
"DWR_EMP","D16",38.0969,-121.6691,2022-07-20,2022-07-20 16:20:00,0.05,"<",0.073,"=",0.051,"=",1.69,"=",7,2022,0.073,0.051,1.69
"DWR_EMP","D19",38.04376,-121.6148,2022-02-08,2022-02-08 20:10:00,0.05,"<",0.59,"=",0.063,"=",1.25,"=",2,2022,0.59,0.063,1.25
"DWR_EMP","D19",38.04376,-121.6148,2022-03-10,2022-03-10 20:00:00,0.05,"<",0.353,"=",0.05,"<",2.66,"=",3,2022,0.353,0,2.66
"DWR_EMP","D19",38.04376,-121.6148,2022-04-21,2022-04-21 18:50:00,0.05,"<",0.123,"=",0.05,"<",9.21,"=",4,2022,0.123,0,9.21
"DWR_EMP","D19",38.04376,-121.6148,2022-05-20,2022-05-20 18:45:00,0.05,"<",0.122,"=",0.05,"=",2.47,"=",5,2022,0.122,0.05,2.47
"DWR_EMP","D19",38.04376,-121.6148,2022-06-21,2022-06-21 21:45:00,0.05,"<",0.05,"<",0.05,"=",1.83,"=",6,2022,0,0.05,1.83
"DWR_EMP","D19",38.04376,-121.6148,2022-07-19,2022-07-19 18:50:00,0.05,"<",0.05,"<",0.057,"=",1.66,"=",7,2022,0,0.057,1.66
"DWR_EMP","D22",38.08453,-121.7391,2022-02-10,2022-02-10 21:50:00,0.05,"<",0.314,"=",0.057,"=",1.31,"=",2,2022,0.314,0.057,1.31
"DWR_EMP","D22",38.08453,-121.7391,2022-03-14,2022-03-14 22:25:00,0.05,"<",0.204,"=",0.05,"<",1.64,"=",3,2022,0.204,0,1.64
"DWR_EMP","D22",38.08453,-121.7391,2022-04-25,2022-04-25 20:00:00,0.05,"<",0.247,"=",0.077,"=",5.3,"=",4,2022,0.247,0.077,5.3
"DWR_EMP","D22",38.08453,-121.7391,2022-05-24,2022-05-24 20:15:00,0.05,"<",0.231,"=",0.073,"=",2.73,"=",5,2022,0.231,0.073,2.73
"DWR_EMP","D22",38.08453,-121.7391,2022-06-23,2022-06-23 20:55:00,0.05,"<",0.191,"=",0.068,"=",1.79,"=",6,2022,0.191,0.068,1.79
"DWR_EMP","D22",38.08453,-121.7391,2022-07-21,2022-07-21 19:25:00,0.05,"<",0.096,"=",0.059,"=",2.26,"=",7,2022,0.096,0.059,2.26
"DWR_EMP","D26",38.07664,-121.5669,2022-02-09,2022-02-09 18:15:00,0.05,"<",0.494,"=",0.059,"=",1.02,"=",2,2022,0.494,0.059,1.02
"DWR_EMP","D26",38.07664,-121.5669,2022-03-11,2022-03-11 18:25:00,0.05,"<",0.365,"=",0.05,"<",3.96,"=",3,2022,0.365,0,3.96
"DWR_EMP","D26",38.07664,-121.5669,2022-04-22,2022-04-22 15:30:00,0.05,"<",0.24,"=",0.056,"=",2.12,"=",4,2022,0.24,0.056,2.12
"DWR_EMP","D26",38.07664,-121.5669,2022-05-23,2022-05-23 17:05:00,0.05,"<",0.151,"=",0.052,"=",2.86,"=",5,2022,0.151,0.052,2.86
"DWR_EMP","D26",38.07664,-121.5669,2022-06-22,2022-06-22 18:05:00,0.05,"<",0.108,"=",0.064,"=",1.43,"=",6,2022,0.108,0.064,1.43
"DWR_EMP","D26",38.07664,-121.5669,2022-07-20,2022-07-20 17:15:00,0.05,"<",0.067,"=",0.052,"=",2.8,"=",7,2022,0.067,0.052,2.8
"DWR_EMP","D28A",37.97048,-121.573,2022-02-08,2022-02-08 21:05:00,0.05,"<",0.683,"=",0.054,"=",0.5,"<",2,2022,0.683,0.054,0
"DWR_EMP","D28A",37.97048,-121.573,2022-03-10,2022-03-10 21:00:00,0.05,"<",0.387,"=",0.05,"<",2.32,"=",3,2022,0.387,0,2.32
"DWR_EMP","D28A",37.97048,-121.573,2022-04-21,2022-04-21 19:35:00,0.05,"<",0.221,"=",0.056,"=",1.34,"=",4,2022,0.221,0.056,1.34
"DWR_EMP","D28A",37.97048,-121.573,2022-05-20,2022-05-20 19:35:00,0.05,"<",0.12,"=",0.058,"=",1.55,"=",5,2022,0.12,0.058,1.55
"DWR_EMP","D28A",37.97048,-121.573,2022-06-21,2022-06-21 22:45:00,0.05,"<",0.074,"=",0.08,"=",2.48,"=",6,2022,0.074,0.08,2.48
"DWR_EMP","D28A",37.97048,-121.573,2022-07-19,2022-07-19 19:50:00,0.05,"<",0.05,"<",0.068,"=",8.02,"=",7,2022,0,0.068,8.02
"DWR_EMP","D4",38.06248,-121.8205,2022-02-10,2022-02-10 19:30:00,0.09,"=",0.52,"=",0.074,"=",0.63,"=",2,2022,0.52,0.074,0.63
"DWR_EMP","D4",38.06248,-121.8205,2022-03-14,2022-03-14 20:50:00,0.05,"<",0.31,"=",0.055,"=",5.83,"=",3,2022,0.31,0.055,5.83
"DWR_EMP","D4",38.06248,-121.8205,2022-04-25,2022-04-25 19:10:00,0.082,"=",0.276,"=",0.075,"=",1.78,"=",4,2022,0.276,0.075,1.78
"DWR_EMP","D4",38.06248,-121.8205,2022-05-24,2022-05-24 18:55:00,0.077,"=",0.306,"=",0.084,"=",2.27,"=",5,2022,0.306,0.084,2.27
"DWR_EMP","D4",38.06248,-121.8205,2022-06-23,2022-06-23 19:45:00,0.05,"<",0.233,"=",0.079,"=",2.5,"=",6,2022,0.233,0.079,2.5
"DWR_EMP","D4",38.06248,-121.8205,2022-07-21,2022-07-21 18:30:00,0.05,"=",0.1,"=",0.072,"=",2.1,"=",7,2022,0.1,0.072,2.1
"DWR_EMP","D41",38.03022,-122.3729,2022-02-15,2022-02-15 20:05:00,0.0536,"=",0.306,"=",0.068,"=",2.56,"=",2,2022,0.306,0.068,2.56
"DWR_EMP","D41",38.03022,-122.3729,2022-03-17,2022-03-17 20:15:00,0.068,"=",0.252,"=",0.07,"=",2.68,"=",3,2022,0.252,0.07,2.68
"DWR_EMP","D41",38.03022,-122.3729,2022-04-28,2022-04-28 20:40:00,0.08,"=",0.25,"=",0.08,"=",3.77,"=",4,2022,0.25,0.08,3.77
"DWR_EMP","D41",38.03022,-122.3729,2022-05-26,2022-05-26 18:35:00,0.061,"=",0.272,"=",0.086,"=",4.18,"=",5,2022,0.272,0.086,4.18
"DWR_EMP","D41",38.03022,-122.3729,2022-06-28,2022-06-28 22:10:00,0.058,"=",0.257,"=",0.103,"=",2.12,"=",6,2022,0.257,0.103,2.12
"DWR_EMP","D41",38.03022,-122.3729,2022-07-26,2022-07-26 21:10:00,0.125,"=",0.246,"=",0.11,"=",5.74,"=",7,2022,0.246,0.11,5.74
"DWR_EMP","D41A",38.08472,-122.3907,2022-02-15,2022-02-15 18:25:00,0.082,"=",0.406,"=",0.084,"=",3.32,"=",2,2022,0.406,0.084,3.32
"DWR_EMP","D41A",38.08472,-122.3907,2022-03-17,2022-03-17 18:45:00,0.061,"=",0.283,"=",0.078,"=",2.88,"=",3,2022,0.283,0.078,2.88
"DWR_EMP","D41A",38.08472,-122.3907,2022-04-28,2022-04-28 19:15:00,0.05,"<",0.294,"=",0.083,"=",7.39,"=",4,2022,0.294,0.083,7.39
"DWR_EMP","D41A",38.08472,-122.3907,2022-05-26,2022-05-26 17:15:00,0.05,"<",0.263,"=",0.094,"=",13.1,"=",5,2022,0.263,0.094,13.1
"DWR_EMP","D41A",38.08472,-122.3907,2022-06-28,2022-06-28 20:35:00,0.05,"<",0.273,"=",0.103,"=",4.74,"=",6,2022,0.273,0.103,4.74
"DWR_EMP","D41A",38.08472,-122.3907,2022-07-26,2022-07-26 19:40:00,0.09,"=",0.27,"=",0.123,"=",7.49,"=",7,2022,0.27,0.123,7.49
"DWR_EMP","D6",38.04436,-122.1177,2022-02-11,2022-02-11 18:45:00,0.109,"=",0.455,"=",0.08,"=",0.73,"=",2,2022,0.455,0.08,0.73
"DWR_EMP","D6",38.04436,-122.1177,2022-03-15,2022-03-15 20:30:00,0.082,"=",0.352,"=",0.078,"=",2.99,"=",3,2022,0.352,0.078,2.99
"DWR_EMP","D6",38.04436,-122.1177,2022-04-26,2022-04-26 19:05:00,0.128,"=",0.325,"=",0.092,"=",2.51,"=",4,2022,0.325,0.092,2.51
"DWR_EMP","D6",38.04436,-122.1177,2022-05-25,2022-05-25 19:00:00,0.104,"=",0.344,"=",0.104,"=",2.43,"=",5,2022,0.344,0.104,2.43
"DWR_EMP","D6",38.04436,-122.1177,2022-06-24,2022-06-24 20:00:00,0.063,"=",0.285,"=",0.101,"=",3.75,"=",6,2022,0.285,0.101,3.75
"DWR_EMP","D6",38.04436,-122.1177,2022-07-22,2022-07-22 19:15:00,0.074,"=",0.168,"=",0.099,"=",7.47,"=",7,2022,0.168,0.099,7.47
"DWR_EMP","D7",38.11714,-122.0397,2022-02-14,2022-02-14 19:50:00,0.107,"=",0.511,"=",0.076,"=",3.66,"=",2,2022,0.511,0.076,3.66
"DWR_EMP","D7",38.11714,-122.0397,2022-03-16,2022-03-16 19:15:00,0.053,"=",0.354,"=",0.069,"=",5.45,"=",3,2022,0.354,0.069,5.45
"DWR_EMP","D7",38.11714,-122.0397,2022-04-27,2022-04-27 18:45:00,0.106,"=",0.345,"=",0.089,"=",2.53,"=",4,2022,0.345,0.089,2.53
"DWR_EMP","D7",38.11714,-122.0397,2022-05-27,2022-05-27 19:25:00,0.086,"=",0.362,"=",0.104,"=",2.75,"=",5,2022,0.362,0.104,2.75
"DWR_EMP","D7",38.11714,-122.0397,2022-06-27,2022-06-27 21:55:00,0.05,"<",0.196,"=",0.089,"=",7.36,"=",6,2022,0.196,0.089,7.36
"DWR_EMP","D7",38.11714,-122.0397,2022-07-25,2022-07-25 21:30:00,0.081,"=",0.16,"=",0.1,"=",2.5,"=",7,2022,0.16,0.1,2.5
"DWR_EMP","D8",38.05992,-121.99,2022-02-11,2022-02-11 19:45:00,0.118,"=",0.551,"=",0.081,"=",0.7,"=",2,2022,0.551,0.081,0.7
"DWR_EMP","D8",38.05992,-121.99,2022-03-15,2022-03-15 21:25:00,0.051,"=",0.351,"=",0.07,"=",5.81,"=",3,2022,0.351,0.07,5.81
"DWR_EMP","D8",38.05992,-121.99,2022-04-26,2022-04-26 19:55:00,0.154,"=",0.33,"=",0.088,"=",2.44,"=",4,2022,0.33,0.088,2.44
"DWR_EMP","D8",38.05992,-121.99,2022-05-25,2022-05-25 19:55:00,0.08,"=",0.361,"=",0.098,"=",2.26,"=",5,2022,0.361,0.098,2.26
"DWR_EMP","D8",38.05992,-121.99,2022-06-24,2022-06-24 20:45:00,0.05,"<",0.254,"=",0.089,"=",4.5,"=",6,2022,0.254,0.089,4.5
"DWR_EMP","D8",38.05992,-121.99,2022-07-22,2022-07-22 20:05:00,0.057,"=",0.125,"=",0.089,"=",3.72,"=",7,2022,0.125,0.089,3.72
"DWR_EMP","MD10A",38.04226,-121.4199,2022-02-09,2022-02-09 19:40:00,0.05,"<",0.576,"=",0.077,"=",1.08,"=",2,2022,0.576,0.077,1.08
"DWR_EMP","MD10A",38.04226,-121.4199,2022-03-11,2022-03-11 20:10:00,0.067,"=",0.422,"=",0.05,"<",0.82,"=",3,2022,0.422,0,0.82
"DWR_EMP","MD10A",38.04226,-121.4199,2022-04-22,2022-04-22 17:05:00,0.05,"<",0.437,"=",0.083,"=",1.25,"=",4,2022,0.437,0.083,1.25
"DWR_EMP","MD10A",38.04226,-121.4199,2022-05-23,2022-05-23 18:30:00,0.05,"<",0.177,"=",0.109,"=",2.08,"=",5,2022,0.177,0.109,2.08
"DWR_EMP","MD10A",38.04226,-121.4199,2022-06-22,2022-06-22 19:30:00,0.05,"<",0.178,"=",0.12,"=",2.78,"=",6,2022,0.178,0.12,2.78
"DWR_EMP","MD10A",38.04226,-121.4199,2022-07-20,2022-07-20 18:45:00,0.05,"<",0.05,"<",0.105,"=",3.45,"=",7,2022,0,0.105,3.45
"DWR_EMP","NZ002",38.06529,-122.2152,2022-02-15,2022-02-15 21:10:00,0.091,"=",0.421,"=",0.083,"=",2.72,"=",2,2022,0.421,0.083,2.72
"DWR_EMP","NZ002",38.06529,-122.2152,2022-03-17,2022-03-17 21:20:00,0.068,"=",0.301,"=",0.082,"=",1.56,"=",3,2022,0.301,0.082,1.56
"DWR_EMP","NZ002",38.06529,-122.2152,2022-04-28,2022-04-28 21:40:00,0.097,"=",0.298,"=",0.092,"=",3.21,"=",4,2022,0.298,0.092,3.21
"DWR_EMP","NZ002",38.06529,-122.2152,2022-05-26,2022-05-26 19:35:00,0.075,"=",0.27,"=",0.094,"=",4.15,"=",5,2022,0.27,0.094,4.15
"DWR_EMP","NZ002",38.06529,-122.2152,2022-06-28,2022-06-28 23:25:00,0.064,"=",0.267,"=",0.104,"=",3.48,"=",6,2022,0.267,0.104,3.48
"DWR_EMP","NZ002",38.06529,-122.2152,2022-07-26,2022-07-26 22:10:00,0.114,"=",0.229,"=",0.11,"=",2.19,"=",7,2022,0.229,0.11,2.19
"DWR_EMP","NZ004",38.03576,-122.1616,2022-02-15,2022-02-15 21:25:00,0.111,"=",0.479,"=",0.087,"=",2.06,"=",2,2022,0.479,0.087,2.06
"DWR_EMP","NZ004",38.03576,-122.1616,2022-03-17,2022-03-17 21:35:00,0.08,"=",0.327,"=",0.084,"=",0.91,"=",3,2022,0.327,0.084,0.91
"DWR_EMP","NZ004",38.03576,-122.1616,2022-04-28,2022-04-28 22:00:00,0.105,"=",0.306,"=",0.093,"=",2.64,"=",4,2022,0.306,0.093,2.64
"DWR_EMP","NZ004",38.03576,-122.1616,2022-05-26,2022-05-26 19:50:00,0.093,"=",0.306,"=",0.098,"=",2.94,"=",5,2022,0.306,0.098,2.94
"DWR_EMP","NZ004",38.03576,-122.1616,2022-06-28,2022-06-28 23:40:00,0.066,"=",0.263,"=",0.104,"=",4.93,"=",6,2022,0.263,0.104,4.93
"DWR_EMP","NZ004",38.03576,-122.1616,2022-07-26,2022-07-26 22:30:00,0.113,"=",0.216,"=",0.112,"=",1.86,"=",7,2022,0.216,0.112,1.86
"DWR_EMP","NZ032",38.16991,-122.0211,2022-02-14,2022-02-14 22:00:00,0.075,"=",0.555,"=",0.068,"=",8.1,"=",2,2022,0.555,0.068,8.1
"DWR_EMP","NZ032",38.16991,-122.0211,2022-03-16,2022-03-16 21:45:00,0.05,"<",0.374,"=",0.074,"=",3.8,"=",3,2022,0.374,0.074,3.8
"DWR_EMP","NZ032",38.16991,-122.0211,2022-04-27,2022-04-27 21:05:00,0.108,"=",0.337,"=",0.07,"=",2.5,"=",4,2022,0.337,0.07,2.5
"DWR_EMP","NZ032",38.16991,-122.0211,2022-05-27,2022-05-27 21:25:00,0.078,"=",0.363,"=",0.091,"=",3.02,"=",5,2022,0.363,0.091,3.02
"DWR_EMP","NZ032",38.16991,-122.0211,2022-06-27,2022-06-28 00:15:00,0.05,"<",0.192,"=",0.09,"=",9.54,"=",6,2022,0.192,0.09,9.54
"DWR_EMP","NZ032",38.16991,-122.0211,2022-07-25,2022-07-25 23:50:00,0.065,"=",0.173,"=",0.106,"=",1.28,"=",7,2022,0.173,0.106,1.28
"DWR_EMP","NZ068",38.14272,-121.6895,2022-02-10,2022-02-10 22:45:00,0.05,"<",0.25,"=",0.05,"<",1.12,"=",2,2022,0.25,0,1.12
"DWR_EMP","NZ068",38.14272,-121.6895,2022-03-14,2022-03-14 23:20:00,0.05,"<",0.213,"=",0.05,"<",1.18,"=",3,2022,0.213,0,1.18
"DWR_EMP","NZ068",38.14272,-121.6895,2022-04-25,2022-04-25 20:55:00,0.05,"<",0.219,"=",0.069,"=",2,"=",4,2022,0.219,0.069,2
"DWR_EMP","NZ068",38.14272,-121.6895,2022-05-24,2022-05-24 21:40:00,0.05,"<",0.174,"=",0.056,"=",1.8,"=",5,2022,0.174,0.056,1.8
"DWR_EMP","NZ068",38.14272,-121.6895,2022-06-23,2022-06-23 22:20:00,0.05,"<",0.157,"=",0.055,"=",1.94,"=",6,2022,0.157,0.055,1.94
"DWR_EMP","NZ068",38.14272,-121.6895,2022-07-21,2022-07-21 20:20:00,0.05,"<",0.097,"=",0.052,"=",2.53,"=",7,2022,0.097,0.052,2.53
"DWR_EMP","NZ325",38.05798,-122.2919,2022-02-15,2022-02-15 20:50:00,0.05,"<",0.231,"=",0.073,"=",13.5,"=",2,2022,0.231,0.073,13.5
"DWR_EMP","NZ325",38.05798,-122.2919,2022-03-17,2022-03-17 21:00:00,0.065,"=",0.292,"=",0.079,"=",1.6,"=",3,2022,0.292,0.079,1.6
"DWR_EMP","NZ325",38.05798,-122.2919,2022-04-28,2022-04-28 21:25:00,0.05,"<",0.095,"=",0.086,"=",10.6,"=",4,2022,0.095,0.086,10.6
"DWR_EMP","NZ325",38.05798,-122.2919,2022-05-26,2022-05-26 19:15:00,0.086,"=",0.289,"=",0.099,"=",5.1,"=",5,2022,0.289,0.099,5.1
"DWR_EMP","NZ325",38.05798,-122.2919,2022-06-28,2022-06-28 23:00:00,0.06,"=",0.266,"=",0.104,"=",4.03,"=",6,2022,0.266,0.104,4.03
"DWR_EMP","NZ325",38.05798,-122.2919,2022-07-26,2022-07-26 21:55:00,0.111,"=",0.244,"=",0.114,"=",3.15,"=",7,2022,0.244,0.114,3.15
"DWR_EMP","NZS42",38.18045,-122.0476,2022-02-14,2022-02-14 20:50:00,0.105,"=",0.601,"=",0.071,"=",5.96,"=",2,2022,0.601,0.071,5.96
"DWR_EMP","NZS42",38.18045,-122.0476,2022-03-16,2022-03-16 20:35:00,0.054,"=",0.42,"=",0.073,"=",9.2,"=",3,2022,0.42,0.073,9.2
"DWR_EMP","NZS42",38.18045,-122.0476,2022-04-27,2022-04-27 20:00:00,0.117,"=",0.363,"=",0.067,"=",3.03,"=",4,2022,0.363,0.067,3.03
"DWR_EMP","NZS42",38.18045,-122.0476,2022-05-27,2022-05-27 20:25:00,0.091,"=",0.439,"=",0.1,"=",3.2,"=",5,2022,0.439,0.1,3.2
"DWR_EMP","NZS42",38.18045,-122.0476,2022-06-27,2022-06-27 23:15:00,0.051,"=",0.285,"=",0.102,"=",4.25,"=",6,2022,0.285,0.102,4.25
"DWR_EMP","NZS42",38.18045,-122.0476,2022-07-25,2022-07-25 22:55:00,0.078,"=",0.198,"=",0.102,"=",2.21,"=",7,2022,0.198,0.102,2.21
"DWR_EMP","P8",37.97817,-121.3823,2022-02-09,2022-02-09 21:25:00,0.145,"=",5.47,"=",0.326,"=",0.88,"=",2,2022,5.47,0.326,0.88
"DWR_EMP","P8",37.97817,-121.3823,2022-03-11,2022-03-11 21:50:00,0.07,"=",3.27,"=",0.13,"=",1.88,"=",3,2022,3.27,0.13,1.88
"DWR_EMP","P8",37.97817,-121.3823,2022-04-22,2022-04-22 18:45:00,0.109,"=",3.55,"=",0.296,"=",3.55,"=",4,2022,3.55,0.296,3.55
"DWR_EMP","P8",37.97817,-121.3823,2022-05-23,2022-05-23 19:55:00,0.068,"=",2.42,"=",0.301,"=",2.67,"=",5,2022,2.42,0.301,2.67
"DWR_EMP","P8",37.97817,-121.3823,2022-06-22,2022-06-22 21:10:00,0.05,"<",3.58,"=",0.456,"=",4.3,"=",6,2022,3.58,0.456,4.3
"DWR_EMP","P8",37.97817,-121.3823,2022-07-20,2022-07-20 20:25:00,0.05,"<",1.26,"=",0.295,"=",5.24,"=",7,2022,1.26,0.295,5.24
"DWR_EMP","EZ2",38.070415,-121.77857,2022-02-10,2022-02-10 21:15:00,0.05,"<",0.416,"=",0.066,"=",1.46,"=",2,2022,0.416,0.066,1.46
"DWR_EMP","EZ2",38.067968,-121.782238,2022-03-14,2022-03-14 21:45:00,0.05,"<",0.289,"=",0.051,"=",5.38,"=",3,2022,0.289,0.051,5.38
"DWR_EMP","EZ2",38.087031,-121.747001,2022-04-25,2022-04-25 20:00:00,0.05,"<",0.243,"=",0.074,"=",5.96,"=",4,2022,0.243,0.074,5.96
"DWR_EMP","EZ2",38.107538,-121.714945,2022-05-24,2022-05-24 20:55:00,0.05,"<",0.209,"=",0.068,"=",2.47,"=",5,2022,0.209,0.068,2.47
"DWR_EMP","EZ2",38.11555,-121.70688,2022-06-23,2022-06-23 21:40:00,0.05,"<",0.171,"=",0.059,"=",2.06,"=",6,2022,0.171,0.059,2.06
"DWR_EMP","EZ2",38.09494,-121.73506,2022-07-21,2022-07-21 19:45:00,0.05,"<",0.098,"=",0.06,"=",2.94,"=",7,2022,0.098,0.06,2.94
"DWR_EMP","EZ6",38.063383,-121.827268,2022-02-10,2022-02-10 20:05:00,0.088,"=",0.493,"=",0.07,"=",1.5,"=",2,2022,0.493,0.07,1.5
"DWR_EMP","EZ6",38.065125,-121.841436,2022-03-14,2022-03-14 21:00:00,0.05,"<",0.32,"=",0.056,"=",6.1,"=",3,2022,0.32,0.056,6.1
"DWR_EMP","EZ6",38.065698,-121.835,2022-04-25,2022-04-25 19:10:00,0.081,"=",0.275,"=",0.076,"=",1.47,"=",4,2022,0.275,0.076,1.47
"DWR_EMP","EZ6",38.06919,-121.77896,2022-05-24,2022-05-24 19:40:00,0.068,"=",0.277,"=",0.081,"=",2.17,"=",5,2022,0.277,0.081,2.17
"DWR_EMP","EZ6",38.089783,-121.74205,2022-06-23,2022-06-23 20:25:00,0.05,"<",0.197,"=",0.068,"=",1.6,"=",6,2022,0.197,0.068,1.6
"DWR_EMP","EZ6",38.06209,-121.8174,2022-07-21,2022-07-21 18:55:00,0.05,"<",0.097,"=",0.075,"=",2.32,"=",7,2022,0.097,0.075,2.32
"DWR_EMP","EZ2-SJR",38.02171,-121.80791,2022-02-08,2022-02-08 18:00:00,0.073,"=",0.543,"=",0.065,"=",1.07,"=",2,2022,0.543,0.065,1.07
"DWR_EMP","EZ2-SJR",38.028141,-121.737145,2022-04-21,2022-04-21 16:35:00,0.056,"=",0.25,"=",0.068,"=",4.25,"=",4,2022,0.25,0.068,4.25
"DWR_EMP","EZ2-SJR",38.05489,-121.687173,2022-05-20,2022-05-20 16:50:00,0.05,"<",0.222,"=",0.066,"=",1.75,"=",5,2022,0.222,0.066,1.75
"DWR_EMP","EZ2-SJR",38.04785,-121.695857,2022-06-21,2022-06-21 19:30:00,0.05,"<",0.167,"=",0.065,"=",1.73,"=",6,2022,0.167,0.065,1.73
"DWR_EMP","EZ2-SJR",38.03501,-121.708326,2022-07-19,2022-07-19 17:10:00,0.05,"<",0.061,"=",0.065,"=",2.35,"=",7,2022,0.061,0.065,2.35
"DWR_EMP","EZ6-SJR",38.026166,-121.778143,2022-04-21,2022-04-21 15:40:00,0.067,"=",0.256,"=",0.075,"=",3.33,"=",4,2022,0.256,0.075,3.33
"DWR_EMP","EZ6-SJR",38.027825,-121.76056,2022-05-20,2022-05-20 15:55:00,0.076,"=",0.281,"=",0.084,"=",1.71,"=",5,2022,0.281,0.084,1.71
"DWR_EMP","EZ6-SJR",38.024758,-121.791615,2022-06-21,2022-06-21 18:30:00,0.05,"<",0.192,"=",0.069,"=",2.14,"=",6,2022,0.192,0.069,2.14
"DWR_EMP","EZ6-SJR",38.021318,-121.80704,2022-07-19,2022-07-19 16:20:00,0.05,"<",0.081,"=",0.067,"=",2.75,"=",7,2022,0.081,0.067,2.75
"DWR_EMP","C3A",38.36771,-121.5205,2022-02-07,2022-02-07 18:45:00,0.05,"<",0.253,"=",0.05,"<",1.01,"=",2,2022,0.253,0,1.01
"DWR_EMP","C3A",38.36771,-121.5205,2022-03-09,2022-03-09 18:30:00,0.05,"<",0.22,"=",0.05,"<",1.43,"=",3,2022,0.22,0,1.43
"DWR_EMP","C3A",38.36771,-121.5205,2022-04-06,2022-04-06 17:00:00,0.05,"<",0.187,"=",0.069,"=",0.87,"=",4,2022,0.187,0.069,0.87
"DWR_EMP","C3A",38.36771,-121.5205,2022-05-19,2022-05-19 15:15:00,0.05,"<",0.148,"=",0.05,"<",1.3,"=",5,2022,0.148,0,1.3
"DWR_EMP","C3A",38.36771,-121.5205,2022-06-20,2022-06-20 18:00:00,0.05,"<",0.112,"=",0.05,"<",0.92,"=",6,2022,0.112,0,0.92
"DWR_EMP","C3A",38.36771,-121.5205,2022-07-18,2022-07-18 16:45:00,0.05,"<",0.221,"=",0.05,"<",0.82,"=",7,2022,0.221,0,0.82
"DWR_EMP","C10A",37.67934,-121.2647,2022-08-15,2022-08-15 19:30:00,0.05,"<",0.379,"=",0.05,"<",7.78,"=",8,2022,0.379,0,7.78
"DWR_EMP","C9",37.83095,-121.554,2022-08-15,2022-08-15 18:15:00,0.05,"<",0.087,"=",0.073,"=",3.77,"=",8,2022,0.087,0.073,3.77
"DWR_EMP","D10",38.04631,-121.9183,2022-08-19,2022-08-19 19:50:00,0.061,"=",0.213,"=",0.096,"=",2.21,"=",8,2022,0.213,0.096,2.21
"DWR_EMP","D12",38.02161,-121.8063,2022-08-16,2022-08-16 15:10:00,0.05,"<",0.106,"=",0.071,"=",2.27,"=",8,2022,0.106,0.071,2.27
"DWR_EMP","D16",38.0969,-121.6691,2022-08-17,2022-08-17 15:00:00,0.05,"<",0.067,"=",0.051,"=",2.26,"=",8,2022,0.067,0.051,2.26
"DWR_EMP","D19",38.04376,-121.6148,2022-08-16,2022-08-16 18:30:00,0.05,"<",0.05,"<",0.055,"=",2.11,"=",8,2022,0,0.055,2.11
"DWR_EMP","D22",38.08453,-121.7391,2022-08-18,2022-08-18 18:05:00,0.05,"<",0.102,"=",0.062,"=",2.1,"=",8,2022,0.102,0.062,2.1
"DWR_EMP","D26",38.07664,-121.5669,2022-08-17,2022-08-17 15:50:00,0.05,"<",0.068,"=",0.05,"<",2.24,"=",8,2022,0.068,0,2.24
"DWR_EMP","D28A",37.97048,-121.573,2022-08-16,2022-08-16 19:30:00,0.05,"<",0.051,"=",0.06,"=",3.9,"=",8,2022,0.051,0.06,3.9
"DWR_EMP","D4",38.06248,-121.8205,2022-08-18,2022-08-18 17:00:00,0.054,"=",0.163,"=",0.08,"=",1.89,"=",8,2022,0.163,0.08,1.89
"DWR_EMP","D41",38.03022,-122.3729,2022-08-23,2022-08-23 20:05:00,0.05,"<",0.05,"<",0.061,"=",56.2,"=",8,2022,0,0.061,56.2
"DWR_EMP","D41A",38.08472,-122.3907,2022-08-23,2022-08-23 18:35:00,0.05,"<",0.05,"<",0.066,"=",65.2,"=",8,2022,0,0.066,65.2
"DWR_EMP","D6",38.04436,-122.1177,2022-08-19,2022-08-19 18:10:00,0.099,"=",0.3,"=",0.115,"=",2.85,"=",8,2022,0.3,0.115,2.85
"DWR_EMP","D7",38.11714,-122.0397,2022-08-22,2022-08-22 19:50:00,0.06,"=",0.303,"=",0.113,"=",2.65,"=",8,2022,0.303,0.113,2.65
"DWR_EMP","D8",38.05992,-121.99,2022-08-19,2022-08-19 19:10:00,0.069,"=",0.244,"=",0.102,"=",2.18,"=",8,2022,0.244,0.102,2.18
"DWR_EMP","MD10A",38.04226,-121.4199,2022-08-17,2022-08-17 17:20:00,0.05,"<",0.05,"<",0.074,"=",1.96,"=",8,2022,0,0.074,1.96
"DWR_EMP","NZ002",38.06529,-122.2152,2022-08-23,2022-08-23 21:10:00,0.05,"<",0.237,"=",0.103,"=",19.5,"=",8,2022,0.237,0.103,19.5
"DWR_EMP","NZ004",38.03576,-122.1616,2022-08-23,2022-08-23 21:25:00,0.07,"=",0.282,"=",0.111,"=",11.7,"=",8,2022,0.282,0.111,11.7
"DWR_EMP","NZ032",38.16991,-122.0211,2022-08-22,2022-08-22 22:15:00,0.05,"<",0.332,"=",0.112,"=",2.9,"=",8,2022,0.332,0.112,2.9
"DWR_EMP","NZ068",38.14272,-121.6895,2022-08-18,2022-08-18 19:15:00,0.05,"<",0.079,"=",0.05,"<",3.06,"=",8,2022,0.079,0,3.06
"DWR_EMP","NZ325",38.05798,-122.2919,2022-08-23,2022-08-23 20:50:00,0.05,"<",0.139,"=",0.093,"=",49.8,"=",8,2022,0.139,0.093,49.8
"DWR_EMP","NZS42",38.18045,-122.0476,2022-08-22,2022-08-22 21:10:00,0.05,"<",0.379,"=",0.116,"=",3.49,"=",8,2022,0.379,0.116,3.49
"DWR_EMP","P8",37.97817,-121.3823,2022-08-17,2022-08-17 18:55:00,0.05,"<",0.806,"=",0.26,"=",4.12,"=",8,2022,0.806,0.26,4.12
"DWR_EMP","EZ2",38.106818,-121.716593,2022-08-18,2022-08-18 18:35:00,0.05,"<",0.089,"=",0.057,"=",2.34,"=",8,2022,0.089,0.057,2.34
"DWR_EMP","EZ6",38.080313,-121.7589,2022-08-18,2022-08-18 17:50:00,0.05,"<",0.113,"=",0.072,"=",2.49,"=",8,2022,0.113,0.072,2.49
"DWR_EMP","EZ2-SJR",38.04419,-121.696307,2022-08-16,2022-08-16 16:45:00,0.05,"<",0.068,"=",0.062,"=",2.29,"=",8,2022,0.068,0.062,2.29
"DWR_EMP","EZ6-SJR",38.024423,-121.79298,2022-08-16,2022-08-16 15:50:00,0.05,"<",0.105,"=",0.069,"=",2.47,"=",8,2022,0.105,0.069,2.47
"DWR_EMP","C3A",38.36771,-121.5205,2022-08-15,2022-08-15 16:00:00,0.05,"<",0.17,"=",0.05,"<",0.89,"=",8,2022,0.17,0,0.89
"DWR_NCRO","BET",38.033354,-121.61984,2022-02-03,2022-02-03 20:01:00,0.05,"<",0.698,"=",0.05,"<",2.89,"=",2,2022,0.698,0,2.89
"DWR_NCRO","BET",38.033354,-121.61984,2022-03-15,2022-03-15 18:37:00,NA,"=",NA,"=",NA,"=",3.28,"=",3,2022,NA,NA,3.28
"DWR_NCRO","BET",38.033354,-121.61984,2022-04-19,2022-04-19 18:13:00,0.05,"<",0.164,"=",0.05,"<",5.29,"=",4,2022,0.164,0,5.29
"DWR_NCRO","BET",38.033354,-121.61984,2022-05-20,2022-05-20 18:54:00,0.05,"<",0.05,"<",0.05,"<",5.23,"=",5,2022,0,0,5.23
"DWR_NCRO","BET",38.033354,-121.61984,2022-06-21,2022-06-21 18:58:00,0.05,"<",0.05,"<",0.058,"=",1.17,"=",6,2022,0,0.058,1.17
"DWR_NCRO","BET",38.033354,-121.61984,2022-07-26,2022-07-26 20:30:00,0.05,"<",0.05,"<",0.075,"=",91.1,"=",7,2022,0,0.075,91.1
"DWR_NCRO","FAL",38.055469,-121.667129,2022-02-22,2022-02-22 19:26:00,0.05,"<",0.432,"=",0.054,"=",1.73,"=",2,2022,0.432,0.054,1.73
"DWR_NCRO","FAL",38.055469,-121.667129,2022-03-24,2022-03-24 18:01:00,0.05,"<",0.251,"=",0.05,"=",3.22,"=",3,2022,0.251,0.05,3.22
"DWR_NCRO","FAL",38.055469,-121.667129,2022-04-26,2022-04-26 18:27:00,0.05,"<",0.201,"=",0.055,"=",1.18,"=",4,2022,0.201,0.055,1.18
"DWR_NCRO","FAL",38.055469,-121.667129,2022-05-24,2022-05-24 18:27:00,0.05,"<",0.175,"=",0.059,"=",1.49,"=",5,2022,0.175,0.059,1.49
"DWR_NCRO","FAL",38.055469,-121.667129,2022-06-28,2022-06-28 17:35:00,0.05,"<",0.121,"=",0.067,"=",0.92,"=",6,2022,0.121,0.067,0.92
"DWR_NCRO","FAL",38.055469,-121.667129,2022-07-26,2022-07-26 17:13:00,0.05,"<",0.054,"=",0.068,"=",1.95,"=",7,2022,0.054,0.068,1.95
"DWR_NCRO","FCT",38.065612,-121.647933,2022-02-22,2022-02-22 18:47:00,0.05,"<",0.437,"=",0.055,"=",1.68,"=",2,2022,0.437,0.055,1.68
"DWR_NCRO","FCT",38.065612,-121.647933,2022-03-24,2022-03-24 18:31:00,0.05,"<",0.257,"=",0.05,"<",3.08,"=",3,2022,0.257,0,3.08
"DWR_NCRO","FCT",38.065612,-121.647933,2022-04-26,2022-04-26 19:08:00,0.05,"<",0.213,"=",0.054,"=",1.06,"=",4,2022,0.213,0.054,1.06
"DWR_NCRO","FCT",38.065612,-121.647933,2022-05-24,2022-05-24 19:03:00,0.05,"<",0.167,"=",0.058,"=",1.3,"=",5,2022,0.167,0.058,1.3
"DWR_NCRO","FCT",38.065612,-121.647933,2022-06-28,2022-06-28 16:56:00,0.05,"<",0.084,"=",0.068,"=",0.82,"=",6,2022,0.084,0.068,0.82
"DWR_NCRO","FCT",38.065612,-121.647933,2022-07-26,2022-07-26 16:41:00,0.05,"<",0.05,"<",0.062,"=",3.62,"=",7,2022,0,0.062,3.62
"DWR_NCRO","GLE",37.82025,-121.434861,2022-03-01,2022-03-01 20:34:00,NA,"=",0.967,"=",NA,"=",1.05,"=",3,2022,0.967,NA,1.05
"DWR_NCRO","GLE",37.82025,-121.434861,2022-04-07,2022-04-07 19:02:00,NA,"=",1.09,"=",NA,"=",1.23,"=",4,2022,1.09,NA,1.23
"DWR_NCRO","GLE",37.82025,-121.434861,2022-05-03,2022-05-03 17:37:00,NA,"=",0.652,"=",NA,"=",0.5,"<",5,2022,0.652,NA,0
"DWR_NCRO","GLE",37.82025,-121.434861,2022-05-31,2022-05-31 17:54:00,NA,"=",0.762,"=",NA,"=",1.5,"=",5,2022,0.762,NA,1.5
"DWR_NCRO","GLE",37.82025,-121.434861,2022-08-02,2022-08-02 18:04:00,NA,"=",0.284,"=",NA,"=",1.11,"=",8,2022,0.284,NA,1.11
"DWR_NCRO","GLE",37.82025,-121.434861,2022-02-02,2022-02-02 19:28:00,NA,"=",NA,"=",NA,"=",0.83,"=",2,2022,NA,NA,0.83
"DWR_NCRO","GLE",37.82025,-121.434861,2022-03-08,2022-03-08 17:58:00,NA,"=",NA,"=",NA,"=",2.08,"=",3,2022,NA,NA,2.08
"DWR_NCRO","GLE",37.82025,-121.434861,2022-04-05,2022-04-05 17:32:00,NA,"=",NA,"=",NA,"=",1.3,"=",4,2022,NA,NA,1.3
"DWR_NCRO","GLE",37.82025,-121.434861,2022-05-04,2022-05-04 16:15:00,NA,"=",NA,"=",NA,"=",1.14,"=",5,2022,NA,NA,1.14
"DWR_NCRO","GLE",37.82025,-121.434861,2022-06-02,2022-06-02 17:49:00,NA,"=",NA,"=",NA,"=",1.97,"=",6,2022,NA,NA,1.97
"DWR_NCRO","GLE",37.82025,-121.434861,2022-07-05,2022-07-05 20:20:00,NA,"=",NA,"=",NA,"=",3.83,"=",7,2022,NA,NA,3.83
"DWR_NCRO","HOL",38.015821,-121.582124,2022-03-09,2022-03-09 19:55:00,0.05,"<",0.343,"=",0.05,"<",3.62,"=",3,2022,0.343,0,3.62
"DWR_NCRO","HOL",38.015821,-121.582124,2022-04-19,2022-04-19 20:05:00,0.05,"<",0.215,"=",0.053,"=",1.32,"=",4,2022,0.215,0.053,1.32
"DWR_NCRO","HOL",38.015821,-121.582124,2022-05-12,2022-05-12 20:08:00,0.05,"<",0.126,"=",0.05,"=",0.97,"=",5,2022,0.126,0.05,0.97
"DWR_NCRO","HOL",38.015821,-121.582124,2022-06-07,2022-06-07 18:56:00,0.05,"<",0.089,"=",0.064,"=",1.97,"=",6,2022,0.089,0.064,1.97
"DWR_NCRO","HOL",38.015821,-121.582124,2022-07-13,2022-07-13 18:42:00,0.05,"<",0.05,"<",0.071,"=",1.6,"=",7,2022,0,0.071,1.6
"DWR_NCRO","MHO",37.87618,-121.383,2022-02-08,2022-02-08 16:51:00,NA,"=",NA,"=",NA,"=",3.25,"=",2,2022,NA,NA,3.25
"DWR_NCRO","MHO",37.87618,-121.383,2022-03-15,2022-03-15 16:13:00,NA,"=",NA,"=",NA,"=",1.67,"=",3,2022,NA,NA,1.67
"DWR_NCRO","MHO",37.87618,-121.383,2022-04-19,2022-04-19 16:04:00,NA,"=",NA,"=",NA,"=",2.43,"=",4,2022,NA,NA,2.43
"DWR_NCRO","MHO",37.87618,-121.383,2022-05-18,2022-05-18 15:58:00,NA,"=",NA,"=",NA,"=",2.13,"=",5,2022,NA,NA,2.13
"DWR_NCRO","MHO",37.87618,-121.383,2022-06-21,2022-06-21 16:28:00,NA,"=",NA,"=",NA,"=",1.73,"=",6,2022,NA,NA,1.73
"DWR_NCRO","MHO",37.87618,-121.383,2022-07-28,2022-07-28 16:45:00,NA,"=",NA,"=",NA,"=",1.82,"=",7,2022,NA,NA,1.82
"DWR_NCRO","MRU",37.8339408,-121.3857561,2022-02-08,2022-02-08 18:06:00,NA,"=",NA,"=",NA,"=",1.19,"=",2,2022,NA,NA,1.19
"DWR_NCRO","MRU",37.8339408,-121.3857561,2022-03-15,2022-03-15 17:12:00,NA,"=",NA,"=",NA,"=",1.38,"=",3,2022,NA,NA,1.38
"DWR_NCRO","MRU",37.8339408,-121.3857561,2022-04-19,2022-04-19 17:01:00,NA,"=",NA,"=",NA,"=",2.97,"=",4,2022,NA,NA,2.97
"DWR_NCRO","MRU",37.8339408,-121.3857561,2022-05-18,2022-05-18 16:50:00,NA,"=",NA,"=",NA,"=",1.21,"=",5,2022,NA,NA,1.21
"DWR_NCRO","MRU",37.8339408,-121.3857561,2022-06-21,2022-06-21 17:13:00,NA,"=",NA,"=",NA,"=",2.14,"=",6,2022,NA,NA,2.14
"DWR_NCRO","MRU",37.8339408,-121.3857561,2022-07-28,2022-07-28 17:35:00,NA,"=",NA,"=",NA,"=",4.31,"=",7,2022,NA,NA,4.31
"DWR_NCRO","HLT",38.003081,-121.510933,2022-02-15,2022-02-15 19:01:00,NA,"=",NA,"=",NA,"=",1.67,"=",2,2022,NA,NA,1.67
"DWR_NCRO","HLT",38.003081,-121.510933,2022-03-09,2022-03-09 18:28:00,NA,"=",NA,"=",NA,"=",1.55,"=",3,2022,NA,NA,1.55
"DWR_NCRO","HLT",38.003081,-121.510933,2022-04-19,2022-04-19 18:43:00,NA,"=",NA,"=",NA,"=",1.21,"=",4,2022,NA,NA,1.21
"DWR_NCRO","HLT",38.003081,-121.510933,2022-05-12,2022-05-12 21:28:00,0.05,"<",0.263,"=",0.058,"=",1.28,"=",5,2022,0.263,0.058,1.28
"DWR_NCRO","HLT",38.003081,-121.510933,2022-06-07,2022-06-07 20:25:00,0.05,"<",0.14,"=",0.083,"=",1.23,"=",6,2022,0.14,0.083,1.23
"DWR_NCRO","HLT",38.003081,-121.510933,2022-07-13,2022-07-13 17:26:00,0.05,"<",0.078,"=",0.079,"=",0.99,"=",7,2022,0.078,0.079,0.99
"DWR_NCRO","MRX",37.881425,-121.467399,2022-02-08,2022-02-08 20:28:00,NA,"=",NA,"=",NA,"=",0.5,"<",2,2022,NA,NA,0
"DWR_NCRO","MRX",37.881425,-121.467399,2022-03-15,2022-03-15 19:14:00,NA,"=",NA,"=",NA,"=",1.18,"=",3,2022,NA,NA,1.18
"DWR_NCRO","MRX",37.881425,-121.467399,2022-04-19,2022-04-19 19:15:00,NA,"=",NA,"=",NA,"=",1.13,"=",4,2022,NA,NA,1.13
"DWR_NCRO","MRX",37.881425,-121.467399,2022-05-18,2022-05-18 18:59:00,NA,"=",NA,"=",NA,"=",2.2,"=",5,2022,NA,NA,2.2
"DWR_NCRO","MRX",37.881425,-121.467399,2022-06-21,2022-06-21 17:57:00,NA,"=",NA,"=",NA,"=",1.48,"=",6,2022,NA,NA,1.48
"DWR_NCRO","MRX",37.881425,-121.467399,2022-07-28,2022-07-28 18:30:00,NA,"=",NA,"=",NA,"=",1.42,"=",7,2022,NA,NA,1.42
"DWR_NCRO","MIR",38.2360319,-121.6660681,2022-02-17,2022-02-17 19:01:00,0.05,"<",0.18,"=",0.05,"<",0.66,"=",2,2022,0.18,0,0.66
"DWR_NCRO","MIR",38.2360319,-121.6660681,2022-03-17,2022-03-17 18:04:00,0.05,"<",0.129,"=",0.05,"<",1.13,"=",3,2022,0.129,0,1.13
"DWR_NCRO","MIR",38.2360319,-121.6660681,2022-04-28,2022-04-28 17:19:00,0.05,"<",0.213,"=",0.05,"<",0.54,"=",4,2022,0.213,0,0.54
"DWR_NCRO","MIR",38.2360319,-121.6660681,2022-06-10,2022-06-10 17:59:00,0.05,"<",0.185,"=",0.107,"=",0.92,"=",6,2022,0.185,0.107,0.92
"DWR_NCRO","MIR",38.2360319,-121.6660681,2022-07-28,2022-07-28 18:32:00,0.05,"<",0.083,"=",0.05,"<",1.19,"=",7,2022,0.083,0,1.19
"DWR_NCRO","OSJ",38.071247,-121.578382,2022-02-08,2022-02-08 19:00:00,NA,"=",0.594,"=",NA,"=",15.4,"=",2,2022,0.594,NA,15.4
"DWR_NCRO","OSJ",38.071247,-121.578382,2022-03-15,2022-03-15 17:59:00,NA,"=",0.567,"=",NA,"=",2.03,"=",3,2022,0.567,NA,2.03
"DWR_NCRO","OSJ",38.071247,-121.578382,2022-04-19,2022-04-19 17:49:00,NA,"=",0.537,"=",NA,"=",1.42,"=",4,2022,0.537,NA,1.42
"DWR_NCRO","OSJ",38.071247,-121.578382,2022-05-18,2022-05-18 17:35:00,NA,"=",0.318,"=",NA,"=",1.25,"=",5,2022,0.318,NA,1.25
"DWR_NCRO","OSJ",38.071247,-121.578382,2022-06-21,2022-06-21 18:45:00,NA,"=",0.05,"<",NA,"=",16.2,"=",6,2022,0,NA,16.2
"DWR_NCRO","OSJ",38.071247,-121.578382,2022-07-28,2022-07-28 19:23:00,NA,"=",0.05,"<",NA,"=",1.62,"=",7,2022,0,NA,1.62
"DWR_NCRO","ORI",37.8318014,-121.5351036,2022-02-08,2022-02-08 18:04:00,NA,"=",NA,"=",NA,"=",0.81,"=",2,2022,NA,NA,0.81
"DWR_NCRO","ORI",37.8318014,-121.5351036,2022-03-08,2022-03-08 18:29:00,NA,"=",NA,"=",NA,"=",1.14,"=",3,2022,NA,NA,1.14
"DWR_NCRO","ORI",37.8318014,-121.5351036,2022-04-12,2022-04-12 18:35:00,NA,"=",NA,"=",NA,"=",1.13,"=",4,2022,NA,NA,1.13
"DWR_NCRO","ORI",37.8318014,-121.5351036,2022-05-10,2022-05-10 17:45:00,NA,"=",NA,"=",NA,"=",0.9,"=",5,2022,NA,NA,0.9
"DWR_NCRO","ORI",37.8318014,-121.5351036,2022-06-06,2022-06-06 17:17:00,NA,"=",NA,"=",NA,"=",0.76,"=",6,2022,NA,NA,0.76
"DWR_NCRO","ORI",37.8318014,-121.5351036,2022-07-12,2022-07-12 17:14:00,NA,"=",NA,"=",NA,"=",2.64,"=",7,2022,NA,NA,2.64
"DWR_NCRO","OH1",37.807595,-121.331218,2022-03-01,2022-03-01 19:30:00,NA,"=",0.737,"=",NA,"=",1.14,"=",3,2022,0.737,NA,1.14
"DWR_NCRO","OH1",37.807595,-121.331218,2022-04-07,2022-04-07 20:00:00,NA,"=",0.861,"=",NA,"=",1.88,"=",4,2022,0.861,NA,1.88
"DWR_NCRO","OH1",37.807595,-121.331218,2022-05-03,2022-05-03 16:27:00,NA,"=",0.428,"=",NA,"=",0.5,"<",5,2022,0.428,NA,0
"DWR_NCRO","OH1",37.807595,-121.331218,2022-05-31,2022-05-31 16:44:00,NA,"=",0.219,"=",NA,"=",0.82,"=",5,2022,0.219,NA,0.82
"DWR_NCRO","OH1",37.807595,-121.331218,2022-06-29,2022-06-29 16:48:00,NA,"=",0.144,"=",NA,"=",1.05,"=",6,2022,0.144,NA,1.05
"DWR_NCRO","OH1",37.807595,-121.331218,2022-08-02,2022-08-02 16:34:00,NA,"=",0.981,"=",NA,"=",2.05,"=",8,2022,0.981,NA,2.05
"DWR_NCRO","ODM",37.81097,-121.544,2022-02-02,2022-02-02 18:45:00,NA,"=",NA,"=",NA,"=",0.5,"<",2,2022,NA,NA,0
"DWR_NCRO","ODM",37.81097,-121.544,2022-03-08,2022-03-08 20:50:00,NA,"=",NA,"=",NA,"=",1.09,"=",3,2022,NA,NA,1.09
"DWR_NCRO","ODM",37.81097,-121.544,2022-04-05,2022-04-05 18:05:00,NA,"=",NA,"=",NA,"=",1.45,"=",4,2022,NA,NA,1.45
"DWR_NCRO","ODM",37.81097,-121.544,2022-05-04,2022-05-04 18:17:00,NA,"=",NA,"=",NA,"=",1.37,"=",5,2022,NA,NA,1.37
"DWR_NCRO","ODM",37.81097,-121.544,2022-06-02,2022-06-02 17:12:00,NA,"=",NA,"=",NA,"=",1.15,"=",6,2022,NA,NA,1.15
"DWR_NCRO","ODM",37.81097,-121.544,2022-07-05,2022-07-05 19:46:00,NA,"=",NA,"=",NA,"=",3.76,"=",7,2022,NA,NA,3.76
"DWR_NCRO","OBI",37.968979,-121.572694,2022-05-12,2022-05-12 19:14:00,NA,"=",NA,"=",NA,"=",1.06,"=",5,2022,NA,NA,1.06
"DWR_NCRO","OBI",37.968979,-121.572694,2022-06-07,2022-06-07 17:54:00,NA,"=",NA,"=",NA,"=",1.32,"=",6,2022,NA,NA,1.32
"DWR_NCRO","OBI",37.968979,-121.572694,2022-07-13,2022-07-13 19:45:00,NA,"=",NA,"=",NA,"=",1.56,"=",7,2022,NA,NA,1.56
"DWR_NCRO","ORX",37.8109972,-121.386575,2022-03-01,2022-03-01 20:01:00,NA,"=",0.75,"=",NA,"=",0.99,"=",3,2022,0.75,NA,0.99
"DWR_NCRO","ORX",37.8109972,-121.386575,2022-04-07,2022-04-07 19:30:00,NA,"=",1,"=",NA,"=",1.77,"=",4,2022,1,NA,1.77
"DWR_NCRO","ORX",37.8109972,-121.386575,2022-05-03,2022-05-03 17:05:00,NA,"=",0.488,"=",NA,"=",0.5,"<",5,2022,0.488,NA,0
"DWR_NCRO","ORX",37.8109972,-121.386575,2022-05-31,2022-05-31 17:21:00,NA,"=",0.284,"=",NA,"=",0.83,"=",5,2022,0.284,NA,0.83
"DWR_NCRO","ORX",37.8109972,-121.386575,2022-06-29,2022-06-29 17:57:00,NA,"=",0.098,"=",NA,"=",1.39,"=",6,2022,0.098,NA,1.39
"DWR_NCRO","ORX",37.8109972,-121.386575,2022-08-02,2022-08-02 17:31:00,NA,"=",2.74,"=",NA,"=",3.92,"=",8,2022,2.74,NA,3.92
"DWR_NCRO","OSJ",38.071247,-121.578382,2022-03-24,2022-03-24 19:11:00,0.05,"<",0.289,"=",0.05,"<",1.64,"=",3,2022,0.289,0,1.64
"DWR_NCRO","OSJ",38.071247,-121.578382,2022-04-26,2022-04-26 17:49:00,0.05,"<",0.127,"=",0.05,"<",2.5,"=",4,2022,0.127,0,2.5
"DWR_NCRO","OSJ",38.071247,-121.578382,2022-05-24,2022-05-24 17:14:00,0.05,"<",0.126,"=",0.052,"=",2.48,"=",5,2022,0.126,0.052,2.48
"DWR_NCRO","OSJ",38.071247,-121.578382,2022-06-28,2022-06-28 18:14:00,0.05,"<",0.05,"<",0.065,"=",0.74,"=",6,2022,0,0.065,0.74
"DWR_NCRO","OSJ",38.071247,-121.578382,2022-07-26,2022-07-26 17:48:00,0.05,"<",0.05,"<",0.06,"=",10,"=",7,2022,0,0.06,10
"DWR_NCRO","ORM",37.7938408,-121.5173813,2022-02-02,2022-02-02 18:16:00,NA,"=",NA,"=",NA,"=",1.96,"=",2,2022,NA,NA,1.96
"DWR_NCRO","ORM",37.7938408,-121.5173813,2022-03-08,2022-03-08 20:20:00,NA,"=",NA,"=",NA,"=",1.12,"=",3,2022,NA,NA,1.12
"DWR_NCRO","ORM",37.7938408,-121.5173813,2022-04-05,2022-04-05 18:32:00,NA,"=",NA,"=",NA,"=",1.6,"=",4,2022,NA,NA,1.6
"DWR_NCRO","ORM",37.7938408,-121.5173813,2022-05-04,2022-05-04 17:41:00,NA,"=",NA,"=",NA,"=",1.06,"=",5,2022,NA,NA,1.06
"DWR_NCRO","ORM",37.7938408,-121.5173813,2022-06-02,2022-06-02 16:31:00,NA,"=",NA,"=",NA,"=",1.18,"=",6,2022,NA,NA,1.18
"DWR_NCRO","ORM",37.7938408,-121.5173813,2022-07-05,2022-07-05 19:02:00,NA,"=",NA,"=",NA,"=",1.83,"=",7,2022,NA,NA,1.83
"DWR_NCRO","PDC",37.8020598,-121.4122564,2022-02-16,2022-02-16 20:48:00,NA,"=",0.679,"=",NA,"=",NA,"=",2,2022,0.679,NA,NA
"DWR_NCRO","PDC",37.8020598,-121.4122564,2022-03-16,2022-03-16 18:46:00,NA,"=",0.743,"=",NA,"=",NA,"=",3,2022,0.743,NA,NA
"DWR_NCRO","PDC",37.8020598,-121.4122564,2022-04-20,2022-04-20 18:14:00,NA,"=",1.11,"=",NA,"=",NA,"=",4,2022,1.11,NA,NA
"DWR_NCRO","PDC",37.8020598,-121.4122564,2022-05-18,2022-05-18 18:31:00,NA,"=",0.825,"=",NA,"=",NA,"=",5,2022,0.825,NA,NA
"DWR_NCRO","PDC",37.8020598,-121.4122564,2022-06-15,2022-06-15 20:45:00,NA,"=",0.664,"=",NA,"=",NA,"=",6,2022,0.664,NA,NA
"DWR_NCRO","PDC",37.8020598,-121.4122564,2022-07-21,2022-07-21 21:58:00,NA,"=",0.591,"=",NA,"=",NA,"=",7,2022,0.591,NA,NA
"DWR_NCRO","PDC",37.8020598,-121.4122564,2022-08-17,2022-08-17 18:05:00,NA,"=",0.083,"=",NA,"=",NA,"=",8,2022,0.083,NA,NA
"DWR_NCRO","RSCC",37.97619,-121.64,2022-02-16,2022-02-16 16:55:00,0.05,"<",0.405,"=",0.05,"<",NA,"=",2,2022,0.405,0,NA
"DWR_NCRO","RSCC",37.97619,-121.64,2022-03-23,2022-03-23 16:00:00,0.05,"<",0.202,"=",0.05,"<",NA,"=",3,2022,0.202,0,NA
"DWR_NCRO","RSCC",37.97619,-121.64,2022-04-25,2022-04-25 17:05:00,0.05,"<",0.05,"<",0.05,"<",NA,"=",4,2022,0,0,NA
"DWR_NCRO","RSCC",37.97619,-121.64,2022-06-16,2022-06-16 19:00:00,0.05,"<",0.05,"<",0.106,"=",NA,"=",6,2022,0,0.106,NA
"DWR_NCRO","RSCC",37.97619,-121.64,2022-07-13,2022-07-13 16:57:00,0.05,"<",0.05,"<",0.091,"=",NA,"=",7,2022,0,0.091,NA
"DWR_NCRO","SOI",38.175591,-121.656919,2022-02-17,2022-02-17 18:27:00,0.05,"<",0.199,"=",0.05,"<",0.6,"=",2,2022,0.199,0,0.6
"DWR_NCRO","SOI",38.175591,-121.656919,2022-03-17,2022-03-17 17:33:00,0.05,"<",0.288,"=",0.05,"<",0.72,"=",3,2022,0.288,0,0.72
"DWR_NCRO","SOI",38.175591,-121.656919,2022-04-28,2022-04-28 17:50:00,0.05,"<",0.212,"=",0.05,"<",0.5,"<",4,2022,0.212,0,0
"DWR_NCRO","SOI",38.175591,-121.656919,2022-06-10,2022-06-10 17:27:00,0.05,"<",0.19,"=",0.05,"<",0.66,"=",6,2022,0.19,0,0.66
"DWR_NCRO","SOI",38.175591,-121.656919,2022-07-28,2022-07-28 17:58:00,0.05,"<",0.149,"=",0.05,"<",0.93,"=",7,2022,0.149,0,0.93
"DWR_NCRO","BLP",38.0325,-121.719083,2022-02-03,2022-02-03 21:15:00,NA,"=",NA,"=",NA,"=",0.5,"<",2,2022,NA,NA,0
"DWR_NCRO","BLP",38.0325,-121.719083,2022-03-15,2022-03-15 20:56:00,NA,"=",NA,"=",NA,"=",2.18,"=",3,2022,NA,NA,2.18
"DWR_NCRO","BLP",38.0325,-121.719083,2022-04-19,2022-04-19 19:26:00,NA,"=",NA,"=",NA,"=",2.84,"=",4,2022,NA,NA,2.84
"DWR_NCRO","BLP",38.0325,-121.719083,2022-05-20,2022-05-20 20:10:00,NA,"=",NA,"=",NA,"=",6.28,"=",5,2022,NA,NA,6.28
"DWR_NCRO","BLP",38.0325,-121.719083,2022-06-21,2022-06-21 20:07:00,NA,"=",NA,"=",NA,"=",1.75,"=",6,2022,NA,NA,1.75
"DWR_NCRO","BLP",38.0325,-121.719083,2022-07-26,2022-07-26 19:34:00,NA,"=",NA,"=",NA,"=",4.02,"=",7,2022,NA,NA,4.02
"DWR_NCRO","SXS",38.1912721,-121.6378941,2022-02-17,2022-02-17 17:57:00,0.05,"<",0.283,"=",0.05,"<",0.81,"=",2,2022,0.283,0,0.81
"DWR_NCRO","SXS",38.1912721,-121.6378941,2022-03-17,2022-03-17 17:05:00,0.05,"<",0.217,"=",0.05,"<",1.41,"=",3,2022,0.217,0,1.41
"DWR_NCRO","SXS",38.1912721,-121.6378941,2022-04-28,2022-04-28 18:19:00,0.05,"<",0.213,"=",0.05,"<",0.5,"<",4,2022,0.213,0,0
"DWR_NCRO","SXS",38.1912721,-121.6378941,2022-06-10,2022-06-10 16:56:00,0.05,"<",0.229,"=",0.05,"<",0.58,"=",6,2022,0.229,0,0.58
"DWR_NCRO","SXS",38.1912721,-121.6378941,2022-07-28,2022-07-28 17:27:00,0.05,"<",0.099,"=",0.05,"<",0.74,"=",7,2022,0.099,0,0.74
"DWR_NCRO","SGA",37.79286,-121.421495,2022-02-16,2022-02-16 22:03:00,NA,"=",0.628,"=",NA,"=",NA,"=",2,2022,0.628,NA,NA
"DWR_NCRO","SGA",37.79286,-121.421495,2022-03-16,2022-03-16 19:18:00,NA,"=",0.787,"=",NA,"=",NA,"=",3,2022,0.787,NA,NA
"DWR_NCRO","SGA",37.79286,-121.421495,2022-04-20,2022-04-20 17:46:00,NA,"=",1.1,"=",NA,"=",NA,"=",4,2022,1.1,NA,NA
"DWR_NCRO","SGA",37.79286,-121.421495,2022-05-18,2022-05-18 19:20:00,NA,"=",0.717,"=",NA,"=",NA,"=",5,2022,0.717,NA,NA
"DWR_NCRO","SGA",37.79286,-121.421495,2022-06-15,2022-06-15 21:35:00,NA,"=",0.616,"=",NA,"=",NA,"=",6,2022,0.616,NA,NA
"DWR_NCRO","SGA",37.79286,-121.421495,2022-07-21,2022-07-21 20:15:00,NA,"=",0.779,"=",NA,"=",NA,"=",7,2022,0.779,NA,NA
"DWR_NCRO","SGA",37.79286,-121.421495,2022-08-17,2022-08-17 17:41:00,NA,"=",0.273,"=",NA,"=",NA,"=",8,2022,0.273,NA,NA
"DWR_NCRO","TSL",38.103248,-121.686169,2022-02-22,2022-02-22 18:13:00,0.05,"<",0.274,"=",0.05,"<",1.19,"=",2,2022,0.274,0,1.19
"DWR_NCRO","TSL",38.103248,-121.686169,2022-03-24,2022-03-24 17:27:00,0.05,"<",0.208,"=",0.05,"<",2.12,"=",3,2022,0.208,0,2.12
"DWR_NCRO","TSL",38.103248,-121.686169,2022-04-26,2022-04-26 19:42:00,0.05,"<",0.232,"=",0.075,"=",1.55,"=",4,2022,0.232,0.075,1.55
"DWR_NCRO","TSL",38.103248,-121.686169,2022-05-24,2022-05-24 19:35:00,0.05,"<",0.184,"=",0.06,"=",1.51,"=",5,2022,0.184,0.06,1.51
"DWR_NCRO","TSL",38.103248,-121.686169,2022-06-28,2022-06-28 16:19:00,0.05,"<",0.15,"=",0.065,"=",0.83,"=",6,2022,0.15,0.065,0.83
"DWR_NCRO","TSL",38.103248,-121.686169,2022-07-26,2022-07-26 15:58:00,0.05,"<",0.06,"=",0.06,"=",2.24,"=",7,2022,0.06,0.06,2.24
"DWR_NCRO","TRN",37.992533,-121.454032,2022-02-15,2022-02-15 19:17:00,NA,"=",NA,"=",NA,"=",0.97,"=",2,2022,NA,NA,0.97
"DWR_NCRO","TRN",37.992533,-121.454032,2022-04-19,2022-04-19 17:45:00,NA,"=",NA,"=",NA,"=",1.73,"=",4,2022,NA,NA,1.73
"DWR_NCRO","TRN",37.992533,-121.454032,2022-05-12,2022-05-12 17:32:00,NA,"=",NA,"=",NA,"=",1.26,"=",5,2022,NA,NA,1.26
"DWR_NCRO","TRN",37.992533,-121.454032,2022-06-07,2022-06-07 17:07:00,NA,"=",NA,"=",NA,"=",1.14,"=",6,2022,NA,NA,1.14
"DWR_NCRO","TRN",37.992533,-121.454032,2022-07-13,2022-07-13 16:29:00,NA,"=",NA,"=",NA,"=",1.65,"=",7,2022,NA,NA,1.65
"DWR_NCRO","VCU",37.870944,-121.53,2022-02-08,2022-02-08 19:11:00,NA,"=",NA,"=",NA,"=",0.5,"<",2,2022,NA,NA,0
"DWR_NCRO","VCU",37.870944,-121.53,2022-03-08,2022-03-08 19:29:00,NA,"=",NA,"=",NA,"=",1.21,"=",3,2022,NA,NA,1.21
"DWR_NCRO","VCU",37.870944,-121.53,2022-04-12,2022-04-12 18:05:00,NA,"=",NA,"=",NA,"=",1.35,"=",4,2022,NA,NA,1.35
"DWR_NCRO","VCU",37.870944,-121.53,2022-05-10,2022-05-10 19:12:00,NA,"=",NA,"=",NA,"=",1.41,"=",5,2022,NA,NA,1.41
"DWR_NCRO","VCU",37.870944,-121.53,2022-06-06,2022-06-06 18:19:00,NA,"=",NA,"=",NA,"=",0.97,"=",6,2022,NA,NA,0.97
"DWR_NCRO","VCU",37.870944,-121.53,2022-07-12,2022-07-12 18:30:00,NA,"=",NA,"=",NA,"=",2.55,"=",7,2022,NA,NA,2.55
"DWR_NCRO","WCI",37.8316051,-121.5540131,2022-02-08,2022-02-08 18:26:00,NA,"=",0.837,"=",NA,"=",0.87,"=",2,2022,0.837,NA,0.87
"DWR_NCRO","WCI",37.8316051,-121.5540131,2022-03-08,2022-03-08 18:58:00,NA,"=",0.753,"=",NA,"=",0.5,"<",3,2022,0.753,NA,0
"DWR_NCRO","WCI",37.8316051,-121.5540131,2022-04-12,2022-04-12 17:26:00,NA,"=",0.499,"=",NA,"=",1.15,"=",4,2022,0.499,NA,1.15
"DWR_NCRO","WCI",37.8316051,-121.5540131,2022-05-10,2022-05-10 18:16:00,NA,"=",0.318,"=",NA,"=",1.42,"=",5,2022,0.318,NA,1.42
"DWR_NCRO","WCI",37.8316051,-121.5540131,2022-06-06,2022-06-06 17:40:00,NA,"=",0.254,"=",NA,"=",0.97,"=",6,2022,0.254,NA,0.97
"DWR_NCRO","WCI",37.8316051,-121.5540131,2022-07-12,2022-07-12 18:00:00,NA,"=",0.097,"=",NA,"=",3.27,"=",7,2022,0.097,NA,3.27
"DWR_NCRO","LIS",38.474781,-121.588226,2022-02-14,2022-02-14 20:34:00,NA,"=",NA,"=",NA,"=",9.75,"=",2,2022,NA,NA,9.75
"DWR_NCRO","LIS",38.474781,-121.588226,2022-03-14,2022-03-14 22:57:00,NA,"=",NA,"=",NA,"=",27.4,"=",3,2022,NA,NA,27.4
"DWR_NCRO","LIS",38.474781,-121.588226,2022-04-04,2022-04-04 18:43:00,NA,"=",NA,"=",NA,"=",8.48,"=",4,2022,NA,NA,8.48
"DWR_NCRO","LIS",38.474781,-121.588226,2022-05-02,2022-05-02 18:25:00,NA,"=",NA,"=",NA,"=",5.36,"=",5,2022,NA,NA,5.36
"DWR_NCRO","LIS",38.474781,-121.588226,2022-06-06,2022-06-06 18:44:00,NA,"=",NA,"=",NA,"=",2.43,"=",6,2022,NA,NA,2.43
"DWR_NCRO","LIS",38.474781,-121.588226,2022-07-05,2022-07-05 20:56:00,NA,"=",NA,"=",NA,"=",3.45,"=",7,2022,NA,NA,3.45
