Site_Name,Station_Code,Latitude,Longitude,Year,StartDate,EndDate,Analyte,Result
C10A,374045121155200,37.67916667,-121.2644444,2022,2022-01-05,2022-02-07,Anabaenopeptins,0
C10A,374045121155200,37.67916667,-121.2644444,2022,2022-01-05,2022-02-07,Anatoxins,0
C10A,374045121155200,37.67916667,-121.2644444,2022,2022-01-05,2022-02-07,Cylindrospermopsins,0
C10A,374045121155200,37.67916667,-121.2644444,2022,2022-01-05,2022-02-07,Microcystins,0
C10A,374045121155200,37.67916667,-121.2644444,2022,2022-01-05,2022-02-07,Nodularins,0
C10A,374045121155200,37.67916667,-121.2644444,2022,2022-01-05,2022-02-07,Saxitoxin,0
C10A,374045121155200,37.67916667,-121.2644444,2022,2022-02-07,2022-03-09,Anabaenopeptins,0
C10A,374045121155200,37.67916667,-121.2644444,2022,2022-02-07,2022-03-09,Anatoxins,0
C10A,374045121155200,37.67916667,-121.2644444,2022,2022-02-07,2022-03-09,Cylindrospermopsins,0
C10A,374045121155200,37.67916667,-121.2644444,2022,2022-02-07,2022-03-09,Microcystins,0
C10A,374045121155200,37.67916667,-121.2644444,2022,2022-02-07,2022-03-09,Nodularins,0
C10A,374045121155200,37.67916667,-121.2644444,2022,2022-02-07,2022-03-09,Saxitoxin,0
C10A,374045121155200,37.67916667,-121.2644444,2022,2022-03-09,2022-04-06,Anabaenopeptins,0
C10A,374045121155200,37.67916667,-121.2644444,2022,2022-03-09,2022-04-06,Anatoxins,0
C10A,374045121155200,37.67916667,-121.2644444,2022,2022-03-09,2022-04-06,Cylindrospermopsins,0
C10A,374045121155200,37.67916667,-121.2644444,2022,2022-03-09,2022-04-06,Microcystins,0
C10A,374045121155200,37.67916667,-121.2644444,2022,2022-03-09,2022-04-06,Nodularins,0
C10A,374045121155200,37.67916667,-121.2644444,2022,2022-03-09,2022-04-06,Saxitoxin,0
C10A,374045121155200,37.67916667,-121.2644444,2022,2022-04-06,2022-05-05,Anabaenopeptins,0
C10A,374045121155200,37.67916667,-121.2644444,2022,2022-04-06,2022-05-05,Anatoxins,0
C10A,374045121155200,37.67916667,-121.2644444,2022,2022-04-06,2022-05-05,Cylindrospermopsins,0
C10A,374045121155200,37.67916667,-121.2644444,2022,2022-04-06,2022-05-05,Microcystins,0
C10A,374045121155200,37.67916667,-121.2644444,2022,2022-04-06,2022-05-05,Nodularins,0
C10A,374045121155200,37.67916667,-121.2644444,2022,2022-04-06,2022-05-05,Saxitoxin,0
C10A,374045121155200,37.67916667,-121.2644444,2022,2022-05-05,2022-05-19,Anabaenopeptins,0
C10A,374045121155200,37.67916667,-121.2644444,2022,2022-05-05,2022-05-19,Anatoxins,0
C10A,374045121155200,37.67916667,-121.2644444,2022,2022-05-05,2022-05-19,Cylindrospermopsins,0
C10A,374045121155200,37.67916667,-121.2644444,2022,2022-05-05,2022-05-19,Microcystins,0
C10A,374045121155200,37.67916667,-121.2644444,2022,2022-05-05,2022-05-19,Nodularins,0
C10A,374045121155200,37.67916667,-121.2644444,2022,2022-05-05,2022-05-19,Saxitoxin,0
C10A,374045121155200,37.67916667,-121.2644444,2022,2022-05-19,2022-06-06,Anabaenopeptins,0
C10A,374045121155200,37.67916667,-121.2644444,2022,2022-05-19,2022-06-06,Anatoxins,0
C10A,374045121155200,37.67916667,-121.2644444,2022,2022-05-19,2022-06-06,Cylindrospermopsins,0
C10A,374045121155200,37.67916667,-121.2644444,2022,2022-05-19,2022-06-06,Microcystins,0
C10A,374045121155200,37.67916667,-121.2644444,2022,2022-05-19,2022-06-06,Nodularins,0
C10A,374045121155200,37.67916667,-121.2644444,2022,2022-05-19,2022-06-06,Saxitoxin,0
C10A,374045121155200,37.67916667,-121.2644444,2022,2022-06-06,2022-06-20,Anabaenopeptins,0
C10A,374045121155200,37.67916667,-121.2644444,2022,2022-06-06,2022-06-20,Anatoxins,0
C10A,374045121155200,37.67916667,-121.2644444,2022,2022-06-06,2022-06-20,Cylindrospermopsins,0
C10A,374045121155200,37.67916667,-121.2644444,2022,2022-06-06,2022-06-20,Microcystins,0
C10A,374045121155200,37.67916667,-121.2644444,2022,2022-06-06,2022-06-20,Nodularins,0
C10A,374045121155200,37.67916667,-121.2644444,2022,2022-06-06,2022-06-20,Saxitoxin,0
C10A,374045121155200,37.67916667,-121.2644444,2022,2022-06-20,2022-07-05,Anabaenopeptins,0
C10A,374045121155200,37.67916667,-121.2644444,2022,2022-06-20,2022-07-05,Anatoxins,0
C10A,374045121155200,37.67916667,-121.2644444,2022,2022-06-20,2022-07-05,Cylindrospermopsins,0
C10A,374045121155200,37.67916667,-121.2644444,2022,2022-06-20,2022-07-05,Microcystins,0
C10A,374045121155200,37.67916667,-121.2644444,2022,2022-06-20,2022-07-05,Nodularins,0
C10A,374045121155200,37.67916667,-121.2644444,2022,2022-06-20,2022-07-05,Saxitoxin,0
C10A,374045121155200,37.67916667,-121.2644444,2022,2022-07-05,2022-07-18,Anabaenopeptins,0
C10A,374045121155200,37.67916667,-121.2644444,2022,2022-07-05,2022-07-18,Anatoxins,0
C10A,374045121155200,37.67916667,-121.2644444,2022,2022-07-05,2022-07-18,Cylindrospermopsins,0
C10A,374045121155200,37.67916667,-121.2644444,2022,2022-07-05,2022-07-18,Microcystins,0
C10A,374045121155200,37.67916667,-121.2644444,2022,2022-07-05,2022-07-18,Nodularins,0
C10A,374045121155200,37.67916667,-121.2644444,2022,2022-07-05,2022-07-18,Saxitoxin,0
C10A,374045121155200,37.67916667,-121.2644444,2022,2022-07-18,2022-08-02,Anabaenopeptins,0
C10A,374045121155200,37.67916667,-121.2644444,2022,2022-07-18,2022-08-02,Anatoxins,0
C10A,374045121155200,37.67916667,-121.2644444,2022,2022-07-18,2022-08-02,Cylindrospermopsins,0
C10A,374045121155200,37.67916667,-121.2644444,2022,2022-07-18,2022-08-02,Microcystins,0
C10A,374045121155200,37.67916667,-121.2644444,2022,2022-07-18,2022-08-02,Nodularins,0
C10A,374045121155200,37.67916667,-121.2644444,2022,2022-07-18,2022-08-02,Saxitoxin,0
C10A,374045121155200,37.67916667,-121.2644444,2022,2022-08-02,2022-08-15,Anabaenopeptins,0
C10A,374045121155200,37.67916667,-121.2644444,2022,2022-08-02,2022-08-15,Anatoxins,0
C10A,374045121155200,37.67916667,-121.2644444,2022,2022-08-02,2022-08-15,Cylindrospermopsins,0
C10A,374045121155200,37.67916667,-121.2644444,2022,2022-08-02,2022-08-15,Microcystins,0
C10A,374045121155200,37.67916667,-121.2644444,2022,2022-08-02,2022-08-15,Nodularins,0
C10A,374045121155200,37.67916667,-121.2644444,2022,2022-08-02,2022-08-15,Saxitoxin,0
C10A,374045121155200,37.67916667,-121.2644444,2022,2022-08-15,2022-08-30,Anabaenopeptins,0
C10A,374045121155200,37.67916667,-121.2644444,2022,2022-08-15,2022-08-30,Anatoxins,0
C10A,374045121155200,37.67916667,-121.2644444,2022,2022-08-15,2022-08-30,Cylindrospermopsins,0
C10A,374045121155200,37.67916667,-121.2644444,2022,2022-08-15,2022-08-30,Microcystins,10.27
C10A,374045121155200,37.67916667,-121.2644444,2022,2022-08-15,2022-08-30,Nodularins,0
C10A,374045121155200,37.67916667,-121.2644444,2022,2022-08-15,2022-08-30,Saxitoxin,0
C10A,374045121155200,37.67916667,-121.2644444,2022,2022-08-30,2022-09-13,Anabaenopeptins,31.04
C10A,374045121155200,37.67916667,-121.2644444,2022,2022-08-30,2022-09-13,Anatoxins,0
C10A,374045121155200,37.67916667,-121.2644444,2022,2022-08-30,2022-09-13,Cylindrospermopsins,0
C10A,374045121155200,37.67916667,-121.2644444,2022,2022-08-30,2022-09-13,Microcystins,89.44
C10A,374045121155200,37.67916667,-121.2644444,2022,2022-08-30,2022-09-13,Nodularins,0
C10A,374045121155200,37.67916667,-121.2644444,2022,2022-08-30,2022-09-13,Saxitoxin,0
C10A,374045121155200,37.67916667,-121.2644444,2022,2022-09-13,2022-09-26,Anabaenopeptins,31.999999999999996
C10A,374045121155200,37.67916667,-121.2644444,2022,2022-09-13,2022-09-26,Anatoxins,6.4
C10A,374045121155200,37.67916667,-121.2644444,2022,2022-09-13,2022-09-26,Cylindrospermopsins,0
C10A,374045121155200,37.67916667,-121.2644444,2022,2022-09-13,2022-09-26,Microcystins,44.129999999999995
C10A,374045121155200,37.67916667,-121.2644444,2022,2022-09-13,2022-09-26,Nodularins,0
C10A,374045121155200,37.67916667,-121.2644444,2022,2022-09-13,2022-09-26,Saxitoxin,0
C10A,374045121155200,37.67916667,-121.2644444,2022,2022-09-26,2022-10-12,Anabaenopeptins,4.43
C10A,374045121155200,37.67916667,-121.2644444,2022,2022-09-26,2022-10-12,Anatoxins,0
C10A,374045121155200,37.67916667,-121.2644444,2022,2022-09-26,2022-10-12,Cylindrospermopsins,0
C10A,374045121155200,37.67916667,-121.2644444,2022,2022-09-26,2022-10-12,Microcystins,0
C10A,374045121155200,37.67916667,-121.2644444,2022,2022-09-26,2022-10-12,Nodularins,0
C10A,374045121155200,37.67916667,-121.2644444,2022,2022-09-26,2022-10-12,Saxitoxin,0
C10A,374045121155200,37.67916667,-121.2644444,2022,2022-10-12,2022-10-27,Anabaenopeptins,0
C10A,374045121155200,37.67916667,-121.2644444,2022,2022-10-12,2022-10-27,Anatoxins,0
C10A,374045121155200,37.67916667,-121.2644444,2022,2022-10-12,2022-10-27,Cylindrospermopsins,0
C10A,374045121155200,37.67916667,-121.2644444,2022,2022-10-12,2022-10-27,Microcystins,0
C10A,374045121155200,37.67916667,-121.2644444,2022,2022-10-12,2022-10-27,Nodularins,0
C10A,374045121155200,37.67916667,-121.2644444,2022,2022-10-12,2022-10-27,Saxitoxin,0
C10A,374045121155200,37.67916667,-121.2644444,2022,2022-10-27,2022-11-10,Anabaenopeptins,0
C10A,374045121155200,37.67916667,-121.2644444,2022,2022-10-27,2022-11-10,Anatoxins,0
C10A,374045121155200,37.67916667,-121.2644444,2022,2022-10-27,2022-11-10,Cylindrospermopsins,0
C10A,374045121155200,37.67916667,-121.2644444,2022,2022-10-27,2022-11-10,Microcystins,0
C10A,374045121155200,37.67916667,-121.2644444,2022,2022-10-27,2022-11-10,Nodularins,0
C10A,374045121155200,37.67916667,-121.2644444,2022,2022-10-27,2022-11-10,Saxitoxin,0
C10A,374045121155200,37.67916667,-121.2644444,2022,2022-11-10,2022-12-09,Anabaenopeptins,1.33
C10A,374045121155200,37.67916667,-121.2644444,2022,2022-11-10,2022-12-09,Anatoxins,0
C10A,374045121155200,37.67916667,-121.2644444,2022,2022-11-10,2022-12-09,Cylindrospermopsins,0
C10A,374045121155200,37.67916667,-121.2644444,2022,2022-11-10,2022-12-09,Microcystins,0
C10A,374045121155200,37.67916667,-121.2644444,2022,2022-11-10,2022-12-09,Nodularins,0
C10A,374045121155200,37.67916667,-121.2644444,2022,2022-11-10,2022-12-09,Saxitoxin,0
FRK,380245121354801,38.04641944,-121.5981,2022,2022-05-12,2022-05-24,Anabaenopeptins,0
FRK,380245121354801,38.04641944,-121.5981,2022,2022-05-12,2022-05-24,Anatoxins,0
FRK,380245121354801,38.04641944,-121.5981,2022,2022-05-12,2022-05-24,Cylindrospermopsins,0
FRK,380245121354801,38.04641944,-121.5981,2022,2022-05-12,2022-05-24,Microcystins,0
FRK,380245121354801,38.04641944,-121.5981,2022,2022-05-12,2022-05-24,Nodularins,0
FRK,380245121354801,38.04641944,-121.5981,2022,2022-05-12,2022-05-24,Saxitoxin,0
FRK,380245121354801,38.04641944,-121.5981,2022,2022-05-24,2022-06-07,Anabaenopeptins,0
FRK,380245121354801,38.04641944,-121.5981,2022,2022-05-24,2022-06-07,Anatoxins,0
FRK,380245121354801,38.04641944,-121.5981,2022,2022-05-24,2022-06-07,Cylindrospermopsins,0
FRK,380245121354801,38.04641944,-121.5981,2022,2022-05-24,2022-06-07,Microcystins,0
FRK,380245121354801,38.04641944,-121.5981,2022,2022-05-24,2022-06-07,Nodularins,0
FRK,380245121354801,38.04641944,-121.5981,2022,2022-05-24,2022-06-07,Saxitoxin,0
FRK,380245121354801,38.04641944,-121.5981,2022,2022-06-20,2022-07-13,Anabaenopeptins,0
FRK,380245121354801,38.04641944,-121.5981,2022,2022-06-20,2022-07-13,Anatoxins,1.16
FRK,380245121354801,38.04641944,-121.5981,2022,2022-06-20,2022-07-13,Cylindrospermopsins,0
FRK,380245121354801,38.04641944,-121.5981,2022,2022-06-20,2022-07-13,Microcystins,113.94
FRK,380245121354801,38.04641944,-121.5981,2022,2022-06-20,2022-07-13,Nodularins,0
FRK,380245121354801,38.04641944,-121.5981,2022,2022-06-20,2022-07-13,Saxitoxin,0
FRK,380245121354801,38.04641944,-121.5981,2022,2022-07-13,2022-07-26,Anabaenopeptins,0
FRK,380245121354801,38.04641944,-121.5981,2022,2022-07-13,2022-07-26,Anatoxins,3.07
FRK,380245121354801,38.04641944,-121.5981,2022,2022-07-13,2022-07-26,Cylindrospermopsins,0
FRK,380245121354801,38.04641944,-121.5981,2022,2022-07-13,2022-07-26,Microcystins,576.53
FRK,380245121354801,38.04641944,-121.5981,2022,2022-07-13,2022-07-26,Nodularins,0
FRK,380245121354801,38.04641944,-121.5981,2022,2022-07-13,2022-07-26,Saxitoxin,0
FRK,380245121354801,38.04641944,-121.5981,2022,2022-07-26,2022-08-10,Anabaenopeptins,11.87
FRK,380245121354801,38.04641944,-121.5981,2022,2022-07-26,2022-08-10,Anatoxins,9.73
FRK,380245121354801,38.04641944,-121.5981,2022,2022-07-26,2022-08-10,Cylindrospermopsins,0
FRK,380245121354801,38.04641944,-121.5981,2022,2022-07-26,2022-08-10,Microcystins,336.14
FRK,380245121354801,38.04641944,-121.5981,2022,2022-07-26,2022-08-10,Nodularins,0
FRK,380245121354801,38.04641944,-121.5981,2022,2022-07-26,2022-08-10,Saxitoxin,0
FRK,380245121354801,38.04641944,-121.5981,2022,2022-08-10,2022-08-23,Anabaenopeptins,7.47
FRK,380245121354801,38.04641944,-121.5981,2022,2022-08-10,2022-08-23,Anatoxins,4.2700000000000005
FRK,380245121354801,38.04641944,-121.5981,2022,2022-08-10,2022-08-23,Cylindrospermopsins,0
FRK,380245121354801,38.04641944,-121.5981,2022,2022-08-10,2022-08-23,Microcystins,22.93
FRK,380245121354801,38.04641944,-121.5981,2022,2022-08-10,2022-08-23,Nodularins,0
FRK,380245121354801,38.04641944,-121.5981,2022,2022-08-10,2022-08-23,Saxitoxin,0
FRK,380245121354801,38.04641944,-121.5981,2022,2022-08-23,2022-09-08,Anabaenopeptins,16.53
FRK,380245121354801,38.04641944,-121.5981,2022,2022-08-23,2022-09-08,Anatoxins,8.67
FRK,380245121354801,38.04641944,-121.5981,2022,2022-08-23,2022-09-08,Cylindrospermopsins,0
FRK,380245121354801,38.04641944,-121.5981,2022,2022-08-23,2022-09-08,Microcystins,59.870000000000005
FRK,380245121354801,38.04641944,-121.5981,2022,2022-08-23,2022-09-08,Nodularins,0
FRK,380245121354801,38.04641944,-121.5981,2022,2022-08-23,2022-09-08,Saxitoxin,0
FRK,380245121354801,38.04641944,-121.5981,2022,2022-09-08,2022-09-20,Anabaenopeptins,8.48
FRK,380245121354801,38.04641944,-121.5981,2022,2022-09-08,2022-09-20,Anatoxins,9.44
FRK,380245121354801,38.04641944,-121.5981,2022,2022-09-08,2022-09-20,Cylindrospermopsins,0
FRK,380245121354801,38.04641944,-121.5981,2022,2022-09-08,2022-09-20,Microcystins,47.04
FRK,380245121354801,38.04641944,-121.5981,2022,2022-09-08,2022-09-20,Nodularins,0
FRK,380245121354801,38.04641944,-121.5981,2022,2022-09-08,2022-09-20,Saxitoxin,0
FRK,380245121354801,38.04641944,-121.5981,2022,2022-09-20,2022-10-13,Anabaenopeptins,12
FRK,380245121354801,38.04641944,-121.5981,2022,2022-09-20,2022-10-13,Anatoxins,3.2
FRK,380245121354801,38.04641944,-121.5981,2022,2022-09-20,2022-10-13,Cylindrospermopsins,0
FRK,380245121354801,38.04641944,-121.5981,2022,2022-09-20,2022-10-13,Microcystins,63.2
FRK,380245121354801,38.04641944,-121.5981,2022,2022-09-20,2022-10-13,Nodularins,0
FRK,380245121354801,38.04641944,-121.5981,2022,2022-09-20,2022-10-13,Saxitoxin,0
FRK,380245121354801,38.04641944,-121.5981,2022,2022-10-13,2022-10-26,Anabaenopeptins,0
FRK,380245121354801,38.04641944,-121.5981,2022,2022-10-13,2022-10-26,Anatoxins,0
FRK,380245121354801,38.04641944,-121.5981,2022,2022-10-13,2022-10-26,Cylindrospermopsins,0
FRK,380245121354801,38.04641944,-121.5981,2022,2022-10-13,2022-10-26,Microcystins,0
FRK,380245121354801,38.04641944,-121.5981,2022,2022-10-13,2022-10-26,Nodularins,0
FRK,380245121354801,38.04641944,-121.5981,2022,2022-10-13,2022-10-26,Saxitoxin,0
FRK,380245121354801,38.04641944,-121.5981,2022,2022-10-26,2022-11-30,Anabaenopeptins,0
FRK,380245121354801,38.04641944,-121.5981,2022,2022-10-26,2022-11-30,Anatoxins,0
FRK,380245121354801,38.04641944,-121.5981,2022,2022-10-26,2022-11-30,Cylindrospermopsins,0
FRK,380245121354801,38.04641944,-121.5981,2022,2022-10-26,2022-11-30,Microcystins,7.17
FRK,380245121354801,38.04641944,-121.5981,2022,2022-10-26,2022-11-30,Nodularins,0
FRK,380245121354801,38.04641944,-121.5981,2022,2022-10-26,2022-11-30,Saxitoxin,0
JPT,11337190,38.0521424,-121.6888428,2022,2022-01-05,2022-01-18,Anabaenopeptins,5.92
JPT,11337190,38.0521424,-121.6888428,2022,2022-01-05,2022-01-18,Anatoxins,0
JPT,11337190,38.0521424,-121.6888428,2022,2022-01-05,2022-01-18,Cylindrospermopsins,0
JPT,11337190,38.0521424,-121.6888428,2022,2022-01-05,2022-01-18,Microcystins,0
JPT,11337190,38.0521424,-121.6888428,2022,2022-01-05,2022-01-18,Nodularins,0
JPT,11337190,38.0521424,-121.6888428,2022,2022-01-05,2022-01-18,Saxitoxin,0
JPT,11337190,38.0521424,-121.6888428,2022,2022-01-18,2022-02-16,Anabaenopeptins,3.36
JPT,11337190,38.0521424,-121.6888428,2022,2022-01-18,2022-02-16,Anatoxins,0
JPT,11337190,38.0521424,-121.6888428,2022,2022-01-18,2022-02-16,Cylindrospermopsins,0
JPT,11337190,38.0521424,-121.6888428,2022,2022-01-18,2022-02-16,Microcystins,0
JPT,11337190,38.0521424,-121.6888428,2022,2022-01-18,2022-02-16,Nodularins,0
JPT,11337190,38.0521424,-121.6888428,2022,2022-01-18,2022-02-16,Saxitoxin,0
JPT,11337190,38.0521424,-121.6888428,2022,2022-02-16,2022-03-03,Anabaenopeptins,0
JPT,11337190,38.0521424,-121.6888428,2022,2022-02-16,2022-03-03,Anatoxins,0
JPT,11337190,38.0521424,-121.6888428,2022,2022-02-16,2022-03-03,Cylindrospermopsins,0
JPT,11337190,38.0521424,-121.6888428,2022,2022-02-16,2022-03-03,Microcystins,0
JPT,11337190,38.0521424,-121.6888428,2022,2022-02-16,2022-03-03,Nodularins,0
JPT,11337190,38.0521424,-121.6888428,2022,2022-02-16,2022-03-03,Saxitoxin,0
JPT,11337190,38.0521424,-121.6888428,2022,2022-03-03,2022-04-04,Anabaenopeptins,0
JPT,11337190,38.0521424,-121.6888428,2022,2022-03-03,2022-04-04,Anatoxins,0
JPT,11337190,38.0521424,-121.6888428,2022,2022-03-03,2022-04-04,Cylindrospermopsins,0
JPT,11337190,38.0521424,-121.6888428,2022,2022-03-03,2022-04-04,Microcystins,0
JPT,11337190,38.0521424,-121.6888428,2022,2022-03-03,2022-04-04,Nodularins,0
JPT,11337190,38.0521424,-121.6888428,2022,2022-03-03,2022-04-04,Saxitoxin,0
JPT,11337190,38.0521424,-121.6888428,2022,2022-04-04,2022-04-21,Anabaenopeptins,0
JPT,11337190,38.0521424,-121.6888428,2022,2022-04-04,2022-04-21,Anatoxins,0
JPT,11337190,38.0521424,-121.6888428,2022,2022-04-04,2022-04-21,Cylindrospermopsins,0
JPT,11337190,38.0521424,-121.6888428,2022,2022-04-04,2022-04-21,Microcystins,0
JPT,11337190,38.0521424,-121.6888428,2022,2022-04-04,2022-04-21,Nodularins,0
JPT,11337190,38.0521424,-121.6888428,2022,2022-04-04,2022-04-21,Saxitoxin,0
JPT,11337190,38.0521424,-121.6888428,2022,2022-04-21,2022-05-19,Anabaenopeptins,0
JPT,11337190,38.0521424,-121.6888428,2022,2022-04-21,2022-05-19,Anatoxins,0
JPT,11337190,38.0521424,-121.6888428,2022,2022-04-21,2022-05-19,Cylindrospermopsins,0.39
JPT,11337190,38.0521424,-121.6888428,2022,2022-04-21,2022-05-19,Microcystins,0
JPT,11337190,38.0521424,-121.6888428,2022,2022-04-21,2022-05-19,Nodularins,0
JPT,11337190,38.0521424,-121.6888428,2022,2022-04-21,2022-05-19,Saxitoxin,0
JPT,11337190,38.0521424,-121.6888428,2022,2022-05-19,2022-06-01,Anabaenopeptins,0
JPT,11337190,38.0521424,-121.6888428,2022,2022-05-19,2022-06-01,Anatoxins,0
JPT,11337190,38.0521424,-121.6888428,2022,2022-05-19,2022-06-01,Cylindrospermopsins,0
JPT,11337190,38.0521424,-121.6888428,2022,2022-05-19,2022-06-01,Microcystins,0
JPT,11337190,38.0521424,-121.6888428,2022,2022-05-19,2022-06-01,Nodularins,0
JPT,11337190,38.0521424,-121.6888428,2022,2022-05-19,2022-06-01,Saxitoxin,0
JPT,11337190,38.0521424,-121.6888428,2022,2022-06-01,2022-06-14,Anabaenopeptins,0
JPT,11337190,38.0521424,-121.6888428,2022,2022-06-01,2022-06-14,Anatoxins,0
JPT,11337190,38.0521424,-121.6888428,2022,2022-06-01,2022-06-14,Cylindrospermopsins,0
JPT,11337190,38.0521424,-121.6888428,2022,2022-06-01,2022-06-14,Microcystins,0
JPT,11337190,38.0521424,-121.6888428,2022,2022-06-01,2022-06-14,Nodularins,0
JPT,11337190,38.0521424,-121.6888428,2022,2022-06-01,2022-06-14,Saxitoxin,0
JPT,11337190,38.0521424,-121.6888428,2022,2022-06-14,2022-06-29,Anabaenopeptins,0
JPT,11337190,38.0521424,-121.6888428,2022,2022-06-14,2022-06-29,Anatoxins,0
JPT,11337190,38.0521424,-121.6888428,2022,2022-06-14,2022-06-29,Cylindrospermopsins,0
JPT,11337190,38.0521424,-121.6888428,2022,2022-06-14,2022-06-29,Microcystins,0
JPT,11337190,38.0521424,-121.6888428,2022,2022-06-14,2022-06-29,Nodularins,0
JPT,11337190,38.0521424,-121.6888428,2022,2022-06-14,2022-06-29,Saxitoxin,0
JPT,11337190,38.0521424,-121.6888428,2022,2022-06-29,2022-07-12,Anabaenopeptins,0
JPT,11337190,38.0521424,-121.6888428,2022,2022-06-29,2022-07-12,Anatoxins,1.25
JPT,11337190,38.0521424,-121.6888428,2022,2022-06-29,2022-07-12,Cylindrospermopsins,0
JPT,11337190,38.0521424,-121.6888428,2022,2022-06-29,2022-07-12,Microcystins,386.75
JPT,11337190,38.0521424,-121.6888428,2022,2022-06-29,2022-07-12,Nodularins,0
JPT,11337190,38.0521424,-121.6888428,2022,2022-06-29,2022-07-12,Saxitoxin,0
JPT,11337190,38.0521424,-121.6888428,2022,2022-07-12,2022-07-27,Anabaenopeptins,0
JPT,11337190,38.0521424,-121.6888428,2022,2022-07-12,2022-07-27,Anatoxins,0.61
JPT,11337190,38.0521424,-121.6888428,2022,2022-07-12,2022-07-27,Cylindrospermopsins,0
JPT,11337190,38.0521424,-121.6888428,2022,2022-07-12,2022-07-27,Microcystins,1910.78
JPT,11337190,38.0521424,-121.6888428,2022,2022-07-12,2022-07-27,Nodularins,0
JPT,11337190,38.0521424,-121.6888428,2022,2022-07-12,2022-07-27,Saxitoxin,0
JPT,11337190,38.0521424,-121.6888428,2022,2022-07-27,2022-08-11,Anabaenopeptins,9.73
JPT,11337190,38.0521424,-121.6888428,2022,2022-07-27,2022-08-11,Anatoxins,0.67
JPT,11337190,38.0521424,-121.6888428,2022,2022-07-27,2022-08-11,Cylindrospermopsins,0
JPT,11337190,38.0521424,-121.6888428,2022,2022-07-27,2022-08-11,Microcystins,443.47
JPT,11337190,38.0521424,-121.6888428,2022,2022-07-27,2022-08-11,Nodularins,0
JPT,11337190,38.0521424,-121.6888428,2022,2022-07-27,2022-08-11,Saxitoxin,0
JPT,11337190,38.0521424,-121.6888428,2022,2022-08-11,2022-08-24,Anabaenopeptins,40.190000000000005
JPT,11337190,38.0521424,-121.6888428,2022,2022-08-11,2022-08-24,Anatoxins,0
JPT,11337190,38.0521424,-121.6888428,2022,2022-08-11,2022-08-24,Cylindrospermopsins,0
JPT,11337190,38.0521424,-121.6888428,2022,2022-08-11,2022-08-24,Microcystins,699.23
JPT,11337190,38.0521424,-121.6888428,2022,2022-08-11,2022-08-24,Nodularins,0
JPT,11337190,38.0521424,-121.6888428,2022,2022-08-11,2022-08-24,Saxitoxin,0
JPT,11337190,38.0521424,-121.6888428,2022,2022-08-24,2022-09-07,Anabaenopeptins,20.86
JPT,11337190,38.0521424,-121.6888428,2022,2022-08-24,2022-09-07,Anatoxins,0
JPT,11337190,38.0521424,-121.6888428,2022,2022-08-24,2022-09-07,Cylindrospermopsins,0
JPT,11337190,38.0521424,-121.6888428,2022,2022-08-24,2022-09-07,Microcystins,62.15
JPT,11337190,38.0521424,-121.6888428,2022,2022-08-24,2022-09-07,Nodularins,0
JPT,11337190,38.0521424,-121.6888428,2022,2022-08-24,2022-09-07,Saxitoxin,0
JPT,11337190,38.0521424,-121.6888428,2022,2022-09-07,2022-09-22,Anabaenopeptins,35.07
JPT,11337190,38.0521424,-121.6888428,2022,2022-09-07,2022-09-22,Anatoxins,3.07
JPT,11337190,38.0521424,-121.6888428,2022,2022-09-07,2022-09-22,Cylindrospermopsins,0
JPT,11337190,38.0521424,-121.6888428,2022,2022-09-07,2022-09-22,Microcystins,148.54
JPT,11337190,38.0521424,-121.6888428,2022,2022-09-07,2022-09-22,Nodularins,0
JPT,11337190,38.0521424,-121.6888428,2022,2022-09-07,2022-09-22,Saxitoxin,0
JPT,11337190,38.0521424,-121.6888428,2022,2022-09-22,2022-10-04,Anabaenopeptins,18.8
JPT,11337190,38.0521424,-121.6888428,2022,2022-09-22,2022-10-04,Anatoxins,4.54
JPT,11337190,38.0521424,-121.6888428,2022,2022-09-22,2022-10-04,Cylindrospermopsins,0
JPT,11337190,38.0521424,-121.6888428,2022,2022-09-22,2022-10-04,Microcystins,99.2
JPT,11337190,38.0521424,-121.6888428,2022,2022-09-22,2022-10-04,Nodularins,0
JPT,11337190,38.0521424,-121.6888428,2022,2022-09-22,2022-10-04,Saxitoxin,0
JPT,11337190,38.0521424,-121.6888428,2022,2022-10-04,2022-10-20,Anabaenopeptins,8
JPT,11337190,38.0521424,-121.6888428,2022,2022-10-04,2022-10-20,Anatoxins,0.87
JPT,11337190,38.0521424,-121.6888428,2022,2022-10-04,2022-10-20,Cylindrospermopsins,0
JPT,11337190,38.0521424,-121.6888428,2022,2022-10-04,2022-10-20,Microcystins,11.3
JPT,11337190,38.0521424,-121.6888428,2022,2022-10-04,2022-10-20,Nodularins,9.22
JPT,11337190,38.0521424,-121.6888428,2022,2022-10-04,2022-10-20,Saxitoxin,0
JPT,11337190,38.0521424,-121.6888428,2022,2022-10-20,2022-11-02,Anabaenopeptins,9.07
JPT,11337190,38.0521424,-121.6888428,2022,2022-10-20,2022-11-02,Anatoxins,6.93
JPT,11337190,38.0521424,-121.6888428,2022,2022-10-20,2022-11-02,Cylindrospermopsins,0
JPT,11337190,38.0521424,-121.6888428,2022,2022-10-20,2022-11-02,Microcystins,28.93
JPT,11337190,38.0521424,-121.6888428,2022,2022-10-20,2022-11-02,Nodularins,13.73
JPT,11337190,38.0521424,-121.6888428,2022,2022-10-20,2022-11-02,Saxitoxin,0
JPT,11337190,38.0521424,-121.6888428,2022,2022-11-02,2022-12-06,Anabaenopeptins,15.45
JPT,11337190,38.0521424,-121.6888428,2022,2022-11-02,2022-12-06,Anatoxins,1.52
JPT,11337190,38.0521424,-121.6888428,2022,2022-11-02,2022-12-06,Cylindrospermopsins,0
JPT,11337190,38.0521424,-121.6888428,2022,2022-11-02,2022-12-06,Microcystins,41.8
JPT,11337190,38.0521424,-121.6888428,2022,2022-11-02,2022-12-06,Nodularins,11.59
JPT,11337190,38.0521424,-121.6888428,2022,2022-11-02,2022-12-06,Saxitoxin,0
LIB,11455315,38.2430111,-121.684286,2022,2022-01-05,2022-01-18,Anabaenopeptins,11.7
LIB,11455315,38.2430111,-121.684286,2022,2022-01-05,2022-01-18,Anatoxins,0
LIB,11455315,38.2430111,-121.684286,2022,2022-01-05,2022-01-18,Cylindrospermopsins,0
LIB,11455315,38.2430111,-121.684286,2022,2022-01-05,2022-01-18,Microcystins,0
LIB,11455315,38.2430111,-121.684286,2022,2022-01-05,2022-01-18,Nodularins,0
LIB,11455315,38.2430111,-121.684286,2022,2022-01-05,2022-01-18,Saxitoxin,0
LIB,11455315,38.2430111,-121.684286,2022,2022-01-18,2022-02-17,Anabaenopeptins,2.8
LIB,11455315,38.2430111,-121.684286,2022,2022-01-18,2022-02-17,Anatoxins,0
LIB,11455315,38.2430111,-121.684286,2022,2022-01-18,2022-02-17,Cylindrospermopsins,0
LIB,11455315,38.2430111,-121.684286,2022,2022-01-18,2022-02-17,Microcystins,12.2
LIB,11455315,38.2430111,-121.684286,2022,2022-01-18,2022-02-17,Nodularins,6.7
LIB,11455315,38.2430111,-121.684286,2022,2022-01-18,2022-02-17,Saxitoxin,0
LIB,11455315,38.2430111,-121.684286,2022,2022-02-17,2022-03-22,Anabaenopeptins,0
LIB,11455315,38.2430111,-121.684286,2022,2022-02-17,2022-03-22,Anatoxins,0
LIB,11455315,38.2430111,-121.684286,2022,2022-02-17,2022-03-22,Cylindrospermopsins,0.39
LIB,11455315,38.2430111,-121.684286,2022,2022-02-17,2022-03-22,Microcystins,0
LIB,11455315,38.2430111,-121.684286,2022,2022-02-17,2022-03-22,Nodularins,0
LIB,11455315,38.2430111,-121.684286,2022,2022-02-17,2022-03-22,Saxitoxin,0
LIB,11455315,38.2430111,-121.684286,2022,2022-03-22,2022-04-25,Anabaenopeptins,0
LIB,11455315,38.2430111,-121.684286,2022,2022-03-22,2022-04-25,Anatoxins,0
LIB,11455315,38.2430111,-121.684286,2022,2022-03-22,2022-04-25,Cylindrospermopsins,0.65
LIB,11455315,38.2430111,-121.684286,2022,2022-03-22,2022-04-25,Microcystins,0
LIB,11455315,38.2430111,-121.684286,2022,2022-03-22,2022-04-25,Nodularins,0
LIB,11455315,38.2430111,-121.684286,2022,2022-03-22,2022-04-25,Saxitoxin,0
LIB,11455315,38.2430111,-121.684286,2022,2022-05-10,2022-05-31,Anabaenopeptins,0
LIB,11455315,38.2430111,-121.684286,2022,2022-05-10,2022-05-31,Anatoxins,0
LIB,11455315,38.2430111,-121.684286,2022,2022-05-10,2022-05-31,Cylindrospermopsins,1.33
LIB,11455315,38.2430111,-121.684286,2022,2022-05-10,2022-05-31,Microcystins,0
LIB,11455315,38.2430111,-121.684286,2022,2022-05-10,2022-05-31,Nodularins,11.07
LIB,11455315,38.2430111,-121.684286,2022,2022-05-10,2022-05-31,Saxitoxin,0
LIB,11455315,38.2430111,-121.684286,2022,2022-05-31,2022-06-15,Anabaenopeptins,0
LIB,11455315,38.2430111,-121.684286,2022,2022-05-31,2022-06-15,Anatoxins,0
LIB,11455315,38.2430111,-121.684286,2022,2022-05-31,2022-06-15,Cylindrospermopsins,1.04
LIB,11455315,38.2430111,-121.684286,2022,2022-05-31,2022-06-15,Microcystins,13.39
LIB,11455315,38.2430111,-121.684286,2022,2022-05-31,2022-06-15,Nodularins,11.48
LIB,11455315,38.2430111,-121.684286,2022,2022-05-31,2022-06-15,Saxitoxin,0
LIB,11455315,38.2430111,-121.684286,2022,2022-06-15,2022-06-28,Anabaenopeptins,0
LIB,11455315,38.2430111,-121.684286,2022,2022-06-15,2022-06-28,Anatoxins,0.67
LIB,11455315,38.2430111,-121.684286,2022,2022-06-15,2022-06-28,Cylindrospermopsins,0.67
LIB,11455315,38.2430111,-121.684286,2022,2022-06-15,2022-06-28,Microcystins,23.33
LIB,11455315,38.2430111,-121.684286,2022,2022-06-15,2022-06-28,Nodularins,13.5
LIB,11455315,38.2430111,-121.684286,2022,2022-06-15,2022-06-28,Saxitoxin,0
LIB,11455315,38.2430111,-121.684286,2022,2022-06-28,2022-07-28,Anabaenopeptins,0
LIB,11455315,38.2430111,-121.684286,2022,2022-06-28,2022-07-28,Anatoxins,1.5
LIB,11455315,38.2430111,-121.684286,2022,2022-06-28,2022-07-28,Cylindrospermopsins,1.67
LIB,11455315,38.2430111,-121.684286,2022,2022-06-28,2022-07-28,Microcystins,28.5
LIB,11455315,38.2430111,-121.684286,2022,2022-06-28,2022-07-28,Nodularins,0
LIB,11455315,38.2430111,-121.684286,2022,2022-06-28,2022-07-28,Saxitoxin,0
LIB,11455315,38.2430111,-121.684286,2022,2022-07-28,2022-08-09,Anabaenopeptins,0
LIB,11455315,38.2430111,-121.684286,2022,2022-07-28,2022-08-09,Anatoxins,13.34
LIB,11455315,38.2430111,-121.684286,2022,2022-07-28,2022-08-09,Cylindrospermopsins,3.87
LIB,11455315,38.2430111,-121.684286,2022,2022-07-28,2022-08-09,Microcystins,31.47
LIB,11455315,38.2430111,-121.684286,2022,2022-07-28,2022-08-09,Nodularins,0
LIB,11455315,38.2430111,-121.684286,2022,2022-07-28,2022-08-09,Saxitoxin,0
LIB,11455315,38.2430111,-121.684286,2022,2022-08-09,2022-08-23,Anabaenopeptins,0
LIB,11455315,38.2430111,-121.684286,2022,2022-08-09,2022-08-23,Anatoxins,6.800000000000001
LIB,11455315,38.2430111,-121.684286,2022,2022-08-09,2022-08-23,Cylindrospermopsins,2.4
LIB,11455315,38.2430111,-121.684286,2022,2022-08-09,2022-08-23,Microcystins,40.26
LIB,11455315,38.2430111,-121.684286,2022,2022-08-09,2022-08-23,Nodularins,0
LIB,11455315,38.2430111,-121.684286,2022,2022-08-09,2022-08-23,Saxitoxin,0
LIB,11455315,38.2430111,-121.684286,2022,2022-08-23,2022-09-09,Anabaenopeptins,0
LIB,11455315,38.2430111,-121.684286,2022,2022-08-23,2022-09-09,Anatoxins,1.23
LIB,11455315,38.2430111,-121.684286,2022,2022-08-23,2022-09-09,Cylindrospermopsins,0.92
LIB,11455315,38.2430111,-121.684286,2022,2022-08-23,2022-09-09,Microcystins,25.08
LIB,11455315,38.2430111,-121.684286,2022,2022-08-23,2022-09-09,Nodularins,7.69
LIB,11455315,38.2430111,-121.684286,2022,2022-08-23,2022-09-09,Saxitoxin,0
LIB,11455315,38.2430111,-121.684286,2022,2022-09-09,2022-09-20,Anabaenopeptins,6.33
LIB,11455315,38.2430111,-121.684286,2022,2022-09-09,2022-09-20,Anatoxins,7
LIB,11455315,38.2430111,-121.684286,2022,2022-09-09,2022-09-20,Cylindrospermopsins,1.67
LIB,11455315,38.2430111,-121.684286,2022,2022-09-09,2022-09-20,Microcystins,41
LIB,11455315,38.2430111,-121.684286,2022,2022-09-09,2022-09-20,Nodularins,17.67
LIB,11455315,38.2430111,-121.684286,2022,2022-09-09,2022-09-20,Saxitoxin,0
LIB,11455315,38.2430111,-121.684286,2022,2022-09-20,2022-10-05,Anabaenopeptins,0
LIB,11455315,38.2430111,-121.684286,2022,2022-09-20,2022-10-05,Anatoxins,6.94
LIB,11455315,38.2430111,-121.684286,2022,2022-09-20,2022-10-05,Cylindrospermopsins,1.47
LIB,11455315,38.2430111,-121.684286,2022,2022-09-20,2022-10-05,Microcystins,16.13
LIB,11455315,38.2430111,-121.684286,2022,2022-09-20,2022-10-05,Nodularins,9.2
LIB,11455315,38.2430111,-121.684286,2022,2022-09-20,2022-10-05,Saxitoxin,0
LIB,11455315,38.2430111,-121.684286,2022,2022-10-05,2022-10-18,Anabaenopeptins,9.2
LIB,11455315,38.2430111,-121.684286,2022,2022-10-05,2022-10-18,Anatoxins,9.07
LIB,11455315,38.2430111,-121.684286,2022,2022-10-05,2022-10-18,Cylindrospermopsins,0
LIB,11455315,38.2430111,-121.684286,2022,2022-10-05,2022-10-18,Microcystins,6.8
LIB,11455315,38.2430111,-121.684286,2022,2022-10-05,2022-10-18,Nodularins,9.2
LIB,11455315,38.2430111,-121.684286,2022,2022-10-05,2022-10-18,Saxitoxin,0
LIB,11455315,38.2430111,-121.684286,2022,2022-10-18,2022-11-03,Anabaenopeptins,0
LIB,11455315,38.2430111,-121.684286,2022,2022-10-18,2022-11-03,Anatoxins,10.14
LIB,11455315,38.2430111,-121.684286,2022,2022-10-18,2022-11-03,Cylindrospermopsins,0
LIB,11455315,38.2430111,-121.684286,2022,2022-10-18,2022-11-03,Microcystins,0
LIB,11455315,38.2430111,-121.684286,2022,2022-10-18,2022-11-03,Nodularins,12.27
LIB,11455315,38.2430111,-121.684286,2022,2022-10-18,2022-11-03,Saxitoxin,0
LIB,11455315,38.2430111,-121.684286,2022,2022-11-03,2022-12-06,Anabaenopeptins,3.14
LIB,11455315,38.2430111,-121.684286,2022,2022-11-03,2022-12-06,Anatoxins,10.57
LIB,11455315,38.2430111,-121.684286,2022,2022-11-03,2022-12-06,Cylindrospermopsins,0.86
LIB,11455315,38.2430111,-121.684286,2022,2022-11-03,2022-12-06,Microcystins,36.57
LIB,11455315,38.2430111,-121.684286,2022,2022-11-03,2022-12-06,Nodularins,26.29
LIB,11455315,38.2430111,-121.684286,2022,2022-11-03,2022-12-06,Saxitoxin,0
MDM,11312676,37.9427017,-121.5341175,2022,2022-01-21,2022-02-24,Anabaenopeptins,0
MDM,11312676,37.9427017,-121.5341175,2022,2022-01-21,2022-02-24,Anatoxins,0
MDM,11312676,37.9427017,-121.5341175,2022,2022-01-21,2022-02-24,Cylindrospermopsins,0
MDM,11312676,37.9427017,-121.5341175,2022,2022-01-21,2022-02-24,Microcystins,0
MDM,11312676,37.9427017,-121.5341175,2022,2022-01-21,2022-02-24,Nodularins,0
MDM,11312676,37.9427017,-121.5341175,2022,2022-01-21,2022-02-24,Saxitoxin,0
MDM,11312676,37.9427017,-121.5341175,2022,2022-02-24,2022-03-24,Anabaenopeptins,0
MDM,11312676,37.9427017,-121.5341175,2022,2022-02-24,2022-03-24,Anatoxins,0
MDM,11312676,37.9427017,-121.5341175,2022,2022-02-24,2022-03-24,Cylindrospermopsins,0
MDM,11312676,37.9427017,-121.5341175,2022,2022-02-24,2022-03-24,Microcystins,0
MDM,11312676,37.9427017,-121.5341175,2022,2022-02-24,2022-03-24,Nodularins,0
MDM,11312676,37.9427017,-121.5341175,2022,2022-02-24,2022-03-24,Saxitoxin,0
MDM,11312676,37.9427017,-121.5341175,2022,2022-03-24,2022-04-22,Anabaenopeptins,0
MDM,11312676,37.9427017,-121.5341175,2022,2022-03-24,2022-04-22,Anatoxins,0
MDM,11312676,37.9427017,-121.5341175,2022,2022-03-24,2022-04-22,Cylindrospermopsins,0
MDM,11312676,37.9427017,-121.5341175,2022,2022-03-24,2022-04-22,Microcystins,0
MDM,11312676,37.9427017,-121.5341175,2022,2022-03-24,2022-04-22,Nodularins,0
MDM,11312676,37.9427017,-121.5341175,2022,2022-03-24,2022-04-22,Saxitoxin,0
MDM,11312676,37.9427017,-121.5341175,2022,2022-04-22,2022-05-04,Anabaenopeptins,0
MDM,11312676,37.9427017,-121.5341175,2022,2022-04-22,2022-05-04,Anatoxins,0
MDM,11312676,37.9427017,-121.5341175,2022,2022-04-22,2022-05-04,Cylindrospermopsins,0
MDM,11312676,37.9427017,-121.5341175,2022,2022-04-22,2022-05-04,Microcystins,0
MDM,11312676,37.9427017,-121.5341175,2022,2022-04-22,2022-05-04,Nodularins,0
MDM,11312676,37.9427017,-121.5341175,2022,2022-04-22,2022-05-04,Saxitoxin,0
MDM,11312676,37.9427017,-121.5341175,2022,2022-05-04,2022-05-24,Anabaenopeptins,0
MDM,11312676,37.9427017,-121.5341175,2022,2022-05-04,2022-05-24,Anatoxins,0
MDM,11312676,37.9427017,-121.5341175,2022,2022-05-04,2022-05-24,Cylindrospermopsins,0
MDM,11312676,37.9427017,-121.5341175,2022,2022-05-04,2022-05-24,Microcystins,0
MDM,11312676,37.9427017,-121.5341175,2022,2022-05-04,2022-05-24,Nodularins,0
MDM,11312676,37.9427017,-121.5341175,2022,2022-05-04,2022-05-24,Saxitoxin,0
MDM,11312676,37.9427017,-121.5341175,2022,2022-05-24,2022-06-02,Anabaenopeptins,0
MDM,11312676,37.9427017,-121.5341175,2022,2022-05-24,2022-06-02,Anatoxins,0
MDM,11312676,37.9427017,-121.5341175,2022,2022-05-24,2022-06-02,Cylindrospermopsins,0.28
MDM,11312676,37.9427017,-121.5341175,2022,2022-05-24,2022-06-02,Microcystins,0
MDM,11312676,37.9427017,-121.5341175,2022,2022-05-24,2022-06-02,Nodularins,0
MDM,11312676,37.9427017,-121.5341175,2022,2022-05-24,2022-06-02,Saxitoxin,0
MDM,11312676,37.9427017,-121.5341175,2022,2022-06-02,2022-06-16,Anabaenopeptins,0
MDM,11312676,37.9427017,-121.5341175,2022,2022-06-02,2022-06-16,Anatoxins,0
MDM,11312676,37.9427017,-121.5341175,2022,2022-06-02,2022-06-16,Cylindrospermopsins,0.29
MDM,11312676,37.9427017,-121.5341175,2022,2022-06-02,2022-06-16,Microcystins,0
MDM,11312676,37.9427017,-121.5341175,2022,2022-06-02,2022-06-16,Nodularins,0
MDM,11312676,37.9427017,-121.5341175,2022,2022-06-02,2022-06-16,Saxitoxin,0
MDM,11312676,37.9427017,-121.5341175,2022,2022-06-16,2022-06-29,Anabaenopeptins,0
MDM,11312676,37.9427017,-121.5341175,2022,2022-06-16,2022-06-29,Anatoxins,0
MDM,11312676,37.9427017,-121.5341175,2022,2022-06-16,2022-06-29,Cylindrospermopsins,0
MDM,11312676,37.9427017,-121.5341175,2022,2022-06-16,2022-06-29,Microcystins,21.52
MDM,11312676,37.9427017,-121.5341175,2022,2022-06-16,2022-06-29,Nodularins,0
MDM,11312676,37.9427017,-121.5341175,2022,2022-06-16,2022-06-29,Saxitoxin,0
MDM,11312676,37.9427017,-121.5341175,2022,2022-06-29,2022-07-27,Anabaenopeptins,0
MDM,11312676,37.9427017,-121.5341175,2022,2022-06-29,2022-07-27,Anatoxins,0
MDM,11312676,37.9427017,-121.5341175,2022,2022-06-29,2022-07-27,Cylindrospermopsins,0
MDM,11312676,37.9427017,-121.5341175,2022,2022-06-29,2022-07-27,Microcystins,179.4
MDM,11312676,37.9427017,-121.5341175,2022,2022-06-29,2022-07-27,Nodularins,0
MDM,11312676,37.9427017,-121.5341175,2022,2022-06-29,2022-07-27,Saxitoxin,0
MDM,11312676,37.9427017,-121.5341175,2022,2022-07-27,2022-08-08,Anabaenopeptins,4
MDM,11312676,37.9427017,-121.5341175,2022,2022-07-27,2022-08-08,Anatoxins,0
MDM,11312676,37.9427017,-121.5341175,2022,2022-07-27,2022-08-08,Cylindrospermopsins,0
MDM,11312676,37.9427017,-121.5341175,2022,2022-07-27,2022-08-08,Microcystins,37.730000000000004
MDM,11312676,37.9427017,-121.5341175,2022,2022-07-27,2022-08-08,Nodularins,0
MDM,11312676,37.9427017,-121.5341175,2022,2022-07-27,2022-08-08,Saxitoxin,0
MDM,11312676,37.9427017,-121.5341175,2022,2022-08-23,2022-09-06,Anabaenopeptins,11.73
MDM,11312676,37.9427017,-121.5341175,2022,2022-08-23,2022-09-06,Anatoxins,0
MDM,11312676,37.9427017,-121.5341175,2022,2022-08-23,2022-09-06,Cylindrospermopsins,0
MDM,11312676,37.9427017,-121.5341175,2022,2022-08-23,2022-09-06,Microcystins,43.47
MDM,11312676,37.9427017,-121.5341175,2022,2022-08-23,2022-09-06,Nodularins,0
MDM,11312676,37.9427017,-121.5341175,2022,2022-08-23,2022-09-06,Saxitoxin,0
MDM,11312676,37.9427017,-121.5341175,2022,2022-09-06,2022-09-22,Anabaenopeptins,25.06
MDM,11312676,37.9427017,-121.5341175,2022,2022-09-06,2022-09-22,Anatoxins,0
MDM,11312676,37.9427017,-121.5341175,2022,2022-09-06,2022-09-22,Cylindrospermopsins,0
MDM,11312676,37.9427017,-121.5341175,2022,2022-09-06,2022-09-22,Microcystins,55.199999999999996
MDM,11312676,37.9427017,-121.5341175,2022,2022-09-06,2022-09-22,Nodularins,0
MDM,11312676,37.9427017,-121.5341175,2022,2022-09-06,2022-09-22,Saxitoxin,0
MDM,11312676,37.9427017,-121.5341175,2022,2022-09-22,2022-10-03,Anabaenopeptins,0
MDM,11312676,37.9427017,-121.5341175,2022,2022-09-22,2022-10-03,Anatoxins,0
MDM,11312676,37.9427017,-121.5341175,2022,2022-09-22,2022-10-03,Cylindrospermopsins,0
MDM,11312676,37.9427017,-121.5341175,2022,2022-09-22,2022-10-03,Microcystins,0
MDM,11312676,37.9427017,-121.5341175,2022,2022-09-22,2022-10-03,Nodularins,0
MDM,11312676,37.9427017,-121.5341175,2022,2022-09-22,2022-10-03,Saxitoxin,0
MDM,11312676,37.9427017,-121.5341175,2022,2022-10-03,2022-11-01,Anabaenopeptins,3.0700000000000003
MDM,11312676,37.9427017,-121.5341175,2022,2022-10-03,2022-11-01,Anatoxins,0
MDM,11312676,37.9427017,-121.5341175,2022,2022-10-03,2022-11-01,Cylindrospermopsins,0
MDM,11312676,37.9427017,-121.5341175,2022,2022-10-03,2022-11-01,Microcystins,0
MDM,11312676,37.9427017,-121.5341175,2022,2022-10-03,2022-11-01,Nodularins,0
MDM,11312676,37.9427017,-121.5341175,2022,2022-10-03,2022-11-01,Saxitoxin,0
MDM,11312676,37.9427017,-121.5341175,2022,2022-11-01,2022-12-06,Anabaenopeptins,0
MDM,11312676,37.9427017,-121.5341175,2022,2022-11-01,2022-12-06,Anatoxins,0
MDM,11312676,37.9427017,-121.5341175,2022,2022-11-01,2022-12-06,Cylindrospermopsins,0
MDM,11312676,37.9427017,-121.5341175,2022,2022-11-01,2022-12-06,Microcystins,0
MDM,11312676,37.9427017,-121.5341175,2022,2022-11-01,2022-12-06,Nodularins,0
MDM,11312676,37.9427017,-121.5341175,2022,2022-11-01,2022-12-06,Saxitoxin,0
RRI,375747121215401,37.96305556,-121.365,2022,2022-01-07,2022-02-09,Anabaenopeptins,0
RRI,375747121215401,37.96305556,-121.365,2022,2022-01-07,2022-02-09,Anatoxins,0
RRI,375747121215401,37.96305556,-121.365,2022,2022-01-07,2022-02-09,Cylindrospermopsins,0
RRI,375747121215401,37.96305556,-121.365,2022,2022-01-07,2022-02-09,Microcystins,0
RRI,375747121215401,37.96305556,-121.365,2022,2022-01-07,2022-02-09,Nodularins,0
RRI,375747121215401,37.96305556,-121.365,2022,2022-01-07,2022-02-09,Saxitoxin,0
RRI,375747121215401,37.96305556,-121.365,2022,2022-02-09,2022-03-11,Anabaenopeptins,0
RRI,375747121215401,37.96305556,-121.365,2022,2022-02-09,2022-03-11,Anatoxins,0
RRI,375747121215401,37.96305556,-121.365,2022,2022-02-09,2022-03-11,Cylindrospermopsins,0
RRI,375747121215401,37.96305556,-121.365,2022,2022-02-09,2022-03-11,Microcystins,0
RRI,375747121215401,37.96305556,-121.365,2022,2022-02-09,2022-03-11,Nodularins,0
RRI,375747121215401,37.96305556,-121.365,2022,2022-02-09,2022-03-11,Saxitoxin,0
RRI,375747121215401,37.96305556,-121.365,2022,2022-03-11,2022-04-22,Anabaenopeptins,0
RRI,375747121215401,37.96305556,-121.365,2022,2022-03-11,2022-04-22,Anatoxins,0
RRI,375747121215401,37.96305556,-121.365,2022,2022-03-11,2022-04-22,Cylindrospermopsins,0
RRI,375747121215401,37.96305556,-121.365,2022,2022-03-11,2022-04-22,Microcystins,0
RRI,375747121215401,37.96305556,-121.365,2022,2022-03-11,2022-04-22,Nodularins,0
RRI,375747121215401,37.96305556,-121.365,2022,2022-03-11,2022-04-22,Saxitoxin,0
RRI,375747121215401,37.96305556,-121.365,2022,2022-04-22,2022-05-05,Anabaenopeptins,0
RRI,375747121215401,37.96305556,-121.365,2022,2022-04-22,2022-05-05,Anatoxins,0
RRI,375747121215401,37.96305556,-121.365,2022,2022-04-22,2022-05-05,Cylindrospermopsins,0
RRI,375747121215401,37.96305556,-121.365,2022,2022-04-22,2022-05-05,Microcystins,0
RRI,375747121215401,37.96305556,-121.365,2022,2022-04-22,2022-05-05,Nodularins,0
RRI,375747121215401,37.96305556,-121.365,2022,2022-04-22,2022-05-05,Saxitoxin,0
RRI,375747121215401,37.96305556,-121.365,2022,2022-05-05,2022-05-23,Anabaenopeptins,0
RRI,375747121215401,37.96305556,-121.365,2022,2022-05-05,2022-05-23,Anatoxins,0
RRI,375747121215401,37.96305556,-121.365,2022,2022-05-05,2022-05-23,Cylindrospermopsins,0
RRI,375747121215401,37.96305556,-121.365,2022,2022-05-05,2022-05-23,Microcystins,0
RRI,375747121215401,37.96305556,-121.365,2022,2022-05-05,2022-05-23,Nodularins,0
RRI,375747121215401,37.96305556,-121.365,2022,2022-05-05,2022-05-23,Saxitoxin,0
RRI,375747121215401,37.96305556,-121.365,2022,2022-05-23,2022-06-06,Anabaenopeptins,0
RRI,375747121215401,37.96305556,-121.365,2022,2022-05-23,2022-06-06,Anatoxins,0
RRI,375747121215401,37.96305556,-121.365,2022,2022-05-23,2022-06-06,Cylindrospermopsins,0.4
RRI,375747121215401,37.96305556,-121.365,2022,2022-05-23,2022-06-06,Microcystins,0
RRI,375747121215401,37.96305556,-121.365,2022,2022-05-23,2022-06-06,Nodularins,0
RRI,375747121215401,37.96305556,-121.365,2022,2022-05-23,2022-06-06,Saxitoxin,0
RRI,375747121215401,37.96305556,-121.365,2022,2022-06-06,2022-06-22,Anabaenopeptins,0
RRI,375747121215401,37.96305556,-121.365,2022,2022-06-06,2022-06-22,Anatoxins,0
RRI,375747121215401,37.96305556,-121.365,2022,2022-06-06,2022-06-22,Cylindrospermopsins,0.4
RRI,375747121215401,37.96305556,-121.365,2022,2022-06-06,2022-06-22,Microcystins,0
RRI,375747121215401,37.96305556,-121.365,2022,2022-06-06,2022-06-22,Nodularins,0
RRI,375747121215401,37.96305556,-121.365,2022,2022-06-06,2022-06-22,Saxitoxin,0
RRI,375747121215401,37.96305556,-121.365,2022,2022-06-22,2022-07-05,Anabaenopeptins,47.17
RRI,375747121215401,37.96305556,-121.365,2022,2022-06-22,2022-07-05,Anatoxins,0
RRI,375747121215401,37.96305556,-121.365,2022,2022-06-22,2022-07-05,Cylindrospermopsins,0
RRI,375747121215401,37.96305556,-121.365,2022,2022-06-22,2022-07-05,Microcystins,13.24
RRI,375747121215401,37.96305556,-121.365,2022,2022-06-22,2022-07-05,Nodularins,0
RRI,375747121215401,37.96305556,-121.365,2022,2022-06-22,2022-07-05,Saxitoxin,0
RRI,375747121215401,37.96305556,-121.365,2022,2022-07-05,2022-07-21,Anabaenopeptins,19.56
RRI,375747121215401,37.96305556,-121.365,2022,2022-07-05,2022-07-21,Anatoxins,0
RRI,375747121215401,37.96305556,-121.365,2022,2022-07-05,2022-07-21,Cylindrospermopsins,0
RRI,375747121215401,37.96305556,-121.365,2022,2022-07-05,2022-07-21,Microcystins,91.41
RRI,375747121215401,37.96305556,-121.365,2022,2022-07-05,2022-07-21,Nodularins,0
RRI,375747121215401,37.96305556,-121.365,2022,2022-07-05,2022-07-21,Saxitoxin,0
RRI,375747121215401,37.96305556,-121.365,2022,2022-07-21,2022-08-02,Anabaenopeptins,8.930000000000001
RRI,375747121215401,37.96305556,-121.365,2022,2022-07-21,2022-08-02,Anatoxins,0
RRI,375747121215401,37.96305556,-121.365,2022,2022-07-21,2022-08-02,Cylindrospermopsins,0
RRI,375747121215401,37.96305556,-121.365,2022,2022-07-21,2022-08-02,Microcystins,71.07000000000001
RRI,375747121215401,37.96305556,-121.365,2022,2022-07-21,2022-08-02,Nodularins,0
RRI,375747121215401,37.96305556,-121.365,2022,2022-07-21,2022-08-02,Saxitoxin,0
RRI,375747121215401,37.96305556,-121.365,2022,2022-08-02,2022-08-17,Anabaenopeptins,4.9399999999999995
RRI,375747121215401,37.96305556,-121.365,2022,2022-08-02,2022-08-17,Anatoxins,0
RRI,375747121215401,37.96305556,-121.365,2022,2022-08-02,2022-08-17,Cylindrospermopsins,0
RRI,375747121215401,37.96305556,-121.365,2022,2022-08-02,2022-08-17,Microcystins,12.67
RRI,375747121215401,37.96305556,-121.365,2022,2022-08-02,2022-08-17,Nodularins,0
RRI,375747121215401,37.96305556,-121.365,2022,2022-08-02,2022-08-17,Saxitoxin,0
RRI,375747121215401,37.96305556,-121.365,2022,2022-08-17,2022-08-30,Anabaenopeptins,7.2
RRI,375747121215401,37.96305556,-121.365,2022,2022-08-17,2022-08-30,Anatoxins,0
RRI,375747121215401,37.96305556,-121.365,2022,2022-08-17,2022-08-30,Cylindrospermopsins,0
RRI,375747121215401,37.96305556,-121.365,2022,2022-08-17,2022-08-30,Microcystins,15.87
RRI,375747121215401,37.96305556,-121.365,2022,2022-08-17,2022-08-30,Nodularins,0
RRI,375747121215401,37.96305556,-121.365,2022,2022-08-17,2022-08-30,Saxitoxin,0
RRI,375747121215401,37.96305556,-121.365,2022,2022-08-30,2022-09-15,Anabaenopeptins,25.060000000000002
RRI,375747121215401,37.96305556,-121.365,2022,2022-08-30,2022-09-15,Anatoxins,8.27
RRI,375747121215401,37.96305556,-121.365,2022,2022-08-30,2022-09-15,Cylindrospermopsins,0
RRI,375747121215401,37.96305556,-121.365,2022,2022-08-30,2022-09-15,Microcystins,45.2
RRI,375747121215401,37.96305556,-121.365,2022,2022-08-30,2022-09-15,Nodularins,0
RRI,375747121215401,37.96305556,-121.365,2022,2022-08-30,2022-09-15,Saxitoxin,0
RRI,375747121215401,37.96305556,-121.365,2022,2022-09-15,2022-09-26,Anabaenopeptins,57.47
RRI,375747121215401,37.96305556,-121.365,2022,2022-09-15,2022-09-26,Anatoxins,0
RRI,375747121215401,37.96305556,-121.365,2022,2022-09-15,2022-09-26,Cylindrospermopsins,0
RRI,375747121215401,37.96305556,-121.365,2022,2022-09-15,2022-09-26,Microcystins,22.27
RRI,375747121215401,37.96305556,-121.365,2022,2022-09-15,2022-09-26,Nodularins,0
RRI,375747121215401,37.96305556,-121.365,2022,2022-09-15,2022-09-26,Saxitoxin,0
RRI,375747121215401,37.96305556,-121.365,2022,2022-09-26,2022-10-14,Anabaenopeptins,16.27
RRI,375747121215401,37.96305556,-121.365,2022,2022-09-26,2022-10-14,Anatoxins,11.07
RRI,375747121215401,37.96305556,-121.365,2022,2022-09-26,2022-10-14,Cylindrospermopsins,0
RRI,375747121215401,37.96305556,-121.365,2022,2022-09-26,2022-10-14,Microcystins,45.6
RRI,375747121215401,37.96305556,-121.365,2022,2022-09-26,2022-10-14,Nodularins,0
RRI,375747121215401,37.96305556,-121.365,2022,2022-09-26,2022-10-14,Saxitoxin,0
RRI,375747121215401,37.96305556,-121.365,2022,2022-10-14,2022-10-27,Anabaenopeptins,0
RRI,375747121215401,37.96305556,-121.365,2022,2022-10-14,2022-10-27,Anatoxins,0
RRI,375747121215401,37.96305556,-121.365,2022,2022-10-14,2022-10-27,Cylindrospermopsins,0
RRI,375747121215401,37.96305556,-121.365,2022,2022-10-14,2022-10-27,Microcystins,58.58
RRI,375747121215401,37.96305556,-121.365,2022,2022-10-14,2022-10-27,Nodularins,0
RRI,375747121215401,37.96305556,-121.365,2022,2022-10-14,2022-10-27,Saxitoxin,0
RRI,375747121215401,37.96305556,-121.365,2022,2022-10-27,2022-11-15,Anabaenopeptins,8.540000000000001
RRI,375747121215401,37.96305556,-121.365,2022,2022-10-27,2022-11-15,Anatoxins,0
RRI,375747121215401,37.96305556,-121.365,2022,2022-10-27,2022-11-15,Cylindrospermopsins,0
RRI,375747121215401,37.96305556,-121.365,2022,2022-10-27,2022-11-15,Microcystins,37.33
RRI,375747121215401,37.96305556,-121.365,2022,2022-10-27,2022-11-15,Nodularins,0
RRI,375747121215401,37.96305556,-121.365,2022,2022-10-27,2022-11-15,Saxitoxin,0
TOL,11455485,38.0778083,-121.767286,2022,2022-01-05,2022-02-16,Anabaenopeptins,1.65
TOL,11455485,38.0778083,-121.767286,2022,2022-01-05,2022-02-16,Anatoxins,0
TOL,11455485,38.0778083,-121.767286,2022,2022-01-05,2022-02-16,Cylindrospermopsins,0
TOL,11455485,38.0778083,-121.767286,2022,2022-01-05,2022-02-16,Microcystins,0
TOL,11455485,38.0778083,-121.767286,2022,2022-01-05,2022-02-16,Nodularins,0
TOL,11455485,38.0778083,-121.767286,2022,2022-01-05,2022-02-16,Saxitoxin,0
TOL,11455485,38.0778083,-121.767286,2022,2022-02-16,2022-03-03,Anabaenopeptins,0
TOL,11455485,38.0778083,-121.767286,2022,2022-02-16,2022-03-03,Anatoxins,0
TOL,11455485,38.0778083,-121.767286,2022,2022-02-16,2022-03-03,Cylindrospermopsins,0
TOL,11455485,38.0778083,-121.767286,2022,2022-02-16,2022-03-03,Microcystins,0
TOL,11455485,38.0778083,-121.767286,2022,2022-02-16,2022-03-03,Nodularins,0
TOL,11455485,38.0778083,-121.767286,2022,2022-02-16,2022-03-03,Saxitoxin,0
TOL,11455485,38.0778083,-121.767286,2022,2022-03-03,2022-04-04,Anabaenopeptins,0
TOL,11455485,38.0778083,-121.767286,2022,2022-03-03,2022-04-04,Anatoxins,0
TOL,11455485,38.0778083,-121.767286,2022,2022-03-03,2022-04-04,Cylindrospermopsins,0
TOL,11455485,38.0778083,-121.767286,2022,2022-03-03,2022-04-04,Microcystins,0
TOL,11455485,38.0778083,-121.767286,2022,2022-03-03,2022-04-04,Nodularins,0
TOL,11455485,38.0778083,-121.767286,2022,2022-03-03,2022-04-04,Saxitoxin,0
TOL,11455485,38.0778083,-121.767286,2022,2022-04-04,2022-04-21,Anabaenopeptins,0
TOL,11455485,38.0778083,-121.767286,2022,2022-04-04,2022-04-21,Anatoxins,0
TOL,11455485,38.0778083,-121.767286,2022,2022-04-04,2022-04-21,Cylindrospermopsins,0
TOL,11455485,38.0778083,-121.767286,2022,2022-04-04,2022-04-21,Microcystins,0
TOL,11455485,38.0778083,-121.767286,2022,2022-04-04,2022-04-21,Nodularins,0
TOL,11455485,38.0778083,-121.767286,2022,2022-04-04,2022-04-21,Saxitoxin,0
TOL,11455485,38.0778083,-121.767286,2022,2022-04-21,2022-05-11,Anabaenopeptins,0
TOL,11455485,38.0778083,-121.767286,2022,2022-04-21,2022-05-11,Anatoxins,0
TOL,11455485,38.0778083,-121.767286,2022,2022-04-21,2022-05-11,Cylindrospermopsins,0
TOL,11455485,38.0778083,-121.767286,2022,2022-04-21,2022-05-11,Microcystins,14.27
TOL,11455485,38.0778083,-121.767286,2022,2022-04-21,2022-05-11,Nodularins,0
TOL,11455485,38.0778083,-121.767286,2022,2022-04-21,2022-05-11,Saxitoxin,0
TOL,11455485,38.0778083,-121.767286,2022,2022-05-11,2022-05-19,Anabaenopeptins,0
TOL,11455485,38.0778083,-121.767286,2022,2022-05-11,2022-05-19,Anatoxins,0
TOL,11455485,38.0778083,-121.767286,2022,2022-05-11,2022-05-19,Cylindrospermopsins,0.27
TOL,11455485,38.0778083,-121.767286,2022,2022-05-11,2022-05-19,Microcystins,0
TOL,11455485,38.0778083,-121.767286,2022,2022-05-11,2022-05-19,Nodularins,0
TOL,11455485,38.0778083,-121.767286,2022,2022-05-11,2022-05-19,Saxitoxin,0
TOL,11455485,38.0778083,-121.767286,2022,2022-05-19,2022-06-01,Anabaenopeptins,0
TOL,11455485,38.0778083,-121.767286,2022,2022-05-19,2022-06-01,Anatoxins,0
TOL,11455485,38.0778083,-121.767286,2022,2022-05-19,2022-06-01,Cylindrospermopsins,0
TOL,11455485,38.0778083,-121.767286,2022,2022-05-19,2022-06-01,Microcystins,17.28
TOL,11455485,38.0778083,-121.767286,2022,2022-05-19,2022-06-01,Nodularins,0
TOL,11455485,38.0778083,-121.767286,2022,2022-05-19,2022-06-01,Saxitoxin,0
TOL,11455485,38.0778083,-121.767286,2022,2022-06-01,2022-06-14,Anabaenopeptins,0
TOL,11455485,38.0778083,-121.767286,2022,2022-06-01,2022-06-14,Anatoxins,0
TOL,11455485,38.0778083,-121.767286,2022,2022-06-01,2022-06-14,Cylindrospermopsins,0
TOL,11455485,38.0778083,-121.767286,2022,2022-06-01,2022-06-14,Microcystins,23.6
TOL,11455485,38.0778083,-121.767286,2022,2022-06-01,2022-06-14,Nodularins,13.73
TOL,11455485,38.0778083,-121.767286,2022,2022-06-01,2022-06-14,Saxitoxin,0
TOL,11455485,38.0778083,-121.767286,2022,2022-06-14,2022-06-29,Anabaenopeptins,0
TOL,11455485,38.0778083,-121.767286,2022,2022-06-14,2022-06-29,Anatoxins,0
TOL,11455485,38.0778083,-121.767286,2022,2022-06-14,2022-06-29,Cylindrospermopsins,0
TOL,11455485,38.0778083,-121.767286,2022,2022-06-14,2022-06-29,Microcystins,0
TOL,11455485,38.0778083,-121.767286,2022,2022-06-14,2022-06-29,Nodularins,0
TOL,11455485,38.0778083,-121.767286,2022,2022-06-14,2022-06-29,Saxitoxin,0
TOL,11455485,38.0778083,-121.767286,2022,2022-06-29,2022-07-12,Anabaenopeptins,0
TOL,11455485,38.0778083,-121.767286,2022,2022-06-29,2022-07-12,Anatoxins,0
TOL,11455485,38.0778083,-121.767286,2022,2022-06-29,2022-07-12,Cylindrospermopsins,0
TOL,11455485,38.0778083,-121.767286,2022,2022-06-29,2022-07-12,Microcystins,57.91
TOL,11455485,38.0778083,-121.767286,2022,2022-06-29,2022-07-12,Nodularins,0
TOL,11455485,38.0778083,-121.767286,2022,2022-06-29,2022-07-12,Saxitoxin,0
TOL,11455485,38.0778083,-121.767286,2022,2022-07-12,2022-07-27,Anabaenopeptins,0
TOL,11455485,38.0778083,-121.767286,2022,2022-07-12,2022-07-27,Anatoxins,0
TOL,11455485,38.0778083,-121.767286,2022,2022-07-12,2022-07-27,Cylindrospermopsins,0
TOL,11455485,38.0778083,-121.767286,2022,2022-07-12,2022-07-27,Microcystins,571.1700000000001
TOL,11455485,38.0778083,-121.767286,2022,2022-07-12,2022-07-27,Nodularins,0
TOL,11455485,38.0778083,-121.767286,2022,2022-07-12,2022-07-27,Saxitoxin,0
TOL,11455485,38.0778083,-121.767286,2022,2022-07-27,2022-08-11,Anabaenopeptins,0
TOL,11455485,38.0778083,-121.767286,2022,2022-07-27,2022-08-11,Anatoxins,0
TOL,11455485,38.0778083,-121.767286,2022,2022-07-27,2022-08-11,Cylindrospermopsins,0
TOL,11455485,38.0778083,-121.767286,2022,2022-07-27,2022-08-11,Microcystins,2416.78
TOL,11455485,38.0778083,-121.767286,2022,2022-07-27,2022-08-11,Nodularins,0
TOL,11455485,38.0778083,-121.767286,2022,2022-07-27,2022-08-11,Saxitoxin,0
TOL,11455485,38.0778083,-121.767286,2022,2022-08-11,2022-08-24,Anabaenopeptins,0.8
TOL,11455485,38.0778083,-121.767286,2022,2022-08-11,2022-08-24,Anatoxins,4.27
TOL,11455485,38.0778083,-121.767286,2022,2022-08-11,2022-08-24,Cylindrospermopsins,0
TOL,11455485,38.0778083,-121.767286,2022,2022-08-11,2022-08-24,Microcystins,582.5400000000001
TOL,11455485,38.0778083,-121.767286,2022,2022-08-11,2022-08-24,Nodularins,14.67
TOL,11455485,38.0778083,-121.767286,2022,2022-08-11,2022-08-24,Saxitoxin,0
TOL,11455485,38.0778083,-121.767286,2022,2022-08-24,2022-09-07,Anabaenopeptins,0
TOL,11455485,38.0778083,-121.767286,2022,2022-08-24,2022-09-07,Anatoxins,0
TOL,11455485,38.0778083,-121.767286,2022,2022-08-24,2022-09-07,Cylindrospermopsins,0
TOL,11455485,38.0778083,-121.767286,2022,2022-08-24,2022-09-07,Microcystins,222.26
TOL,11455485,38.0778083,-121.767286,2022,2022-08-24,2022-09-07,Nodularins,0
TOL,11455485,38.0778083,-121.767286,2022,2022-08-24,2022-09-07,Saxitoxin,0
TOL,11455485,38.0778083,-121.767286,2022,2022-09-22,2022-10-04,Anabaenopeptins,0
TOL,11455485,38.0778083,-121.767286,2022,2022-09-22,2022-10-04,Anatoxins,6.4
TOL,11455485,38.0778083,-121.767286,2022,2022-09-22,2022-10-04,Cylindrospermopsins,0
TOL,11455485,38.0778083,-121.767286,2022,2022-09-22,2022-10-04,Microcystins,193.39999999999998
TOL,11455485,38.0778083,-121.767286,2022,2022-09-22,2022-10-04,Nodularins,0
TOL,11455485,38.0778083,-121.767286,2022,2022-09-22,2022-10-04,Saxitoxin,0
TOL,11455485,38.0778083,-121.767286,2022,2022-10-04,2022-11-01,Anabaenopeptins,0
TOL,11455485,38.0778083,-121.767286,2022,2022-10-04,2022-11-01,Anatoxins,1.33
TOL,11455485,38.0778083,-121.767286,2022,2022-10-04,2022-11-01,Cylindrospermopsins,0
TOL,11455485,38.0778083,-121.767286,2022,2022-10-04,2022-11-01,Microcystins,0
TOL,11455485,38.0778083,-121.767286,2022,2022-10-04,2022-11-01,Nodularins,0
TOL,11455485,38.0778083,-121.767286,2022,2022-10-04,2022-11-01,Saxitoxin,0
TOL,11455485,38.0778083,-121.767286,2022,2022-11-01,2022-12-06,Anabaenopeptins,1.57
TOL,11455485,38.0778083,-121.767286,2022,2022-11-01,2022-12-06,Anatoxins,2.57
TOL,11455485,38.0778083,-121.767286,2022,2022-11-01,2022-12-06,Cylindrospermopsins,0
TOL,11455485,38.0778083,-121.767286,2022,2022-11-01,2022-12-06,Microcystins,62.57
TOL,11455485,38.0778083,-121.767286,2022,2022-11-01,2022-12-06,Nodularins,9.57
TOL,11455485,38.0778083,-121.767286,2022,2022-11-01,2022-12-06,Saxitoxin,0
