<?xml version="1.0" encoding="UTF-8"?>
<metadata xml:lang="en"><Esri><CreaDate>20221005</CreaDate><CreaTime>19422100</CreaTime><ArcGISFormat>1.0</ArcGISFormat><ArcGISstyle>FGDC CSDGM Metadata</ArcGISstyle><SyncOnce>FALSE</SyncOnce><DataProperties><itemProps><itemName Sync="TRUE">SAVFLOAT</itemName><imsContentType Sync="TRUE">002</imsContentType><itemSize Sync="TRUE">0.000</itemSize><itemLocation><linkage Sync="TRUE">file://\\metro-athena\proj\delta_sav\vector\field_data\2022\SAVFLOAT.shp</linkage><protocol Sync="TRUE">Local Area Network</protocol></itemLocation></itemProps><lineage><Process ToolSource="c:\program files (x86)\arcgis\desktop10.6\ArcToolbox\Toolboxes\Data Management Tools.tbx\Merge" Date="20221005" Time="194222">Merge X:\delta_sav\vector\field_data\2022\data1\TA08192022_VC_WC\SAV.shp;X:\delta_sav\vector\field_data\2022\data1\TA08192022_VC_WC\Float.shp;X:\delta_sav\vector\field_data\2022\data1\SA07222022_WS\SAV.shp;X:\delta_sav\vector\field_data\2022\data1\SA07222022_WS\Float.shp X:\delta_sav\vector\field_data\2022\SAVFLOAT.shp "Species_1 "Species_1" true true false 60 Text 0 0 ,First,#,X:\delta_sav\vector\field_data\2022\data1\TA08192022_VC_WC\SAV.shp,Species_1,-1,-1,X:\delta_sav\vector\field_data\2022\data1\TA08192022_VC_WC\Float.shp,Species_1,-1,-1,X:\delta_sav\vector\field_data\2022\data1\SA07222022_WS\SAV.shp,Species_1,-1,-1,X:\delta_sav\vector\field_data\2022\data1\SA07222022_WS\Float.shp,Species_1,-1,-1;Cover_1 "Cover_1" true true false 60 Text 0 0 ,First,#,X:\delta_sav\vector\field_data\2022\data1\TA08192022_VC_WC\SAV.shp,Cover_1,-1,-1,X:\delta_sav\vector\field_data\2022\data1\TA08192022_VC_WC\Float.shp,Cover_1,-1,-1,X:\delta_sav\vector\field_data\2022\data1\SA07222022_WS\SAV.shp,Cover_1,-1,-1,X:\delta_sav\vector\field_data\2022\data1\SA07222022_WS\Float.shp,Cover_1,-1,-1;Species_2 "Species_2" true true false 60 Text 0 0 ,First,#,X:\delta_sav\vector\field_data\2022\data1\TA08192022_VC_WC\SAV.shp,Species_2,-1,-1,X:\delta_sav\vector\field_data\2022\data1\TA08192022_VC_WC\Float.shp,Species_2,-1,-1,X:\delta_sav\vector\field_data\2022\data1\SA07222022_WS\SAV.shp,Species_2,-1,-1,X:\delta_sav\vector\field_data\2022\data1\SA07222022_WS\Float.shp,Species_2,-1,-1;Cover_2 "Cover_2" true true false 60 Text 0 0 ,First,#,X:\delta_sav\vector\field_data\2022\data1\TA08192022_VC_WC\SAV.shp,Cover_2,-1,-1,X:\delta_sav\vector\field_data\2022\data1\TA08192022_VC_WC\Float.shp,Cover_2,-1,-1,X:\delta_sav\vector\field_data\2022\data1\SA07222022_WS\SAV.shp,Cover_2,-1,-1,X:\delta_sav\vector\field_data\2022\data1\SA07222022_WS\Float.shp,Cover_2,-1,-1;Species_3 "Species_3" true true false 60 Text 0 0 ,First,#,X:\delta_sav\vector\field_data\2022\data1\TA08192022_VC_WC\SAV.shp,Species_3,-1,-1,X:\delta_sav\vector\field_data\2022\data1\TA08192022_VC_WC\Float.shp,Species_3,-1,-1,X:\delta_sav\vector\field_data\2022\data1\SA07222022_WS\SAV.shp,Species_3,-1,-1,X:\delta_sav\vector\field_data\2022\data1\SA07222022_WS\Float.shp,Species_3,-1,-1;Cover_3 "Cover_3" true true false 60 Text 0 0 ,First,#,X:\delta_sav\vector\field_data\2022\data1\TA08192022_VC_WC\SAV.shp,Cover_3,-1,-1,X:\delta_sav\vector\field_data\2022\data1\TA08192022_VC_WC\Float.shp,Cover_3,-1,-1,X:\delta_sav\vector\field_data\2022\data1\SA07222022_WS\SAV.shp,Cover_3,-1,-1,X:\delta_sav\vector\field_data\2022\data1\SA07222022_WS\Float.shp,Cover_3,-1,-1;Species_4 "Species_4" true true false 60 Text 0 0 ,First,#,X:\delta_sav\vector\field_data\2022\data1\TA08192022_VC_WC\SAV.shp,Species_4,-1,-1,X:\delta_sav\vector\field_data\2022\data1\TA08192022_VC_WC\Float.shp,Species_4,-1,-1,X:\delta_sav\vector\field_data\2022\data1\SA07222022_WS\SAV.shp,Species_4,-1,-1,X:\delta_sav\vector\field_data\2022\data1\SA07222022_WS\Float.shp,Species_4,-1,-1;Cover_4 "Cover_4" true true false 60 Text 0 0 ,First,#,X:\delta_sav\vector\field_data\2022\data1\TA08192022_VC_WC\SAV.shp,Cover_4,-1,-1,X:\delta_sav\vector\field_data\2022\data1\TA08192022_VC_WC\Float.shp,Cover_4,-1,-1,X:\delta_sav\vector\field_data\2022\data1\SA07222022_WS\SAV.shp,Cover_4,-1,-1,X:\delta_sav\vector\field_data\2022\data1\SA07222022_WS\Float.shp,Cover_4,-1,-1;Species_5 "Species_5" true true false 60 Text 0 0 ,First,#,X:\delta_sav\vector\field_data\2022\data1\TA08192022_VC_WC\SAV.shp,Species_5,-1,-1,X:\delta_sav\vector\field_data\2022\data1\TA08192022_VC_WC\Float.shp,Species_5,-1,-1,X:\delta_sav\vector\field_data\2022\data1\SA07222022_WS\SAV.shp,Species_5,-1,-1,X:\delta_sav\vector\field_data\2022\data1\SA07222022_WS\Float.shp,Species_5,-1,-1;Cover_5 "Cover_5" true true false 60 Text 0 0 ,First,#,X:\delta_sav\vector\field_data\2022\data1\TA08192022_VC_WC\SAV.shp,Cover_5,-1,-1,X:\delta_sav\vector\field_data\2022\data1\TA08192022_VC_WC\Float.shp,Cover_5,-1,-1,X:\delta_sav\vector\field_data\2022\data1\SA07222022_WS\SAV.shp,Cover_5,-1,-1,X:\delta_sav\vector\field_data\2022\data1\SA07222022_WS\Float.shp,Cover_5,-1,-1;Cover_dry "Cover_dry" true true false 60 Text 0 0 ,First,#,X:\delta_sav\vector\field_data\2022\data1\TA08192022_VC_WC\SAV.shp,Cover_dry,-1,-1,X:\delta_sav\vector\field_data\2022\data1\TA08192022_VC_WC\Float.shp,Cover_dry,-1,-1,X:\delta_sav\vector\field_data\2022\data1\SA07222022_WS\SAV.shp,Cover_dry,-1,-1,X:\delta_sav\vector\field_data\2022\data1\SA07222022_WS\Float.shp,Cover_dry,-1,-1;Cover_wate "Cover_wate" true true false 60 Text 0 0 ,First,#,X:\delta_sav\vector\field_data\2022\data1\TA08192022_VC_WC\SAV.shp,Cover_wate,-1,-1,X:\delta_sav\vector\field_data\2022\data1\TA08192022_VC_WC\Float.shp,Cover_wate,-1,-1,X:\delta_sav\vector\field_data\2022\data1\SA07222022_WS\SAV.shp,Cover_wate,-1,-1,X:\delta_sav\vector\field_data\2022\data1\SA07222022_WS\Float.shp,Cover_wate,-1,-1;Cover_epi_ "Cover_epi_" true true false 60 Text 0 0 ,First,#,X:\delta_sav\vector\field_data\2022\data1\TA08192022_VC_WC\SAV.shp,Cover_epi_,-1,-1,X:\delta_sav\vector\field_data\2022\data1\TA08192022_VC_WC\Float.shp,Cover_epi_,-1,-1,X:\delta_sav\vector\field_data\2022\data1\SA07222022_WS\SAV.shp,Cover_epi_,-1,-1,X:\delta_sav\vector\field_data\2022\data1\SA07222022_WS\Float.shp,Cover_epi_,-1,-1;Patch_Leng "Patch_Leng" true true false 60 Text 0 0 ,First,#,X:\delta_sav\vector\field_data\2022\data1\TA08192022_VC_WC\SAV.shp,Patch_Leng,-1,-1,X:\delta_sav\vector\field_data\2022\data1\TA08192022_VC_WC\Float.shp,Patch_Leng,-1,-1,X:\delta_sav\vector\field_data\2022\data1\SA07222022_WS\SAV.shp,Patch_Leng,-1,-1,X:\delta_sav\vector\field_data\2022\data1\SA07222022_WS\Float.shp,Patch_Leng,-1,-1;Patch_Widt "Patch_Widt" true true false 60 Text 0 0 ,First,#,X:\delta_sav\vector\field_data\2022\data1\TA08192022_VC_WC\SAV.shp,Patch_Widt,-1,-1,X:\delta_sav\vector\field_data\2022\data1\TA08192022_VC_WC\Float.shp,Patch_Widt,-1,-1,X:\delta_sav\vector\field_data\2022\data1\SA07222022_WS\SAV.shp,Patch_Widt,-1,-1,X:\delta_sav\vector\field_data\2022\data1\SA07222022_WS\Float.shp,Patch_Widt,-1,-1;Patch_Orie "Patch_Orie" true true false 60 Text 0 0 ,First,#,X:\delta_sav\vector\field_data\2022\data1\TA08192022_VC_WC\SAV.shp,Patch_Orie,-1,-1,X:\delta_sav\vector\field_data\2022\data1\TA08192022_VC_WC\Float.shp,Patch_Orie,-1,-1,X:\delta_sav\vector\field_data\2022\data1\SA07222022_WS\SAV.shp,Patch_Orie,-1,-1,X:\delta_sav\vector\field_data\2022\data1\SA07222022_WS\Float.shp,Patch_Orie,-1,-1;Location "Location" true true false 60 Text 0 0 ,First,#,X:\delta_sav\vector\field_data\2022\data1\TA08192022_VC_WC\SAV.shp,Location,-1,-1,X:\delta_sav\vector\field_data\2022\data1\TA08192022_VC_WC\Float.shp,Location,-1,-1,X:\delta_sav\vector\field_data\2022\data1\SA07222022_WS\SAV.shp,Location,-1,-1,X:\delta_sav\vector\field_data\2022\data1\SA07222022_WS\Float.shp,Location,-1,-1;PositionIn "PositionIn" true true false 60 Text 0 0 ,First,#,X:\delta_sav\vector\field_data\2022\data1\TA08192022_VC_WC\SAV.shp,PositionIn,-1,-1,X:\delta_sav\vector\field_data\2022\data1\TA08192022_VC_WC\Float.shp,PositionIn,-1,-1,X:\delta_sav\vector\field_data\2022\data1\SA07222022_WS\SAV.shp,PositionIn,-1,-1,X:\delta_sav\vector\field_data\2022\data1\SA07222022_WS\Float.shp,PositionIn,-1,-1;Preassigne "Preassigne" true true false 60 Text 0 0 ,First,#,X:\delta_sav\vector\field_data\2022\data1\TA08192022_VC_WC\SAV.shp,Preassigne,-1,-1,X:\delta_sav\vector\field_data\2022\data1\TA08192022_VC_WC\Float.shp,Preassigne,-1,-1,X:\delta_sav\vector\field_data\2022\data1\SA07222022_WS\SAV.shp,Preassigne,-1,-1,X:\delta_sav\vector\field_data\2022\data1\SA07222022_WS\Float.shp,Preassigne,-1,-1;Spp1_Flowe "Spp1_Flowe" true true false 60 Text 0 0 ,First,#,X:\delta_sav\vector\field_data\2022\data1\TA08192022_VC_WC\SAV.shp,Spp1_Flowe,-1,-1,X:\delta_sav\vector\field_data\2022\data1\TA08192022_VC_WC\Float.shp,Spp1_Flowe,-1,-1,X:\delta_sav\vector\field_data\2022\data1\SA07222022_WS\SAV.shp,Spp1_Flowe,-1,-1,X:\delta_sav\vector\field_data\2022\data1\SA07222022_WS\Float.shp,Spp1_Flowe,-1,-1;MatDensity "MatDensity" true true false 60 Text 0 0 ,First,#,X:\delta_sav\vector\field_data\2022\data1\TA08192022_VC_WC\SAV.shp,MatDensity,-1,-1,X:\delta_sav\vector\field_data\2022\data1\TA08192022_VC_WC\Float.shp,MatDensity,-1,-1,X:\delta_sav\vector\field_data\2022\data1\SA07222022_WS\SAV.shp,MatDensity,-1,-1,X:\delta_sav\vector\field_data\2022\data1\SA07222022_WS\Float.shp,MatDensity,-1,-1;WH_Weevil_ "WH_Weevil_" true true false 60 Text 0 0 ,First,#,X:\delta_sav\vector\field_data\2022\data1\TA08192022_VC_WC\SAV.shp,WH_Weevil_,-1,-1,X:\delta_sav\vector\field_data\2022\data1\TA08192022_VC_WC\Float.shp,WH_Weevil_,-1,-1,X:\delta_sav\vector\field_data\2022\data1\SA07222022_WS\SAV.shp,WH_Weevil_,-1,-1,X:\delta_sav\vector\field_data\2022\data1\SA07222022_WS\Float.shp,WH_Weevil_,-1,-1;Treated "Treated" true true false 60 Text 0 0 ,First,#,X:\delta_sav\vector\field_data\2022\data1\TA08192022_VC_WC\SAV.shp,Treated,-1,-1,X:\delta_sav\vector\field_data\2022\data1\TA08192022_VC_WC\Float.shp,Treated,-1,-1,X:\delta_sav\vector\field_data\2022\data1\SA07222022_WS\SAV.shp,Treated,-1,-1,X:\delta_sav\vector\field_data\2022\data1\SA07222022_WS\Float.shp,Treated,-1,-1;Depth_to_S "Depth_to_S" true true false 5 Float 1 4 ,First,#,X:\delta_sav\vector\field_data\2022\data1\TA08192022_VC_WC\SAV.shp,Depth_to_S,-1,-1,X:\delta_sav\vector\field_data\2022\data1\SA07222022_WS\SAV.shp,Depth_to_S,-1,-1;SAV_adj_wa "SAV_adj_wa" true true false 60 Text 0 0 ,First,#,X:\delta_sav\vector\field_data\2022\data1\TA08192022_VC_WC\SAV.shp,SAV_adj_wa,-1,-1,X:\delta_sav\vector\field_data\2022\data1\SA07222022_WS\SAV.shp,SAV_adj_wa,-1,-1;Secchi_Dep "Secchi_Dep" true true false 6 Float 2 5 ,First,#,X:\delta_sav\vector\field_data\2022\data1\TA08192022_VC_WC\SAV.shp,Secchi_Dep,-1,-1,X:\delta_sav\vector\field_data\2022\data1\SA07222022_WS\SAV.shp,Secchi_Dep,-1,-1;Secchi___B "Secchi___B" true true false 60 Text 0 0 ,First,#,X:\delta_sav\vector\field_data\2022\data1\TA08192022_VC_WC\SAV.shp,Secchi___B,-1,-1,X:\delta_sav\vector\field_data\2022\data1\SA07222022_WS\SAV.shp,Secchi___B,-1,-1;Microsysti "Microsysti" true true false 60 Text 0 0 ,First,#,X:\delta_sav\vector\field_data\2022\data1\TA08192022_VC_WC\SAV.shp,Microsysti,-1,-1,X:\delta_sav\vector\field_data\2022\data1\SA07222022_WS\SAV.shp,Microsysti,-1,-1;Rake_Teeth "Rake_Teeth" true true false 60 Text 0 0 ,First,#,X:\delta_sav\vector\field_data\2022\data1\TA08192022_VC_WC\SAV.shp,Rake_Teeth,-1,-1,X:\delta_sav\vector\field_data\2022\data1\SA07222022_WS\SAV.shp,Rake_Teeth,-1,-1;Rake_Speci "Rake_Speci" true true false 60 Text 0 0 ,First,#,X:\delta_sav\vector\field_data\2022\data1\TA08192022_VC_WC\SAV.shp,Rake_Speci,-1,-1,X:\delta_sav\vector\field_data\2022\data1\SA07222022_WS\SAV.shp,Rake_Speci,-1,-1;Rake_Spec2 "Rake_Spec2" true true false 60 Text 0 0 ,First,#,X:\delta_sav\vector\field_data\2022\data1\TA08192022_VC_WC\SAV.shp,Rake_Spec2,-1,-1,X:\delta_sav\vector\field_data\2022\data1\SA07222022_WS\SAV.shp,Rake_Spec2,-1,-1;Rake_Spec3 "Rake_Spec3" true true false 60 Text 0 0 ,First,#,X:\delta_sav\vector\field_data\2022\data1\TA08192022_VC_WC\SAV.shp,Rake_Spec3,-1,-1,X:\delta_sav\vector\field_data\2022\data1\SA07222022_WS\SAV.shp,Rake_Spec3,-1,-1;Rake_Spec4 "Rake_Spec4" true true false 60 Text 0 0 ,First,#,X:\delta_sav\vector\field_data\2022\data1\TA08192022_VC_WC\SAV.shp,Rake_Spec4,-1,-1,X:\delta_sav\vector\field_data\2022\data1\SA07222022_WS\SAV.shp,Rake_Spec4,-1,-1;Rake_Spec5 "Rake_Spec5" true true false 60 Text 0 0 ,First,#,X:\delta_sav\vector\field_data\2022\data1\TA08192022_VC_WC\SAV.shp,Rake_Spec5,-1,-1,X:\delta_sav\vector\field_data\2022\data1\SA07222022_WS\SAV.shp,Rake_Spec5,-1,-1;Rake_Spec6 "Rake_Spec6" true true false 60 Text 0 0 ,First,#,X:\delta_sav\vector\field_data\2022\data1\TA08192022_VC_WC\SAV.shp,Rake_Spec6,-1,-1,X:\delta_sav\vector\field_data\2022\data1\SA07222022_WS\SAV.shp,Rake_Spec6,-1,-1;Rake_Spec7 "Rake_Spec7" true true false 60 Text 0 0 ,First,#,X:\delta_sav\vector\field_data\2022\data1\TA08192022_VC_WC\SAV.shp,Rake_Spec7,-1,-1,X:\delta_sav\vector\field_data\2022\data1\SA07222022_WS\SAV.shp,Rake_Spec7,-1,-1;Rake_Spec8 "Rake_Spec8" true true false 60 Text 0 0 ,First,#,X:\delta_sav\vector\field_data\2022\data1\TA08192022_VC_WC\SAV.shp,Rake_Spec8,-1,-1,X:\delta_sav\vector\field_data\2022\data1\SA07222022_WS\SAV.shp,Rake_Spec8,-1,-1;Rake_Spec9 "Rake_Spec9" true true false 60 Text 0 0 ,First,#,X:\delta_sav\vector\field_data\2022\data1\TA08192022_VC_WC\SAV.shp,Rake_Spec9,-1,-1,X:\delta_sav\vector\field_data\2022\data1\SA07222022_WS\SAV.shp,Rake_Spec9,-1,-1;Rake_Spe10 "Rake_Spe10" true true false 60 Text 0 0 ,First,#,X:\delta_sav\vector\field_data\2022\data1\TA08192022_VC_WC\SAV.shp,Rake_Spe10,-1,-1,X:\delta_sav\vector\field_data\2022\data1\SA07222022_WS\SAV.shp,Rake_Spe10,-1,-1;Comments "Comments" true true false 60 Text 0 0 ,First,#,X:\delta_sav\vector\field_data\2022\data1\TA08192022_VC_WC\SAV.shp,Comments,-1,-1,X:\delta_sav\vector\field_data\2022\data1\TA08192022_VC_WC\Float.shp,Comments,-1,-1,X:\delta_sav\vector\field_data\2022\data1\SA07222022_WS\SAV.shp,Comments,-1,-1,X:\delta_sav\vector\field_data\2022\data1\SA07222022_WS\Float.shp,Comments,-1,-1;Max_PDOP "Max_PDOP" true true false 5 Float 1 4 ,First,#,X:\delta_sav\vector\field_data\2022\data1\TA08192022_VC_WC\SAV.shp,Max_PDOP,-1,-1,X:\delta_sav\vector\field_data\2022\data1\TA08192022_VC_WC\Float.shp,Max_PDOP,-1,-1,X:\delta_sav\vector\field_data\2022\data1\SA07222022_WS\SAV.shp,Max_PDOP,-1,-1,X:\delta_sav\vector\field_data\2022\data1\SA07222022_WS\Float.shp,Max_PDOP,-1,-1;Corr_Type "Corr_Type" true true false 36 Text 0 0 ,First,#,X:\delta_sav\vector\field_data\2022\data1\TA08192022_VC_WC\SAV.shp,Corr_Type,-1,-1,X:\delta_sav\vector\field_data\2022\data1\TA08192022_VC_WC\Float.shp,Corr_Type,-1,-1,X:\delta_sav\vector\field_data\2022\data1\SA07222022_WS\SAV.shp,Corr_Type,-1,-1,X:\delta_sav\vector\field_data\2022\data1\SA07222022_WS\Float.shp,Corr_Type,-1,-1;GPS_Date "GPS_Date" true true false 8 Date 0 0 ,First,#,X:\delta_sav\vector\field_data\2022\data1\TA08192022_VC_WC\SAV.shp,GPS_Date,-1,-1,X:\delta_sav\vector\field_data\2022\data1\TA08192022_VC_WC\Float.shp,GPS_Date,-1,-1,X:\delta_sav\vector\field_data\2022\data1\SA07222022_WS\SAV.shp,GPS_Date,-1,-1,X:\delta_sav\vector\field_data\2022\data1\SA07222022_WS\Float.shp,GPS_Date,-1,-1;GPS_Time "GPS_Time" true true false 10 Text 0 0 ,First,#,X:\delta_sav\vector\field_data\2022\data1\TA08192022_VC_WC\SAV.shp,GPS_Time,-1,-1,X:\delta_sav\vector\field_data\2022\data1\TA08192022_VC_WC\Float.shp,GPS_Time,-1,-1,X:\delta_sav\vector\field_data\2022\data1\SA07222022_WS\SAV.shp,GPS_Time,-1,-1,X:\delta_sav\vector\field_data\2022\data1\SA07222022_WS\Float.shp,GPS_Time,-1,-1;Feat_Name "Feat_Name" true true false 20 Text 0 0 ,First,#,X:\delta_sav\vector\field_data\2022\data1\TA08192022_VC_WC\SAV.shp,Feat_Name,-1,-1,X:\delta_sav\vector\field_data\2022\data1\TA08192022_VC_WC\Float.shp,Feat_Name,-1,-1,X:\delta_sav\vector\field_data\2022\data1\SA07222022_WS\SAV.shp,Feat_Name,-1,-1,X:\delta_sav\vector\field_data\2022\data1\SA07222022_WS\Float.shp,Feat_Name,-1,-1;Datafile "Datafile" true true false 20 Text 0 0 ,First,#,X:\delta_sav\vector\field_data\2022\data1\TA08192022_VC_WC\SAV.shp,Datafile,-1,-1,X:\delta_sav\vector\field_data\2022\data1\TA08192022_VC_WC\Float.shp,Datafile,-1,-1,X:\delta_sav\vector\field_data\2022\data1\SA07222022_WS\SAV.shp,Datafile,-1,-1,X:\delta_sav\vector\field_data\2022\data1\SA07222022_WS\Float.shp,Datafile,-1,-1;Unfilt_Pos "Unfilt_Pos" true true false 10 Long 0 10 ,First,#,X:\delta_sav\vector\field_data\2022\data1\TA08192022_VC_WC\SAV.shp,Unfilt_Pos,-1,-1,X:\delta_sav\vector\field_data\2022\data1\TA08192022_VC_WC\Float.shp,Unfilt_Pos,-1,-1,X:\delta_sav\vector\field_data\2022\data1\SA07222022_WS\SAV.shp,Unfilt_Pos,-1,-1,X:\delta_sav\vector\field_data\2022\data1\SA07222022_WS\Float.shp,Unfilt_Pos,-1,-1;Filt_Pos "Filt_Pos" true true false 10 Long 0 10 ,First,#,X:\delta_sav\vector\field_data\2022\data1\TA08192022_VC_WC\SAV.shp,Filt_Pos,-1,-1,X:\delta_sav\vector\field_data\2022\data1\TA08192022_VC_WC\Float.shp,Filt_Pos,-1,-1,X:\delta_sav\vector\field_data\2022\data1\SA07222022_WS\SAV.shp,Filt_Pos,-1,-1,X:\delta_sav\vector\field_data\2022\data1\SA07222022_WS\Float.shp,Filt_Pos,-1,-1;GPS_Week "GPS_Week" true true false 6 Long 0 6 ,First,#,X:\delta_sav\vector\field_data\2022\data1\TA08192022_VC_WC\SAV.shp,GPS_Week,-1,-1,X:\delta_sav\vector\field_data\2022\data1\TA08192022_VC_WC\Float.shp,GPS_Week,-1,-1,X:\delta_sav\vector\field_data\2022\data1\SA07222022_WS\SAV.shp,GPS_Week,-1,-1,X:\delta_sav\vector\field_data\2022\data1\SA07222022_WS\Float.shp,GPS_Week,-1,-1;GPS_Second "GPS_Second" true true false 12 Double 3 11 ,First,#,X:\delta_sav\vector\field_data\2022\data1\TA08192022_VC_WC\SAV.shp,GPS_Second,-1,-1,X:\delta_sav\vector\field_data\2022\data1\TA08192022_VC_WC\Float.shp,GPS_Second,-1,-1,X:\delta_sav\vector\field_data\2022\data1\SA07222022_WS\SAV.shp,GPS_Second,-1,-1,X:\delta_sav\vector\field_data\2022\data1\SA07222022_WS\Float.shp,GPS_Second,-1,-1;Horz_Prec "Horz_Prec" true true false 16 Double 3 15 ,First,#,X:\delta_sav\vector\field_data\2022\data1\TA08192022_VC_WC\SAV.shp,Horz_Prec,-1,-1,X:\delta_sav\vector\field_data\2022\data1\TA08192022_VC_WC\Float.shp,Horz_Prec,-1,-1,X:\delta_sav\vector\field_data\2022\data1\SA07222022_WS\SAV.shp,Horz_Prec,-1,-1,X:\delta_sav\vector\field_data\2022\data1\SA07222022_WS\Float.shp,Horz_Prec,-1,-1;Northing "Northing" true true false 16 Double 3 15 ,First,#,X:\delta_sav\vector\field_data\2022\data1\TA08192022_VC_WC\SAV.shp,Northing,-1,-1,X:\delta_sav\vector\field_data\2022\data1\TA08192022_VC_WC\Float.shp,Northing,-1,-1,X:\delta_sav\vector\field_data\2022\data1\SA07222022_WS\SAV.shp,Northing,-1,-1,X:\delta_sav\vector\field_data\2022\data1\SA07222022_WS\Float.shp,Northing,-1,-1;Easting "Easting" true true false 16 Double 3 15 ,First,#,X:\delta_sav\vector\field_data\2022\data1\TA08192022_VC_WC\SAV.shp,Easting,-1,-1,X:\delta_sav\vector\field_data\2022\data1\TA08192022_VC_WC\Float.shp,Easting,-1,-1,X:\delta_sav\vector\field_data\2022\data1\SA07222022_WS\SAV.shp,Easting,-1,-1,X:\delta_sav\vector\field_data\2022\data1\SA07222022_WS\Float.shp,Easting,-1,-1;Point_ID "Point_ID" true true false 9 Long 0 9 ,First,#,X:\delta_sav\vector\field_data\2022\data1\TA08192022_VC_WC\SAV.shp,Point_ID,-1,-1,X:\delta_sav\vector\field_data\2022\data1\TA08192022_VC_WC\Float.shp,Point_ID,-1,-1,X:\delta_sav\vector\field_data\2022\data1\SA07222022_WS\SAV.shp,Point_ID,-1,-1,X:\delta_sav\vector\field_data\2022\data1\SA07222022_WS\Float.shp,Point_ID,-1,-1"</Process></lineage></DataProperties><SyncDate>20221005</SyncDate><SyncTime>19422100</SyncTime><ModDate>20221005</ModDate><ModTime>19422100</ModTime></Esri><dataIdInfo><envirDesc Sync="TRUE"> Version 6.2 (Build 9200) ; Esri ArcGIS 10.6.0.8321</envirDesc><dataLang><languageCode value="eng" Sync="TRUE"></languageCode><countryCode value="USA" Sync="TRUE"></countryCode></dataLang><idCitation><resTitle Sync="TRUE">SAVFLOAT</resTitle><presForm><PresFormCd value="005" Sync="TRUE"></PresFormCd></presForm></idCitation><spatRpType><SpatRepTypCd value="001" Sync="TRUE"></SpatRepTypCd></spatRpType></dataIdInfo><mdLang><languageCode value="eng" Sync="TRUE"></languageCode><countryCode value="USA" Sync="TRUE"></countryCode></mdLang><mdChar><CharSetCd value="004" Sync="TRUE"></CharSetCd></mdChar><distInfo><distFormat><formatName Sync="TRUE">Shapefile</formatName></distFormat><distTranOps><transSize Sync="TRUE">0.000</transSize></distTranOps></distInfo><mdHrLv><ScopeCd value="005" Sync="TRUE"></ScopeCd></mdHrLv><mdHrLvName Sync="TRUE">dataset</mdHrLvName><spatRepInfo><VectSpatRep><geometObjs Name="SAVFLOAT"><geoObjTyp><GeoObjTypCd value="004" Sync="TRUE"></GeoObjTypCd></geoObjTyp><geoObjCnt Sync="TRUE">0</geoObjCnt></geometObjs><topLvl><TopoLevCd value="001" Sync="TRUE"></TopoLevCd></topLvl></VectSpatRep></spatRepInfo><spdoinfo><ptvctinf><esriterm Name="SAVFLOAT"><efeatyp Sync="TRUE">Simple</efeatyp><efeageom code="1" Sync="TRUE"></efeageom><esritopo Sync="TRUE">FALSE</esritopo><efeacnt Sync="TRUE">0</efeacnt><spindex Sync="TRUE">FALSE</spindex><linrefer Sync="TRUE">FALSE</linrefer></esriterm></ptvctinf></spdoinfo><eainfo><detailed Name="SAVFLOAT"><enttyp><enttypl Sync="TRUE">SAVFLOAT</enttypl><enttypt Sync="TRUE">Feature Class</enttypt><enttypc Sync="TRUE">0</enttypc></enttyp><attr><attrlabl Sync="TRUE">FID</attrlabl><attalias Sync="TRUE">FID</attalias><attrtype Sync="TRUE">OID</attrtype><attwidth Sync="TRUE">4</attwidth><atprecis Sync="TRUE">0</atprecis><attscale Sync="TRUE">0</attscale><attrdef Sync="TRUE">Internal feature number.</attrdef><attrdefs Sync="TRUE">Esri</attrdefs><attrdomv><udom Sync="TRUE">Sequential unique whole numbers that are automatically generated.</udom></attrdomv></attr><attr><attrlabl Sync="TRUE">Shape</attrlabl><attalias Sync="TRUE">Shape</attalias><attrtype Sync="TRUE">Geometry</attrtype><attwidth Sync="TRUE">0</attwidth><atprecis Sync="TRUE">0</atprecis><attscale Sync="TRUE">0</attscale><attrdef Sync="TRUE">Feature geometry.</attrdef><attrdefs Sync="TRUE">Esri</attrdefs><attrdomv><udom Sync="TRUE">Coordinates defining the features.</udom></attrdomv></attr><attr><attrlabl Sync="TRUE">Species_1</attrlabl><attalias Sync="TRUE">Species_1</attalias><attrtype Sync="TRUE">String</attrtype><attwidth Sync="TRUE">60</attwidth><atprecis Sync="TRUE">0</atprecis><attscale Sync="TRUE">0</attscale></attr><attr><attrlabl Sync="TRUE">Cover_1</attrlabl><attalias Sync="TRUE">Cover_1</attalias><attrtype Sync="TRUE">String</attrtype><attwidth Sync="TRUE">60</attwidth><atprecis Sync="TRUE">0</atprecis><attscale Sync="TRUE">0</attscale></attr><attr><attrlabl Sync="TRUE">Species_2</attrlabl><attalias Sync="TRUE">Species_2</attalias><attrtype Sync="TRUE">String</attrtype><attwidth Sync="TRUE">60</attwidth><atprecis Sync="TRUE">0</atprecis><attscale Sync="TRUE">0</attscale></attr><attr><attrlabl Sync="TRUE">Cover_2</attrlabl><attalias Sync="TRUE">Cover_2</attalias><attrtype Sync="TRUE">String</attrtype><attwidth Sync="TRUE">60</attwidth><atprecis Sync="TRUE">0</atprecis><attscale Sync="TRUE">0</attscale></attr><attr><attrlabl Sync="TRUE">Species_3</attrlabl><attalias Sync="TRUE">Species_3</attalias><attrtype Sync="TRUE">String</attrtype><attwidth Sync="TRUE">60</attwidth><atprecis Sync="TRUE">0</atprecis><attscale Sync="TRUE">0</attscale></attr><attr><attrlabl Sync="TRUE">Cover_3</attrlabl><attalias Sync="TRUE">Cover_3</attalias><attrtype Sync="TRUE">String</attrtype><attwidth Sync="TRUE">60</attwidth><atprecis Sync="TRUE">0</atprecis><attscale Sync="TRUE">0</attscale></attr><attr><attrlabl Sync="TRUE">Species_4</attrlabl><attalias Sync="TRUE">Species_4</attalias><attrtype Sync="TRUE">String</attrtype><attwidth Sync="TRUE">60</attwidth><atprecis Sync="TRUE">0</atprecis><attscale Sync="TRUE">0</attscale></attr><attr><attrlabl Sync="TRUE">Cover_4</attrlabl><attalias Sync="TRUE">Cover_4</attalias><attrtype Sync="TRUE">String</attrtype><attwidth Sync="TRUE">60</attwidth><atprecis Sync="TRUE">0</atprecis><attscale Sync="TRUE">0</attscale></attr><attr><attrlabl Sync="TRUE">Species_5</attrlabl><attalias Sync="TRUE">Species_5</attalias><attrtype Sync="TRUE">String</attrtype><attwidth Sync="TRUE">60</attwidth><atprecis Sync="TRUE">0</atprecis><attscale Sync="TRUE">0</attscale></attr><attr><attrlabl Sync="TRUE">Cover_5</attrlabl><attalias Sync="TRUE">Cover_5</attalias><attrtype Sync="TRUE">String</attrtype><attwidth Sync="TRUE">60</attwidth><atprecis Sync="TRUE">0</atprecis><attscale Sync="TRUE">0</attscale></attr><attr><attrlabl Sync="TRUE">Cover_dry</attrlabl><attalias Sync="TRUE">Cover_dry</attalias><attrtype Sync="TRUE">String</attrtype><attwidth Sync="TRUE">60</attwidth><atprecis Sync="TRUE">0</atprecis><attscale Sync="TRUE">0</attscale></attr><attr><attrlabl Sync="TRUE">Cover_wate</attrlabl><attalias Sync="TRUE">Cover_wate</attalias><attrtype Sync="TRUE">String</attrtype><attwidth Sync="TRUE">60</attwidth><atprecis Sync="TRUE">0</atprecis><attscale Sync="TRUE">0</attscale></attr><attr><attrlabl Sync="TRUE">Cover_epi_</attrlabl><attalias Sync="TRUE">Cover_epi_</attalias><attrtype Sync="TRUE">String</attrtype><attwidth Sync="TRUE">60</attwidth><atprecis Sync="TRUE">0</atprecis><attscale Sync="TRUE">0</attscale></attr><attr><attrlabl Sync="TRUE">Patch_Leng</attrlabl><attalias Sync="TRUE">Patch_Leng</attalias><attrtype Sync="TRUE">String</attrtype><attwidth Sync="TRUE">60</attwidth><atprecis Sync="TRUE">0</atprecis><attscale Sync="TRUE">0</attscale></attr><attr><attrlabl Sync="TRUE">Patch_Widt</attrlabl><attalias Sync="TRUE">Patch_Widt</attalias><attrtype Sync="TRUE">String</attrtype><attwidth Sync="TRUE">60</attwidth><atprecis Sync="TRUE">0</atprecis><attscale Sync="TRUE">0</attscale></attr><attr><attrlabl Sync="TRUE">Patch_Orie</attrlabl><attalias Sync="TRUE">Patch_Orie</attalias><attrtype Sync="TRUE">String</attrtype><attwidth Sync="TRUE">60</attwidth><atprecis Sync="TRUE">0</atprecis><attscale Sync="TRUE">0</attscale></attr><attr><attrlabl Sync="TRUE">Location</attrlabl><attalias Sync="TRUE">Location</attalias><attrtype Sync="TRUE">String</attrtype><attwidth Sync="TRUE">60</attwidth><atprecis Sync="TRUE">0</atprecis><attscale Sync="TRUE">0</attscale></attr><attr><attrlabl Sync="TRUE">PositionIn</attrlabl><attalias Sync="TRUE">PositionIn</attalias><attrtype Sync="TRUE">String</attrtype><attwidth Sync="TRUE">60</attwidth><atprecis Sync="TRUE">0</atprecis><attscale Sync="TRUE">0</attscale></attr><attr><attrlabl Sync="TRUE">Preassigne</attrlabl><attalias Sync="TRUE">Preassigne</attalias><attrtype Sync="TRUE">String</attrtype><attwidth Sync="TRUE">60</attwidth><atprecis Sync="TRUE">0</atprecis><attscale Sync="TRUE">0</attscale></attr><attr><attrlabl Sync="TRUE">Spp1_Flowe</attrlabl><attalias Sync="TRUE">Spp1_Flowe</attalias><attrtype Sync="TRUE">String</attrtype><attwidth Sync="TRUE">60</attwidth><atprecis Sync="TRUE">0</atprecis><attscale Sync="TRUE">0</attscale></attr><attr><attrlabl Sync="TRUE">MatDensity</attrlabl><attalias Sync="TRUE">MatDensity</attalias><attrtype Sync="TRUE">String</attrtype><attwidth Sync="TRUE">60</attwidth><atprecis Sync="TRUE">0</atprecis><attscale Sync="TRUE">0</attscale></attr><attr><attrlabl Sync="TRUE">WH_Weevil_</attrlabl><attalias Sync="TRUE">WH_Weevil_</attalias><attrtype Sync="TRUE">String</attrtype><attwidth Sync="TRUE">60</attwidth><atprecis Sync="TRUE">0</atprecis><attscale Sync="TRUE">0</attscale></attr><attr><attrlabl Sync="TRUE">Treated</attrlabl><attalias Sync="TRUE">Treated</attalias><attrtype Sync="TRUE">String</attrtype><attwidth Sync="TRUE">60</attwidth><atprecis Sync="TRUE">0</atprecis><attscale Sync="TRUE">0</attscale></attr><attr><attrlabl Sync="TRUE">Depth_to_S</attrlabl><attalias Sync="TRUE">Depth_to_S</attalias><attrtype Sync="TRUE">Single</attrtype><attwidth Sync="TRUE">13</attwidth><atprecis Sync="TRUE">0</atprecis><attscale Sync="TRUE">0</attscale></attr><attr><attrlabl Sync="TRUE">SAV_adj_wa</attrlabl><attalias Sync="TRUE">SAV_adj_wa</attalias><attrtype Sync="TRUE">String</attrtype><attwidth Sync="TRUE">60</attwidth><atprecis Sync="TRUE">0</atprecis><attscale Sync="TRUE">0</attscale></attr><attr><attrlabl Sync="TRUE">Secchi_Dep</attrlabl><attalias Sync="TRUE">Secchi_Dep</attalias><attrtype Sync="TRUE">Single</attrtype><attwidth Sync="TRUE">13</attwidth><atprecis Sync="TRUE">0</atprecis><attscale Sync="TRUE">0</attscale></attr><attr><attrlabl Sync="TRUE">Secchi___B</attrlabl><attalias Sync="TRUE">Secchi___B</attalias><attrtype Sync="TRUE">String</attrtype><attwidth Sync="TRUE">60</attwidth><atprecis Sync="TRUE">0</atprecis><attscale Sync="TRUE">0</attscale></attr><attr><attrlabl Sync="TRUE">Microsysti</attrlabl><attalias Sync="TRUE">Microsysti</attalias><attrtype Sync="TRUE">String</attrtype><attwidth Sync="TRUE">60</attwidth><atprecis Sync="TRUE">0</atprecis><attscale Sync="TRUE">0</attscale></attr><attr><attrlabl Sync="TRUE">Rake_Teeth</attrlabl><attalias Sync="TRUE">Rake_Teeth</attalias><attrtype Sync="TRUE">String</attrtype><attwidth Sync="TRUE">60</attwidth><atprecis Sync="TRUE">0</atprecis><attscale Sync="TRUE">0</attscale></attr><attr><attrlabl Sync="TRUE">Rake_Speci</attrlabl><attalias Sync="TRUE">Rake_Speci</attalias><attrtype Sync="TRUE">String</attrtype><attwidth Sync="TRUE">60</attwidth><atprecis Sync="TRUE">0</atprecis><attscale Sync="TRUE">0</attscale></attr><attr><attrlabl Sync="TRUE">Rake_Spec2</attrlabl><attalias Sync="TRUE">Rake_Spec2</attalias><attrtype Sync="TRUE">String</attrtype><attwidth Sync="TRUE">60</attwidth><atprecis Sync="TRUE">0</atprecis><attscale Sync="TRUE">0</attscale></attr><attr><attrlabl Sync="TRUE">Rake_Spec3</attrlabl><attalias Sync="TRUE">Rake_Spec3</attalias><attrtype Sync="TRUE">String</attrtype><attwidth Sync="TRUE">60</attwidth><atprecis Sync="TRUE">0</atprecis><attscale Sync="TRUE">0</attscale></attr><attr><attrlabl Sync="TRUE">Rake_Spec4</attrlabl><attalias Sync="TRUE">Rake_Spec4</attalias><attrtype Sync="TRUE">String</attrtype><attwidth Sync="TRUE">60</attwidth><atprecis Sync="TRUE">0</atprecis><attscale Sync="TRUE">0</attscale></attr><attr><attrlabl Sync="TRUE">Rake_Spec5</attrlabl><attalias Sync="TRUE">Rake_Spec5</attalias><attrtype Sync="TRUE">String</attrtype><attwidth Sync="TRUE">60</attwidth><atprecis Sync="TRUE">0</atprecis><attscale Sync="TRUE">0</attscale></attr><attr><attrlabl Sync="TRUE">Rake_Spec6</attrlabl><attalias Sync="TRUE">Rake_Spec6</attalias><attrtype Sync="TRUE">String</attrtype><attwidth Sync="TRUE">60</attwidth><atprecis Sync="TRUE">0</atprecis><attscale Sync="TRUE">0</attscale></attr><attr><attrlabl Sync="TRUE">Rake_Spec7</attrlabl><attalias Sync="TRUE">Rake_Spec7</attalias><attrtype Sync="TRUE">String</attrtype><attwidth Sync="TRUE">60</attwidth><atprecis Sync="TRUE">0</atprecis><attscale Sync="TRUE">0</attscale></attr><attr><attrlabl Sync="TRUE">Rake_Spec8</attrlabl><attalias Sync="TRUE">Rake_Spec8</attalias><attrtype Sync="TRUE">String</attrtype><attwidth Sync="TRUE">60</attwidth><atprecis Sync="TRUE">0</atprecis><attscale Sync="TRUE">0</attscale></attr><attr><attrlabl Sync="TRUE">Rake_Spec9</attrlabl><attalias Sync="TRUE">Rake_Spec9</attalias><attrtype Sync="TRUE">String</attrtype><attwidth Sync="TRUE">60</attwidth><atprecis Sync="TRUE">0</atprecis><attscale Sync="TRUE">0</attscale></attr><attr><attrlabl Sync="TRUE">Rake_Spe10</attrlabl><attalias Sync="TRUE">Rake_Spe10</attalias><attrtype Sync="TRUE">String</attrtype><attwidth Sync="TRUE">60</attwidth><atprecis Sync="TRUE">0</atprecis><attscale Sync="TRUE">0</attscale></attr><attr><attrlabl Sync="TRUE">Comments</attrlabl><attalias Sync="TRUE">Comments</attalias><attrtype Sync="TRUE">String</attrtype><attwidth Sync="TRUE">60</attwidth><atprecis Sync="TRUE">0</atprecis><attscale Sync="TRUE">0</attscale></attr><attr><attrlabl Sync="TRUE">Max_PDOP</attrlabl><attalias Sync="TRUE">Max_PDOP</attalias><attrtype Sync="TRUE">Single</attrtype><attwidth Sync="TRUE">13</attwidth><atprecis Sync="TRUE">0</atprecis><attscale Sync="TRUE">0</attscale></attr><attr><attrlabl Sync="TRUE">Corr_Type</attrlabl><attalias Sync="TRUE">Corr_Type</attalias><attrtype Sync="TRUE">String</attrtype><attwidth Sync="TRUE">36</attwidth><atprecis Sync="TRUE">0</atprecis><attscale Sync="TRUE">0</attscale></attr><attr><attrlabl Sync="TRUE">GPS_Date</attrlabl><attalias Sync="TRUE">GPS_Date</attalias><attrtype Sync="TRUE">Date</attrtype><attwidth Sync="TRUE">8</attwidth><atprecis Sync="TRUE">0</atprecis><attscale Sync="TRUE">0</attscale></attr><attr><attrlabl Sync="TRUE">GPS_Time</attrlabl><attalias Sync="TRUE">GPS_Time</attalias><attrtype Sync="TRUE">String</attrtype><attwidth Sync="TRUE">10</attwidth><atprecis Sync="TRUE">0</atprecis><attscale Sync="TRUE">0</attscale></attr><attr><attrlabl Sync="TRUE">Feat_Name</attrlabl><attalias Sync="TRUE">Feat_Name</attalias><attrtype Sync="TRUE">String</attrtype><attwidth Sync="TRUE">20</attwidth><atprecis Sync="TRUE">0</atprecis><attscale Sync="TRUE">0</attscale></attr><attr><attrlabl Sync="TRUE">Datafile</attrlabl><attalias Sync="TRUE">Datafile</attalias><attrtype Sync="TRUE">String</attrtype><attwidth Sync="TRUE">20</attwidth><atprecis Sync="TRUE">0</atprecis><attscale Sync="TRUE">0</attscale></attr><attr><attrlabl Sync="TRUE">Unfilt_Pos</attrlabl><attalias Sync="TRUE">Unfilt_Pos</attalias><attrtype Sync="TRUE">Integer</attrtype><attwidth Sync="TRUE">10</attwidth><atprecis Sync="TRUE">10</atprecis><attscale Sync="TRUE">0</attscale></attr><attr><attrlabl Sync="TRUE">Filt_Pos</attrlabl><attalias Sync="TRUE">Filt_Pos</attalias><attrtype Sync="TRUE">Integer</attrtype><attwidth Sync="TRUE">10</attwidth><atprecis Sync="TRUE">10</atprecis><attscale Sync="TRUE">0</attscale></attr><attr><attrlabl Sync="TRUE">GPS_Week</attrlabl><attalias Sync="TRUE">GPS_Week</attalias><attrtype Sync="TRUE">Integer</attrtype><attwidth Sync="TRUE">10</attwidth><atprecis Sync="TRUE">10</atprecis><attscale Sync="TRUE">0</attscale></attr><attr><attrlabl Sync="TRUE">GPS_Second</attrlabl><attalias Sync="TRUE">GPS_Second</attalias><attrtype Sync="TRUE">Double</attrtype><attwidth Sync="TRUE">19</attwidth><atprecis Sync="TRUE">0</atprecis><attscale Sync="TRUE">0</attscale></attr><attr><attrlabl Sync="TRUE">Horz_Prec</attrlabl><attalias Sync="TRUE">Horz_Prec</attalias><attrtype Sync="TRUE">Double</attrtype><attwidth Sync="TRUE">19</attwidth><atprecis Sync="TRUE">0</atprecis><attscale Sync="TRUE">0</attscale></attr><attr><attrlabl Sync="TRUE">Northing</attrlabl><attalias Sync="TRUE">Northing</attalias><attrtype Sync="TRUE">Double</attrtype><attwidth Sync="TRUE">19</attwidth><atprecis Sync="TRUE">0</atprecis><attscale Sync="TRUE">0</attscale></attr><attr><attrlabl Sync="TRUE">Easting</attrlabl><attalias Sync="TRUE">Easting</attalias><attrtype Sync="TRUE">Double</attrtype><attwidth Sync="TRUE">19</attwidth><atprecis Sync="TRUE">0</atprecis><attscale Sync="TRUE">0</attscale></attr><attr><attrlabl Sync="TRUE">Point_ID</attrlabl><attalias Sync="TRUE">Point_ID</attalias><attrtype Sync="TRUE">Integer</attrtype><attwidth Sync="TRUE">10</attwidth><atprecis Sync="TRUE">10</atprecis><attscale Sync="TRUE">0</attscale></attr></detailed></eainfo><mdDateSt Sync="TRUE">20221005</mdDateSt></metadata>
