BGC_ID,Field ID,NWIS site number,lattitude (decimal degrees),longitude (decimal degrees),Sample start date,Sample start time (PST),field MC rating
BGC006170,JPT,11337190,38.0521424,-121.6888428,3/3/2022,15:45,1
BGC006171,CFL,11455508,38.04953056,-121.88755,3/3/2022,13:31,1
BGC006172,CFL,11455508,38.04953056,-121.88755,3/3/2022,13:30,1
BGC006173,TOL,11455485,38.0778083,-121.767286,3/3/2022,10:46,1
BGC006174,TOL,11455485,38.0778083,-121.767286,3/3/2022,10:45,1
BGC006175,TOL,11455485,38.0778083,-121.767286,2/16/2022,9:00,1
BGC006176,JPT,11337190,38.0521424,-121.6888428,2/16/2022,14:50,1
BGC006177,CFL,11455508,38.04953056,-121.88755,3/8/2022,11:00,1
BGC006178,DWS72,11455095,38.47686944,-121.5836417,3/8/2022,9:30,1
BGC006179,DWS62,11455142,38.34166667,-121.6438889,3/8/2022,11:30,1
BGC006180,FPT,11447650,38.45601954,-121.5013437,3/10/2022,9:45,1
BGC006181,WGA,11447890,38.25769218,-121.5182865,3/10/2022,11:45,1
BGC006182,WGA,11447890,38.25769218,-121.5182865,3/10/2022,11:46,1
BGC006183,HAY,3.73642E+14,37.61173889,-122.2012,3/16/2022,9:15,1
BGC006184,HAY,3.73642E+14,37.61173889,-122.2012,3/16/2022,9:16,1
BGC006185,SHL,3.73751E+14,37.63078889,-122.2432,3/16/2022,12:00,1
BGC006186,SHL,3.73751E+14,37.63078889,-122.2432,3/16/2022,12:01,1
BGC006187,SM,11162765,37.58437876,-122.2508005,3/16/2022,13:15,1
BGC006188,SIE,3.80924E+14,38.15665,-121.5051889,3/16/2022,13:15,1
BGC006189,SM,11162765,37.58437876,-122.2508005,3/16/2022,13:16,1
BGC006190,SLM,3.74027E+14,37.6742,-122.2178,3/16/2022,14:30,1
BGC006191,SLM,3.74027E+14,37.6742,-122.2178,3/16/2022,14:31,1
BGC006192,RL EAST BOTTOM,3.74953E+14,37.83126667,-122.5279333,1/13/2022,11:39,1
BGC006193,RL WEIR,3.74955E+14,37.83200556,-122.5259389,3/17/2022,7:45,1
BGC006194,RL WEST BOTTOM,3.74949E+14,37.8303,-122.53355,3/17/2022,10:15,1
BGC006195,RL EAST BOTTOM,3.74953E+14,37.83126667,-122.5279333,3/17/2022,11:15,1
BGC006196,SIE,3.80924E+14,38.15665,-121.5051889,3/22/2022,11:00,1
BGC006197,CCH41,11455385,38.19395556,-121.6580028,3/22/2022,11:15,1
BGC006198,TOE,11455140,38.34916667,-121.6447222,3/22/2022,10:30,1
BGC006199,LIB,11455315,38.2430111,-121.684286,3/22/2022,9:00,1
BGC006203,MDM,11312676,37.9427017,-121.5341175,3/24/2022,12:00,1
BGC006204,MDM,11312676,37.9427017,-121.5341175,2/24/2022,10:11,1
BGC006205,MDM,11312676,37.9427017,-121.5341175,2/24/2022,10:10,1
BGC006206,LPS,11336790,38.09638889,-121.496111,3/24/2022,10:00,1
BGC006222,GRC,3.73158E+14,37.53271389,-122.1742306,3/25/2022,10:32,1
BGC006224,SB6,3.73015E+14,37.5041043,-122.1205192,3/25/2022,11:00,1
BGC006262,GRC,3.73158E+14,37.53271389,-122.1742306,3/25/2022,10:33,1
BGC006264,SB6,3.73015E+14,37.5041043,-122.1205192,3/25/2022,11:01,1
BGC006265,SB6,3.73015E+14,37.5041043,-122.1205192,3/25/2022,11:05,1
BGC006266,SB6,3.73015E+14,37.5041043,-122.1205192,3/25/2022,11:06,1
BGC006267,SB6,3.73015E+14,37.5041043,-122.1205192,3/25/2022,11:07,1
BGC006268,SB6,3.73015E+14,37.5041043,-122.1205192,3/25/2022,11:10,1
BGC006269,SB6,3.73015E+14,37.5041043,-122.1205192,3/25/2022,11:11,1
BGC006270,SB6,3.73015E+14,37.5041043,-122.1205192,3/25/2022,11:12,1
BGC006297,GRZ,3.80631E+14,38.10853056,-122.0559806,3/29/2022,9:45,1
BGC006299,WGA,11447890,38.25769218,-121.5182865,3/29/2022,10:00,1
BGC006300,FPT,11447650,38.45601954,-121.5013437,3/29/2022,12:45,1
BGC006302,MAL,3.81142E+14,38.19489444,-122.0328139,3/29/2022,13:45,1
BGC006303,MAL,3.81142E+14,38.19489444,-122.0328139,3/29/2022,13:46,1
BGC006307,TOL,11455485,38.0778083,-121.767286,3/3/2022,10:20,1
BGC006308,TOL,11455485,38.0778083,-121.767286,4/4/2022,11:15,1
BGC006309,JPT,11337190,38.0521424,-121.6888428,3/3/2022,13:26,1
BGC006310,JPT,11337190,38.0521424,-121.6888428,4/4/2022,13:45,1
BGC006311,CFL,11455508,38.04953056,-121.88755,4/5/2022,11:30,1
BGC006312,CFL,11455508,38.04953056,-121.88755,4/5/2022,11:45,1
BGC006328,CCH41,11455385,38.19395556,-121.6580028,4/14/2022,11:45,1
BGC006355,SUI,3.80424E+14,38.07336667,-121.9325,4/18/2022,11:10,1
BGC006356,MGI,3.80337E+14,38.06037778,-122.0007056,4/18/2022,11:26,1
BGC006357,UGZ,3.80756E+14,38.13223889,-122.0116806,4/18/2022,11:47,1
BGC006358,BEN,3.80318E+14,38.0548972,-122.1072722,4/18/2022,12:11,1
BGC006359,SPB5,3.80454E+14,38.08174444,-122.3071222,4/18/2022,13:00,1
BGC006360,SPB4,3.80655E+14,38.11516667,-122.3842389,4/18/2022,13:41,1
BGC006361,SPB3,3.80239E+14,38.0440972,-122.3549417,4/18/2022,14:00,1
BGC006362,SPB2,3.80411E+14,38.0696611,-122.4644389,4/18/2022,14:28,1
BGC006391,MGI,3.80337E+14,38.06037778,-122.0007056,4/18/2022,11:27,1
BGC006392,SPB4,3.80655E+14,38.11516667,-122.3842389,4/18/2022,13:42,1
BGC006395,SAUS,3.74945E+14,37.82929167,-122.4391389,4/19/2022,9:10,1
BGC006399,SB7,3.73847E+14,37.6463,-122.1639,4/19/2022,11:15,1
BGC006400,SHL,3.73751E+14,37.63078889,-122.2432,4/19/2022,11:26,1
BGC006401,SB1,3.7364E+14,37.61111944,-122.2838,4/19/2022,11:44,1
BGC006402,HRS,3.73739E+14,37.627625,-122.1585639,4/19/2022,12:01,1
BGC006404,HAY,3.73642E+14,37.61173889,-122.2012,4/19/2022,12:16,1
BGC006405,SM,11162765,37.58437876,-122.2508005,4/19/2022,12:26,1
BGC006406,ELS,3.7354E+14,37.59437867,-122.1630206,4/19/2022,12:40,1
BGC006407,BIS,3.73336E+14,37.55988889,-122.2069056,4/19/2022,12:51,1
BGC006408,SB10,3.73401E+14,37.56696944,-122.156,4/19/2022,13:05,1
BGC006409,SB10,3.73401E+14,37.56696944,-122.156,4/19/2022,13:06,1
BGC006410,GRC,3.73158E+14,37.53271389,-122.1742306,4/19/2022,13:24,1
BGC006411,SB8,3.73203E+14,37.5343,-122.1359,4/19/2022,13:34,1
BGC006412,SB6,3.73015E+14,37.5041043,-122.1205192,4/19/2022,13:43,1
BGC006415,SIE,3.80924E+14,38.15665,-121.5051889,4/20/2022,9:15,1
BGC006416,SIE,3.80924E+14,38.15665,-121.5051889,4/20/2022,9:16,1
BGC006417,MGI,3.80337E+14,38.06037778,-122.0007056,4/18/2022,11:28,1
BGC006418,SPB4,3.80655E+14,38.11516667,-122.3842389,4/18/2022,13:43,1
BGC006423,SHL,3.73751E+14,37.63078889,-122.2432,4/19/2022,11:28,1
BGC006424,SHL,3.73751E+14,37.63078889,-122.2432,4/19/2022,11:27,1
BGC006428,SB8,3.73203E+14,37.5343,-122.1359,4/19/2022,13:36,1
BGC006429,SB8,3.73203E+14,37.5343,-122.1359,4/19/2022,13:35,1
BGC006439,HAY,3.73642E+14,37.61173889,-122.2012,4/19/2022,12:18,1
BGC006440,HAY,3.73642E+14,37.61173889,-122.2012,4/19/2022,12:17,1
BGC006472,TOL,11455485,38.0778083,-121.767286,4/4/2022,8:50,1
BGC006473,JPT,11337190,38.0521424,-121.6888428,4/4/2022,12:20,1
BGC006474,TOL,11455485,38.0778083,-121.767286,4/21/2022,8:15,1
BGC006475,JPT,11337190,38.0521424,-121.6888428,4/21/2022,9:30,1
BGC006483,SB1,3.7364E+14,37.61111944,-122.2838,4/19/2022,11:45,1
BGC006484,HRS,3.73739E+14,37.627625,-122.1585639,4/19/2022,12:02,1
BGC006485,ELS,3.7354E+14,37.59437867,-122.1630206,4/19/2022,12:41,1
BGC006486,BIS,3.73336E+14,37.55988889,-122.2069056,4/19/2022,12:52,1
BGC006512,MDM,11312676,37.9427017,-121.5341175,4/22/2022,10:30,1
BGC006513,MDM,11312676,37.9427017,-121.5341175,3/24/2022,11:28,1
BGC006516,LIB,11455315,38.2430111,-121.684286,4/25/2022,10:00,1
BGC006517,TOE,11455140,38.34916667,-121.6447222,4/25/2022,12:30,1
BGC006518,LIB,11455315,38.2430111,-121.684286,3/22/2022,8:05,1
BGC006519,DWS62,11455142,38.34166667,-121.6438889,4/26/2022,10:00,1
BGC006520,DWS72,11455095,38.47686944,-121.5836417,4/26/2022,11:45,1
BGC006529,MDM,11312676,37.9427017,-121.5341175,5/4/2022,9:45,1
BGC006531,LIB,11455315,38.2430111,-121.684286,4/25/2022,9:15,1
BGC006532,LIB,11455315,38.2430111,-121.684286,5/10/2022,7:30,1
BGC006539,TOL,11455485,38.0778083,-121.767286,4/21/2022,7:55,1
BGC006540,TOL,11455485,38.0778083,-121.767286,5/11/2022,9:45,1
BGC006542,HAY,3.73642E+14,37.61173889,-122.2012,5/11/2022,7:16,1
BGC006544,SHL,3.73751E+14,37.63078889,-122.2432,5/11/2022,8:31,1
BGC006545,SM,11162765,37.58437876,-122.2508005,5/11/2022,9:30,1
BGC006546,SM,11162765,37.58437876,-122.2508005,5/11/2022,9:31,1
BGC006547,SLM,3.74027E+14,37.6742,-122.2178,5/11/2022,10:30,1
BGC006548,SLM,3.74027E+14,37.6742,-122.2178,5/11/2022,10:32,1
BGC006549,SLM,3.74027E+14,37.6742,-122.2178,5/11/2022,10:31,1
BGC006551,RL EAST BOTTOM,3.74953E+14,37.83126667,-122.5279333,5/12/2022,10:15,1
BGC006553,RL WEIR,3.74955E+14,37.83200556,-122.5259389,5/12/2022,6:30,1
BGC006555,FPT,11447650,38.45601954,-121.5013437,5/13/2022,8:15,1
BGC006556,FPT,11447650,38.45601954,-121.5013437,5/13/2022,8:16,1
BGC006557,WGA,11447890,38.25769218,-121.5182865,5/13/2022,9:45,1
BGC006558,WGA,11447890,38.25769218,-121.5182865,5/13/2022,9:46,1
BGC006559,CCH41,11455385,38.19395556,-121.6580028,5/16/2022,7:40,1
BGC006560,LIB,11455315,38.2430111,-121.684286,5/16/2022,8:05,1
BGC006561,LS1,3.8154E+14,38.26105,-121.748,5/16/2022,8:36,1
BGC006562,SSB,11455276,38.3078583,-121.6924278,5/16/2022,9:14,1
BGC006563,SS,3.8201E+14,38.33616667,-121.672925,5/16/2022,9:45,1
BGC006564,MS2,3.81552E+14,38.26436667,-121.645675,5/16/2022,10:24,1
BGC006565,MS1,3.81721E+14,38.28918889,-121.6148,5/16/2022,10:42,1
BGC006566,MS1,3.81721E+14,38.28918889,-121.6148,5/16/2022,10:43,1
BGC006568,SSS,11447850,38.2847222,-121.5866667,5/16/2022,11:33,1
BGC006569,SXS,3.81129E+14,38.19153889,-121.63905,5/16/2022,12:28,1
BGC006570,SOI,3.81031E+14,38.1754222,-121.6564333,5/16/2022,12:48,1
BGC006572,GAM,3.80749E+14,38.13028056,-121.5797,5/16/2022,14:52,1
BGC006573,CFL,11455508,38.04953056,-121.88755,5/17/2022,15:13,1
BGC006574,TOL,11455485,38.0778083,-121.767286,5/17/2022,15:40,1
BGC006575,GRZ,3.80631E+14,38.10853056,-122.0559806,5/17/2022,14:09,1
BGC006576,14MILE,3.80232E+14,38.04221944,-121.405,5/17/2022,11:12,1
BGC006577,JPT,11337190,38.0521424,-121.6888428,5/17/2022,12:38,1
BGC006578,14MILE,3.80232E+14,38.04221944,-121.405,5/17/2022,11:11,1
BGC006579,SJRST,3.75649E+14,37.94686848,-121.3402249,5/17/2022,10:27,1
BGC006582,SJW,3.80131E+14,38.03908889,-121.4927778,5/17/2022,9:02,1
BGC006583,PPT,11313460,38.05944444,-121.5572222,5/17/2022,8:35,1
BGC006587,CFL,11455508,38.04953056,-121.88755,5/17/2022,15:14,1
BGC006588,GRZ,3.80631E+14,38.10853056,-122.0559806,5/17/2022,14:10,1
BGC006589,TOL,11455485,38.0778083,-121.767286,5/17/2022,15:41,1
BGC006655,NMR,3.80837E+14,38.14366944,-121.5595389,5/18/2022,8:21,1
BGC006656,NFM,11336685,38.2233333,-121.5072222,5/18/2022,8:57,1
BGC006657,SMS,3.80831E+14,38.1419611,-121.5036889,5/18/2022,10:00,1
BGC006658,SYC,3.80831E+14,38.142,-121.47,5/18/2022,10:17,1
BGC006659,LPS,11336790,38.09638889,-121.496111,5/18/2022,11:11,1
BGC006660,LPS,11336790,38.09638889,-121.496111,5/18/2022,11:12,1
BGC006661,MRH,11312685,38.00305556,-121.5108333,5/18/2022,11:55,1
BGC006662,MDM,11312676,37.9427017,-121.5341175,5/18/2022,12:22,1
BGC006663,MRB,11312674,37.89159208,-121.4899492,5/18/2022,13:15,1
BGC006664,ORCC,11313250,37.82437145,-121.5524492,5/18/2022,13:39,1
BGC006665,ORI,11313325,37.914369,-121.5655064,5/18/2022,14:07,1
BGC006666,OLD,11313405,37.96992306,-121.572174,5/18/2022,14:30,1
BGC006667,ORF,3.803E+14,38.05,-121.58,5/18/2022,15:00,1
BGC006669,WGC,3.8133E+14,38.22488056,-121.556725,5/19/2022,8:32,1
BGC006670,WGC,3.8133E+14,38.22488056,-121.556725,5/19/2022,8:33,1
BGC006671,JPT,11337190,38.0521424,-121.6888428,4/21/2022,9:18,1
BGC006672,WGA,11447890,38.25769218,-121.5182865,5/19/2022,9:23,1
BGC006673,HOOD,3.82205E+14,38.3679666,-121.5213432,5/19/2022,9:57,1
BGC006674,JPT,11337190,38.0521424,-121.6888428,5/19/2022,10:15,1
BGC006675,FPT,11447650,38.45601954,-121.5013437,5/19/2022,10:34,1
BGC006676,TOL,11455485,38.0778083,-121.767286,5/11/2022,8:20,1
BGC006677,TOL,11455485,38.0778083,-121.767286,5/19/2022,12:45,1
BGC006743,ISLETON BRIDGE,3.81038E+14,38.17715,-121.5902306,5/19/2022,8:13,1
BGC006744,MILLER PARK,3.8334E+14,38.5610611,-121.518461,5/19/2022,11:21,1
BGC006748,MAL,3.81142E+14,38.19489444,-122.0328139,5/23/2022,13:30,1
BGC006750,MDM,11312676,37.9427017,-121.5341175,5/24/2022,8:45,1
BGC006751,MDM,11312676,37.9427017,-121.5341175,5/4/2022,9:25,1
BGC006752,MDM,11312676,37.9427017,-121.5341175,5/4/2022,9:26,1
BGC006753,LPS,11336790,38.09638889,-121.496111,5/24/2022,11:15,1
BGC006754,SIE,3.80924E+14,38.15665,-121.5051889,5/24/2022,10:30,1
BGC006755,SIE,3.80924E+14,38.15665,-121.5051889,5/24/2022,10:31,1
BGC006756,SLM,3.74027E+14,37.6742,-122.2178,5/25/2022,7:05,1
BGC006757,SFAIR,3.73924E+14,37.65663889,-122.3163,5/25/2022,7:23,1
BGC006758,SB9,3.7392E+14,37.6556,-122.2645,5/25/2022,7:34,1
BGC006759,SB7,3.73847E+14,37.6463,-122.1639,5/25/2022,7:49,1
BGC006760,SHL,3.73751E+14,37.63078889,-122.2432,5/25/2022,8:02,1
BGC006761,SHL,3.73751E+14,37.63078889,-122.2432,5/25/2022,8:03,1
BGC006762,SB1,3.7364E+14,37.61111944,-122.2838,5/25/2022,8:16,1
BGC006763,HRS,3.73739E+14,37.627625,-122.1585639,5/25/2022,8:37,1
BGC006764,HAY,3.73642E+14,37.61173889,-122.2012,5/25/2022,8:49,1
BGC006765,SM,11162765,37.58437876,-122.2508005,5/25/2022,9:03,1
BGC006766,ELS,3.7354E+14,37.59437867,-122.1630206,5/25/2022,9:17,1
BGC006767,BIS,3.73336E+14,37.55988889,-122.2069056,5/25/2022,9:29,1
BGC006768,SB10,3.73401E+14,37.56696944,-122.156,5/25/2022,9:41,1
BGC006769,GRC,3.73158E+14,37.53271389,-122.1742306,5/25/2022,9:56,1
BGC006770,SB8,3.73203E+14,37.5343,-122.1359,5/25/2022,10:06,1
BGC006771,SB6,3.73015E+14,37.5041043,-122.1205192,5/25/2022,10:16,1
BGC006775,SLM,3.74027E+14,37.6742,-122.2178,5/25/2022,7:06,1
BGC006776,SB7,3.73847E+14,37.6463,-122.1639,5/25/2022,7:50,1
BGC006777,SHL,3.73751E+14,37.63078889,-122.2432,5/25/2022,8:04,1
BGC006778,HAY,3.73642E+14,37.61173889,-122.2012,5/25/2022,8:50,1
BGC006779,SM,11162765,37.58437876,-122.2508005,5/25/2022,9:04,1
BGC006780,ELS,3.7354E+14,37.59437867,-122.1630206,5/25/2022,9:18,1
BGC006781,SB6,3.73015E+14,37.5041043,-122.1205192,5/25/2022,10:17,1
BGC006850,LIB,11455315,38.2430111,-121.684286,5/31/2022,10:30,1
BGC006851,TOE,11455140,38.34916667,-121.6447222,5/31/2022,12:30,1
BGC006853,TOL,11455485,38.0778083,-121.767286,5/19/2022,12:35,1
BGC006854,FPT,11447650,38.45601954,-121.5013437,6/1/2022,9:15,1
BGC006855,TOL,11455485,38.0778083,-121.767286,6/1/2022,9:30,1
BGC006856,JPT,11337190,38.0521424,-121.6888428,5/19/2022,8:55,1
BGC006857,JPT,11337190,38.0521424,-121.6888428,6/1/2022,11:45,1
BGC006858,WGA,11447890,38.25769218,-121.5182865,6/1/2022,13:15,1
BGC006888,DWS62,11455142,38.34166667,-121.6438889,6/7/2022,10:00,1
BGC006889,DWS62,11455142,38.34166667,-121.6438889,6/7/2022,10:01,1
BGC006890,DWS72,11455095,38.47686944,-121.5836417,6/7/2022,11:45,1
BGC006891,CCH41,11455385,38.19395556,-121.6580028,6/7/2022,13:15,1
BGC006899,FT15,3.80216E+14,38.03777778,-121.6175,6/7/2022,10:36,1
BGC006900,FT14,3.80227E+14,38.0408333,-121.6119444,6/7/2022,10:46,1
BGC006905,FT23,3.80159E+14,38.03305556,-121.6008333,6/7/2022,11:27,1
BGC006916,TRN,11311300,37.9925,-121.4538889,6/7/2022,13:50,1
BGC006917,NMR,3.80837E+14,38.14366944,-121.5595389,6/7/2022,14:33,1
BGC006918,GOX,3.80904E+14,38.1511111,-121.5933333,6/7/2022,15:02,1
BGC006919,RL WEIR,3.74955E+14,37.83200556,-122.5259389,6/14/2022,7:30,1
BGC006920,TOL,11455485,38.0778083,-121.767286,6/14/2022,8:15,1
BGC006921,RL WEST BOTTOM,3.74949E+14,37.8303,-122.53355,6/14/2022,9:30,1
BGC006922,RL EAST BOTTOM,3.74953E+14,37.83126667,-122.5279333,6/14/2022,10:30,1
BGC006923,JPT,11337190,38.0521424,-121.6888428,6/14/2022,10:45,1
BGC006924,JPT,11337190,38.0521424,-121.6888428,6/14/2022,10:46,1
BGC006926,TOL,11455485,38.0778083,-121.767286,6/1/2022,8:24,1
BGC006927,JPT,11337190,38.0521424,-121.6888428,6/1/2022,11:15,1
BGC006928,LIB,11455315,38.2430111,-121.684286,6/15/2022,9:30,1
BGC006929,LIB,11455315,38.2430111,-121.684286,6/15/2022,9:31,1
BGC006931,CCH41,11455385,38.19395556,-121.6580028,6/15/2022,12:30,1
BGC006932,CCH41,11455385,38.19395556,-121.6580028,6/15/2022,12:31,1
BGC006941,SHL,3.73751E+14,37.63078889,-122.2432,6/15/2022,9:45,1
BGC006943,HAY,3.73642E+14,37.61173889,-122.2012,6/15/2022,12:15,1
BGC006945,SM,11162765,37.58437876,-122.2508005,6/15/2022,14:30,1
BGC006947,SLM,3.74027E+14,37.6742,-122.2178,6/15/2022,15:45,1
BGC006959,TOL,11455485,38.0778083,-121.767286,6/21/2022,10:45,1
BGC006962,FT02,3.80315E+14,38.05416667,-121.5980556,6/21/2022,11:40,1
BGC006964,NMR,3.80837E+14,38.14366944,-121.5595389,6/21/2022,12:00,1
BGC006968,FT14,3.80227E+14,38.0408333,-121.6119444,6/21/2022,12:22,1
BGC006970,GOX,3.80904E+14,38.1511111,-121.5933333,6/21/2022,12:40,1
BGC006978,SIE,3.80924E+14,38.15665,-121.5051889,6/22/2022,9:15,1
BGC006979,CFL,11455508,38.04953056,-121.88755,6/22/2022,12:15,1
BGC006980,GRZ,3.80631E+14,38.10853056,-122.0559806,6/23/2022,10:30,1
BGC006981,MAL,3.81142E+14,38.19489444,-122.0328139,6/23/2022,12:30,1
BGC006983,LIB,11455315,38.2430111,-121.684286,6/28/2022,9:15,1
BGC006984,TOE,11455140,38.34916667,-121.6447222,6/28/2022,11:45,1
BGC006987,JPT,11337190,38.0521424,-121.6888428,6/29/2022,8:45,1
BGC006988,TOL,11455485,38.0778083,-121.767286,6/29/2022,7:45,1
BGC006991,JPT,11337190,38.0521424,-121.6888428,6/14/2022,9:38,1
BGC006992,TOL,11455485,38.0778083,-121.767286,6/14/2022,7:53,1
BGC007000,DWS62,11455142,38.34166667,-121.6438889,7/6/2022,10:15,1
BGC007001,DWS72,11455095,38.47686944,-121.5836417,7/6/2022,12:00,1
BGC007002,SLM,3.74027E+14,37.6742,-122.2178,7/7/2022,7:46,1
BGC007003,SLM,3.74027E+14,37.6742,-122.2178,7/7/2022,7:47,1
BGC007004,SLM,3.74027E+14,37.6742,-122.2178,7/7/2022,7:48,1
BGC007006,SB9,3.7392E+14,37.6556,-122.2645,7/7/2022,8:30,1
BGC007007,SB7,3.73847E+14,37.6463,-122.1639,7/7/2022,8:54,1
BGC007008,SB7,3.73847E+14,37.6463,-122.1639,7/7/2022,8:55,1
BGC007009,SB7,3.73847E+14,37.6463,-122.1639,7/7/2022,8:56,1
BGC007010,SHL,3.73751E+14,37.63078889,-122.2432,7/7/2022,9:20,1
BGC007011,SB1,3.7364E+14,37.61111944,-122.2838,7/7/2022,9:43,1
BGC007012,SB1,3.7364E+14,37.61111944,-122.2838,7/7/2022,9:44,1
BGC007013,HRS,3.73739E+14,37.627625,-122.1585639,7/7/2022,10:02,1
BGC007014,HAY,3.73642E+14,37.61173889,-122.2012,7/7/2022,10:13,1
BGC007015,SM,11162765,37.58437876,-122.2508005,7/7/2022,10:27,1
BGC007016,ELS,3.7354E+14,37.59437867,-122.1630206,7/7/2022,10:49,1
BGC007017,BIS,3.73336E+14,37.55988889,-122.2069056,7/7/2022,11:25,1
BGC007018,SB10,3.73401E+14,37.56696944,-122.156,7/7/2022,11:40,1
BGC007019,SB10,3.73401E+14,37.56696944,-122.156,7/7/2022,11:41,1
BGC007020,SB10,3.73401E+14,37.56696944,-122.156,7/7/2022,11:42,1
BGC007021,GRC,3.73158E+14,37.53271389,-122.1742306,7/7/2022,12:08,1
BGC007022,SB8,3.73203E+14,37.5343,-122.1359,7/7/2022,12:17,1
BGC007023,SB6,3.73015E+14,37.5041043,-122.1205192,7/7/2022,12:36,1
BGC007024,BAY,3.74856E+14,37.81548345,-122.3519149,7/7/2022,15:25,1
BGC007083,EMY,3.75015E+14,37.836316,-122.3155255,7/8/2022,8:52,1
BGC007173,RL WEST BOTTOM,3.74949E+14,37.8303,-122.53355,7/12/2022,10:45,1
BGC007174,RL EAST BOTTOM,3.74953E+14,37.83126667,-122.5279333,7/12/2022,11:00,1
BGC007175,TOL,11455485,38.0778083,-121.767286,7/12/2022,14:15,1
BGC007182,TOL,11455485,38.0778083,-121.767286,6/29/2022,7:35,1
BGC007183,HAY,3.73642E+14,37.61173889,-122.2012,7/13/2022,9:15,1
BGC007184,SHL,3.73751E+14,37.63078889,-122.2432,7/13/2022,12:00,1
BGC007185,SIE,3.80924E+14,38.15665,-121.5051889,7/13/2022,13:00,1
BGC007186,SM,11162765,37.58437876,-122.2508005,7/13/2022,14:00,1
BGC007187,SLM,3.74027E+14,37.6742,-122.2178,7/13/2022,15:00,1
BGC007188,HAY,3.73642E+14,37.61173889,-122.2012,7/13/2022,9:16,1
BGC007189,SHL,3.73751E+14,37.63078889,-122.2432,7/13/2022,12:01,1
BGC007190,SM,11162765,37.58437876,-122.2508005,7/13/2022,14:01,1
BGC007191,SLM,3.74027E+14,37.6742,-122.2178,7/13/2022,15:01,1
BGC007213,TWI,3.80548E+14,38.09661389,-121.6512444,7/14/2022,12:45,1
BGC007217,LS1,3.8154E+14,38.26105,-121.748,7/18/2022,9:02,1
BGC007218,SSB,11455276,38.3078583,-121.6924278,7/18/2022,9:41,1
BGC007219,SIS,3.80711E+14,38.1198,-121.5428972,7/18/2022,9:45,1
BGC007220,SS,3.8201E+14,38.33616667,-121.672925,7/18/2022,10:03,1
BGC007221,MS2,3.81552E+14,38.26436667,-121.645675,7/18/2022,10:56,1
BGC007222,MS1,3.81721E+14,38.28918889,-121.6148,7/18/2022,11:15,1
BGC007223,SIE,3.80924E+14,38.15665,-121.5051889,7/18/2022,11:30,1
BGC007224,SSS,11447850,38.2847222,-121.5866667,7/18/2022,11:38,1
BGC007225,SS1,3.81956E+14,38.33215556,-121.5829306,7/18/2022,12:10,1
BGC007226,SXS,3.81129E+14,38.19153889,-121.63905,7/18/2022,12:52,1
BGC007227,SXS,3.81129E+14,38.19153889,-121.63905,7/18/2022,12:53,1
BGC007228,SOI,3.81031E+14,38.1754222,-121.6564333,7/18/2022,13:11,1
BGC007229,TWI,3.80548E+14,38.09661389,-121.6512444,7/18/2022,13:30,1
BGC007231,GAM,3.80749E+14,38.13028056,-121.5797,7/18/2022,15:04,1
BGC007232,NMR,3.80837E+14,38.14366944,-121.5595389,7/19/2022,8:37,1
BGC007233,NFM,11336685,38.2233333,-121.5072222,7/19/2022,9:05,1
BGC007236,LPS,11336790,38.09638889,-121.496111,7/19/2022,11:47,1
BGC007237,LPS,11336790,38.09638889,-121.496111,7/19/2022,11:48,1
BGC007259,SFEI27,3.73706E+14,37.6182671,-122.2927466,7/20/2022,8:40,1
BGC007260,SFEI27,3.73706E+14,37.6182671,-122.2927466,7/20/2022,8:41,1
BGC007265,FPT,11447650,38.45601954,-121.5013437,7/21/2022,10:37,1
BGC007266,HOOD,3.82205E+14,38.3679666,-121.5213432,7/21/2022,10:05,1
BGC007267,WGA,11447890,38.25769218,-121.5182865,7/21/2022,9:18,1
BGC007268,WGA,11447890,38.25769218,-121.5182865,7/21/2022,9:17,1
BGC007269,WGC,3.8133E+14,38.22488056,-121.556725,7/21/2022,8:42,1
BGC007438,MAL,3.81142E+14,38.19489444,-122.0328139,7/26/2022,12:15,1
BGC007439,MAL,3.81142E+14,38.19489444,-122.0328139,7/26/2022,12:16,1
BGC007465,GOX,3.80904E+14,38.1511111,-121.5933333,7/27/2022,9:10,1
BGC007468,NMR,3.80837E+14,38.14366944,-121.5595389,7/27/2022,9:40,1
BGC007488,TOE,11455140,38.34916667,-121.6447222,7/28/2022,12:45,1
BGC007489,LIB,11455315,38.2430111,-121.684286,7/28/2022,10:00,1
BGC007490,LIB,11455315,38.2430111,-121.684286,6/28/2022,8:15,1
BGC007491,DWS62,11455142,38.34166667,-121.6438889,8/2/2022,9:45,1
BGC007492,DWS72,11455095,38.47686944,-121.5836417,8/2/2022,12:15,1
BGC007494,FPT,11447650,38.45601954,-121.5013437,8/3/2022,9:15,1
BGC007495,FPT,11447650,38.45601954,-121.5013437,8/3/2022,9:16,1
BGC007496,WGA,11447890,38.25769218,-121.5182865,8/3/2022,12:00,1
BGC007498,RL WEST TOP,3.74949E+14,37.8303,-122.53355,8/3/2022,9:55,1
BGC007499,RL WEST BOTTOM,3.74949E+14,37.8303,-122.53355,8/3/2022,10:10,1
BGC007500,RL EAST TOP,3.74953E+14,37.83126667,-122.5279333,8/3/2022,11:00,1
BGC007501,RL EAST BOTTOM,3.74953E+14,37.83126667,-122.5279333,8/3/2022,11:15,1
BGC007502,P3S1,3.8014E+14,38.0278,-121.6042889,8/3/2022,9:50,1
BGC007503,P3S2,3.80142E+14,38.02828056,-121.6063889,8/3/2022,10:30,1
BGC007509,SIS,3.80711E+14,38.1198,-121.5428972,8/4/2022,8:45,1
BGC007510,RL WEST TOP,3.74949E+14,37.8303,-122.53355,8/3/2022,9:56,1
BGC007511,RL WEST BOTTOM,3.74949E+14,37.8303,-122.53355,8/3/2022,10:11,1
BGC007512,RL EAST TOP,3.74953E+14,37.83126667,-122.5279333,8/3/2022,11:01,1
BGC007513,RL EAST BOTTOM,3.74953E+14,37.83126667,-122.5279333,8/3/2022,11:16,1
BGC007520,GOX,3.80904E+14,38.1511111,-121.5933333,8/9/2022,9:45,1
BGC007524,NMR,3.80837E+14,38.14366944,-121.5595389,8/9/2022,10:15,1
BGC007529,FT24,3.80152E+14,38.0311111,-121.6052778,8/9/2022,11:55,1
BGC007544,LIB,11455315,38.2430111,-121.684286,7/28/2022,8:05,1
BGC007545,LIB,11455315,38.2430111,-121.684286,8/9/2022,9:30,1
BGC007546,CCH41,11455385,38.19395556,-121.6580028,8/9/2022,11:45,1
BGC007556,SFEI27,3.73706E+14,37.6182671,-122.2927466,8/10/2022,7:30,1
BGC007557,SFEI27,3.73706E+14,37.6182671,-122.2927466,8/10/2022,7:31,1
BGC007559,SFEI18,3.80148E+14,38.0299211,-122.1527439,8/10/2022,9:27,1
BGC007561,SFEI06,3.80354E+14,38.06491948,-122.0360745,8/10/2022,12:17,1
BGC007564,SHL,3.73751E+14,37.63078889,-122.2432,8/10/2022,10:45,1
BGC007566,SM,11162765,37.58437876,-122.2508005,8/10/2022,12:15,1
BGC007567,RL EAST BOTTOM,3.74953E+14,37.83126667,-122.5279333,8/11/2022,10:00,1
BGC007568,RL WEST BOTTOM,3.74949E+14,37.8303,-122.53355,8/11/2022,10:40,1
BGC007574,TOL,11455485,38.0778083,-121.767286,7/27/2022,13:20,1
BGC007577,JPT,11337190,38.0521424,-121.6888428,7/27/2022,11:50,1
BGC007583,RL EAST BOTTOM,3.74953E+14,37.83126667,-122.5279333,8/11/2022,10:01,1
BGC007584,RL WEST BOTTOM,3.74949E+14,37.8303,-122.53355,8/11/2022,10:41,1
BGC007775,LIB,11455315,38.2430111,-121.684286,8/9/2022,9:20,1
BGC007777,TWI,3.80548E+14,38.09661389,-121.6512444,8/23/2022,9:45,1
BGC007778,LIB,11455315,38.2430111,-121.684286,8/23/2022,11:00,1
BGC007779,SIE,3.80924E+14,38.15665,-121.5051889,8/23/2022,12:45,1
BGC007780,SIS,3.80711E+14,38.1198,-121.5428972,8/23/2022,14:15,1
BGC007789,GRZ,3.80631E+14,38.10853056,-122.0559806,8/25/2022,8:30,1
BGC007790,GRZ,3.80631E+14,38.10853056,-122.0559806,8/25/2022,8:31,1
BGC007797,MAL,3.81142E+14,38.19489444,-122.0328139,8/25/2022,11:00,1
BGC007798,MAL,3.81142E+14,38.19489444,-122.0328139,8/25/2022,11:01,1
BGC007853,SB6,3.73015E+14,37.5041043,-122.1205192,8/25/2022,7:29,1
BGC007854,HRS,3.73739E+14,37.627625,-122.1585639,8/25/2022,10:36,1
BGC007970,MDM,11312676,37.9427017,-121.5341175,8/23/2022,8:35,1
BGC007971,MDM,11312676,37.9427017,-121.5341175,8/23/2022,8:36,1
BGC007999,HAY,3.73642E+14,37.61173889,-122.2012,9/7/2022,8:30,1
BGC008001,SHL,3.73751E+14,37.63078889,-122.2432,9/7/2022,10:30,1
BGC008003,SM,11162765,37.58437876,-122.2508005,9/7/2022,11:30,1
BGC008005,SLM,3.74027E+14,37.6742,-122.2178,9/7/2022,13:30,1
BGC008006,SLM,3.74027E+14,37.6742,-122.2178,9/7/2022,13:31,1
BGC008007,RL WEIR,3.74955E+14,37.83200556,-122.5259389,9/8/2022,6:45,1
BGC008010,RL WEST BOTTOM,3.74949E+14,37.8303,-122.53355,9/8/2022,10:05,1
BGC008072,LIB,11455315,38.2430111,-121.684286,8/23/2022,9:35,1
BGC008073,LIB,11455315,38.2430111,-121.684286,9/9/2022,7:30,1
BGC008088,FPT,11447650,38.45601954,-121.5013437,9/13/2022,9:15,1
BGC008109,DWS62,11455142,38.34166667,-121.6438889,9/15/2022,9:15,1
BGC008110,DWS72,11455095,38.47686944,-121.5836417,9/15/2022,11:00,1
BGC008111,DWS72,11455095,38.47686944,-121.5836417,9/15/2022,11:01,1
BGC008159,SIS,3.80711E+14,38.1198,-121.5428972,9/19/2022,9:45,1
BGC008160,SIS,3.80711E+14,38.1198,-121.5428972,9/19/2022,9:46,1
BGC008161,SIE,3.80924E+14,38.15665,-121.5051889,9/19/2022,13:00,1
BGC008162,SIE,3.80924E+14,38.15665,-121.5051889,9/19/2022,13:01,1
BGC008164,TWI,3.80548E+14,38.09661389,-121.6512444,9/20/2022,8:30,1
BGC008165,TWI,3.80548E+14,38.09661389,-121.6512444,9/20/2022,8:31,1
BGC008166,LIB,11455315,38.2430111,-121.684286,9/20/2022,8:45,1
BGC008167,TOE,11455140,38.34916667,-121.6447222,9/20/2022,10:30,1
BGC008168,TOE,11455140,38.34916667,-121.6447222,9/20/2022,10:31,1
BGC006581,TRN,11311300,37.9925,-121.4538889,5/17/2022,9:46,1.5
BGC006894,FT01,3.80333E+14,38.05916667,-121.5869444,6/7/2022,9:40,1.5
BGC006895,FT02,3.80315E+14,38.05416667,-121.5980556,6/7/2022,9:55,1.5
BGC006896,FT03,3.80305E+14,38.05138889,-121.6077778,6/7/2022,10:05,1.5
BGC006897,FT04,3.8025E+14,38.0472222,-121.6172222,6/7/2022,10:12,1.5
BGC006898,FT05,3.80239E+14,38.04416667,-121.6288889,6/7/2022,10:22,1.5
BGC006901,FT13,3.80238E+14,38.04388889,-121.6016667,6/7/2022,10:54,1.5
BGC006902,FT12,3.80247E+14,38.04638889,-121.5930556,6/7/2022,11:05,1.5
BGC006903,FT11,3.8025E+14,38.0472222,-121.5869444,6/7/2022,11:12,1.5
BGC006904,FT21,3.80215E+14,38.0375,-121.5891667,6/7/2022,11:19,1.5
BGC006906,FT25,3.80144E+14,38.02888889,-121.6102778,6/7/2022,11:34,1.5
BGC006907,FTMI11,3.75944E+14,37.99555556,-121.5177778,6/7/2022,12:23,1.5
BGC006912,FTMI23,3.75858E+14,37.98277778,-121.5258333,6/7/2022,13:04,1.5
BGC006913,FTMI23,3.75858E+14,37.98277778,-121.5258333,6/7/2022,13:05,1.5
BGC006914,FTMI22,3.75924E+14,37.99,-121.5238889,6/7/2022,13:14,1.5
BGC006915,FTMI21,3.7595E+14,37.9972222,-121.5213889,6/7/2022,13:23,1.5
BGC006952,LPS,11336790,38.09638889,-121.496111,6/16/2022,11:45,1.5
BGC006960,FT05,3.80239E+14,38.04416667,-121.6288889,6/21/2022,11:20,1.5
BGC006961,FT04,3.8025E+14,38.0472222,-121.6172222,6/21/2022,11:30,1.5
BGC006969,FT15,3.80216E+14,38.03777778,-121.6175,6/21/2022,12:30,1.5
BGC006971,FT25,3.80144E+14,38.02888889,-121.6102778,6/21/2022,12:38,1.5
BGC006972,FT24,3.80152E+14,38.0311111,-121.6052778,6/21/2022,12:46,1.5
BGC007234,SMS,3.80831E+14,38.1419611,-121.5036889,7/19/2022,10:15,1.5
BGC007454,TOL,11455485,38.0778083,-121.767286,7/27/2022,13:15,1.5
BGC007459,FTMI25,3.75916E+14,37.98777778,-121.5258333,7/27/2022,14:25,1.5
BGC007485,MIE,3.75817E+14,37.971450,-121.5128800,7/27/2022,14:49,1.5
BGC007504,P3S3,3.80136E+14,38.0267,-121.6055306,8/3/2022,11:22,1.5
BGC007506,P4S2,3.80322E+14,38.05623056,-121.589111,8/3/2022,13:16,1.5
BGC007507,P4S2,3.80322E+14,38.05623056,-121.589111,8/3/2022,13:17,1.5
BGC007508,P5S1,3.80317E+14,38.0548333,-121.5993833,8/3/2022,14:14,1.5
BGC007528,FT25,3.80144E+14,38.02888889,-121.6102778,8/9/2022,11:45,1.5
BGC007536,FT05,3.80239E+14,38.04416667,-121.6288889,8/9/2022,13:24,1.5
BGC007572,JPT,11337190,38.0521424,-121.6888428,8/11/2022,10:45,1.5
BGC007774,MDM,11312676,37.9427017,-121.5341175,8/8/2022,9:41,1.5
BGC007776,MDM,11312676,37.9427017,-121.5341175,8/23/2022,8:30,1.5
BGC007781,TOE,11455140,38.34916667,-121.6447222,8/23/2022,15:00,1.5
BGC007782,JPT,11337190,38.0521424,-121.6888428,8/11/2022,9:03,1.5
BGC007783,TOL,11455485,38.0778083,-121.767286,8/11/2022,13:50,1.5
BGC007784,JPT,11337190,38.0521424,-121.6888428,8/24/2022,9:00,1.5
BGC007785,TOL,11455485,38.0778083,-121.767286,8/24/2022,13:45,1.5
BGC008089,WGA,11447890,38.25769218,-121.5182865,9/13/2022,11:15,1.5
BGC008113,CCH41,11455385,38.19395556,-121.6580028,9/15/2022,16:45,1.5
BGC006580,SJRBC,3.75831E+14,37.97527778,-121.3769444,5/17/2022,10:07,2
BGC006859,MDM,11312676,37.9427017,-121.5341175,6/2/2022,9:30,2
BGC006860,MDM,11312676,37.9427017,-121.5341175,5/24/2022,8:10,2
BGC006861,MDM,11312676,37.9427017,-121.5341175,5/24/2022,8:11,2
BGC006908,FTMI12,3.75919E+14,37.9886111,-121.5191667,6/7/2022,12:31,2
BGC006909,FTMI13,3.75918E+14,37.9883333,-121.5191667,6/7/2022,12:40,2
BGC006910,FTMI14,3.75827E+14,37.97416667,-121.5205556,6/7/2022,12:47,2
BGC006911,FTMI24,3.75826E+14,37.97388889,-121.5283333,6/7/2022,12:55,2
BGC006949,MDM,11312676,37.9427017,-121.5341175,6/2/2022,9:25,2
BGC006950,MDM,11312676,37.9427017,-121.5341175,6/2/2022,9:26,2
BGC006951,MDM,11312676,37.9427017,-121.5341175,6/16/2022,9:30,2
BGC006963,FT01,3.80333E+14,38.05916667,-121.5869444,6/21/2022,11:50,2
BGC006965,FT11,3.8025E+14,38.0472222,-121.5869444,6/21/2022,12:02,2
BGC006966,FT11,3.8025E+14,38.0472222,-121.5869444,6/21/2022,12:03,2
BGC006967,FT12,3.80247E+14,38.04638889,-121.5930556,6/21/2022,12:11,2
BGC006973,FT22,3.80214E+14,38.0372222,-121.5941667,6/21/2022,12:56,2
BGC006974,FT21,3.80215E+14,38.0375,-121.5891667,6/21/2022,13:04,2
BGC006986,MDM,11312676,37.9427017,-121.5341175,6/29/2022,10:00,2
BGC006989,MDM,11312676,37.9427017,-121.5341175,6/16/2022,8:54,2
BGC006990,MDM,11312676,37.9427017,-121.5341175,6/16/2022,8:55,2
BGC007172,JPT,11337190,38.0521424,-121.6888428,7/12/2022,9:00,2
BGC007179,JPT,11337190,38.0521424,-121.6888428,6/29/2022,8:35,2
BGC007212,P2S2,3.80249E+14,38.04703056,-121.5992,7/14/2022,13:30,2
BGC007216,LIB,11455315,38.2430111,-121.684286,7/18/2022,8:38,2
BGC007235,SYC,3.80831E+14,38.142,-121.47,7/19/2022,10:37,2
BGC007244,ORF,3.803E+14,38.05,-121.58,7/19/2022,15:50,2
BGC007246,CFL,11455508,38.04953056,-121.88755,7/20/2022,7:48,2
BGC007251,TRN,11311300,37.9925,-121.4538889,7/20/2022,11:35,2
BGC007255,14MILE,3.80232E+14,38.04221944,-121.405,7/20/2022,14:10,2
BGC007440,MDM,11312676,37.9427017,-121.5341175,7/27/2022,10:30,2
BGC007456,FTMI15,3.7591E+14,37.9861111,-121.52,7/27/2022,14:00,2
BGC007457,FTMI14,3.75827E+14,37.97416667,-121.5205556,7/27/2022,14:08,2
BGC007458,FTMI24,3.75826E+14,37.97388889,-121.5283333,7/27/2022,14:16,2
BGC007486,TRN,11311300,37.9925,-121.4538889,7/27/2022,15:09,2
BGC007505,P4S1,3.80319E+14,38.05531944,-121.5894889,8/3/2022,12:22,2
BGC007514,MDM,11312676,37.9427017,-121.5341175,8/8/2022,11:15,2
BGC007515,LPS,11336790,38.09638889,-121.496111,8/8/2022,14:00,2
BGC007516,MDM,11312676,37.9427017,-121.5341175,7/27/2022,10:45,2
BGC007518,TRN,11311300,37.9925,-121.4538889,8/9/2022,8:52,2
BGC007519,FTMI24,3.75826E+14,37.97388889,-121.5283333,8/9/2022,9:40,2
BGC007521,FTMI25,3.75916E+14,37.98777778,-121.5258333,8/9/2022,9:50,2
BGC007522,FTMI21,3.7595E+14,37.9972222,-121.5213889,8/9/2022,10:00,2
BGC007525,FTMI15,3.7591E+14,37.9861111,-121.52,8/9/2022,10:20,2
BGC007530,FT22,3.80214E+14,38.0372222,-121.5941667,8/9/2022,12:05,2
BGC007531,FT21,3.80215E+14,38.0375,-121.5891667,8/9/2022,12:11,2
BGC007532,FT11,3.8025E+14,38.0472222,-121.5869444,8/9/2022,12:20,2
BGC007533,FT12,3.80247E+14,38.04638889,-121.5930556,8/9/2022,12:28,2
BGC007538,FT02,3.80315E+14,38.05416667,-121.5980556,8/9/2022,13:43,2
BGC007539,FT02,3.80315E+14,38.05416667,-121.5980556,8/9/2022,13:44,2
BGC007573,CFL,11455508,38.04953056,-121.88755,8/11/2022,13:15,2
BGC007575,TOL,11455485,38.0778083,-121.767286,8/11/2022,14:00,2
BGC007580,SJT,3.80433E+14,38.0757,-121.5708889,8/9/2022,14:07,2
BGC007581,FMC,3.80514E+14,38.087330,-121.6439700,8/9/2022,14:30,2
BGC007965,MDM,11312676,37.9427017,-121.5341175,9/6/2022,10:00,2
BGC007966,LPS,11336790,38.09638889,-121.496111,9/6/2022,11:45,2
BGC007967,LPS,11336790,38.09638889,-121.496111,9/6/2022,11:46,2
BGC007992,CFL,11455508,38.04953056,-121.88755,9/7/2022,9:45,2
BGC007993,JPT,11337190,38.0521424,-121.6888428,9/7/2022,13:30,2
BGC007994,TOL,11455485,38.0778083,-121.767286,9/7/2022,10:45,2
BGC008068,TOL,11455485,38.0778083,-121.767286,8/24/2022,12:25,2
BGC008112,MDM,11312676,37.9427017,-121.5341175,9/15/2022,13:45,2
BGC006956,FTMI11,3.75944E+14,37.99555556,-121.5177778,6/21/2022,10:05,2.5
BGC006976,FTMI25,3.75916E+14,37.98777778,-121.5258333,6/21/2022,9:50,2.5
BGC007215,CCH41,11455385,38.19395556,-121.6580028,7/18/2022,8:10,2.5
BGC007253,SJRST,3.75649E+14,37.94686848,-121.3402249,7/20/2022,12:50,2.5
BGC007254,SJRST,3.75649E+14,37.94686848,-121.3402249,7/20/2022,12:51,2.5
BGC007263,TOL,11455485,38.0778083,-121.767286,7/20/2022,7:25,2.5
BGC007446,JPT,11337190,38.0521424,-121.6888428,7/27/2022,11:45,2.5
BGC007455,FTMI11,3.75944E+14,37.99555556,-121.5177778,7/27/2022,13:50,2.5
BGC007481,SJANT,3.80124E+14,38.023230,-121.8192700,7/27/2022,12:30,2.5
BGC007526,FTMI14,3.75827E+14,37.97416667,-121.5205556,8/9/2022,10:30,2.5
BGC007537,FT04,3.8025E+14,38.0472222,-121.6172222,8/9/2022,13:34,2.5
BGC008069,JPT,11337190,38.0521424,-121.6888428,8/24/2022,8:25,2.5
BGC006955,FTMI24,3.75826E+14,37.97388889,-121.5283333,6/21/2022,9:41,3
BGC006957,FTMI15,3.7591E+14,37.9861111,-121.52,6/21/2022,10:14,3
BGC006958,FTMI14,3.75827E+14,37.97416667,-121.5205556,6/21/2022,10:22,3
BGC007211,P2S1,3.80247E+14,38.0463,-121.59815,7/14/2022,12:50,3
BGC007241,ORCC,11313250,37.82437145,-121.5524492,7/19/2022,14:00,3
BGC007242,ORI,11313325,37.914369,-121.5655064,7/19/2022,14:40,3
BGC007243,OLD,11313405,37.96992306,-121.572174,7/19/2022,15:25,3
BGC007248,JPT,11337190,38.0521424,-121.6888428,7/20/2022,10:03,3
BGC007252,SJRBC,3.75831E+14,37.97527778,-121.3769444,7/20/2022,11:50,3
BGC007421,SJRSDWS,3.75706E+14,37.95173889,-121.3361694,7/20/2022,12:38,3
BGC007441,FT01,3.80333E+14,38.05916667,-121.5869444,7/27/2022,10:35,3
BGC007442,FT02,3.80315E+14,38.05416667,-121.5980556,7/27/2022,10:48,3
BGC007444,FT05,3.80239E+14,38.04416667,-121.6288889,7/27/2022,11:07,3
BGC007447,FT14,3.80227E+14,38.0408333,-121.6119444,7/27/2022,11:47,3
BGC007523,FTMI11,3.75944E+14,37.99555556,-121.5177778,8/9/2022,10:10,3
BGC007534,FT14,3.80227E+14,38.0408333,-121.6119444,8/9/2022,12:44,3
BGC007579,SJRANT,3.80118E+14,38.0216111,-121.8063056,8/9/2022,11:30,3
BGC007208,P1S1,3.80159E+14,38.0331611,-121.601761,7/14/2022,9:50,3.5
BGC007209,P1S2,3.80202E+14,38.03385,-121.6021389,7/14/2022,10:50,3.5
BGC007238,MRH,11312685,38.00305556,-121.5108333,7/19/2022,12:25,3.5
BGC007239,MDM,11312676,37.9427017,-121.5341175,7/19/2022,12:50,3.5
BGC007240,MRB,11312674,37.89159208,-121.4899492,7/19/2022,13:30,3.5
BGC007249,PPT,11313460,38.05944444,-121.5572222,7/20/2022,10:41,3.5
BGC007250,SJW,3.80131E+14,38.03908889,-121.4927778,7/20/2022,11:15,3.5
BGC007443,FT04,3.8025E+14,38.0472222,-121.6172222,7/27/2022,11:00,3.5
BGC007448,FT12,3.80247E+14,38.04638889,-121.5930556,7/27/2022,12:14,3.5
BGC007449,FT21,3.80215E+14,38.0375,-121.5891667,7/27/2022,12:33,3.5
BGC007450,FT11,3.8025E+14,38.0472222,-121.5869444,7/27/2022,12:23,3.5
BGC007451,FT22,3.80214E+14,38.0372222,-121.5941667,7/27/2022,12:41,3.5
BGC007452,FT24,3.80152E+14,38.0311111,-121.6052778,7/27/2022,12:49,3.5
BGC007483,ORF,3.803E+14,38.05,-121.58,7/27/2022,13:21,3.5
BGC007210,P1S3,3.80157E+14,38.0324111,-121.60135,7/14/2022,11:40,4
BGC007419,SJMS,3.75711E+14,37.953180,-121.30553,7/20/2022,12:15,4
BGC007420,SJP2,3.75709E+14,37.9524,-121.3175,7/20/2022,12:28,4
BGC007445,FT15,3.80216E+14,38.03777778,-121.6175,7/27/2022,11:28,4
BGC007453,FT25,3.80144E+14,38.02888889,-121.6102778,7/27/2022,13:00,4
