"Year","Survey","StationCode","TowsCompleted","Index","VolumeOfAllTows","SampDate","TemperatureTop","TemperatureBottom","Secchi","ConductivityTop","ConductivityBottom","TideCode","DepthBottom","WindDirection","Microcystis","TurbidityTop","Weather","Waves","StartLatDegrees","StartLatMinutes","StartLatSeconds","StartLongDegrees","StartLongMinutes","StartLongSeconds","EndLatDegrees","EndLatMinutes","EndLatSeconds","EndLongDegrees","EndLongMinutes","EndLongSeconds","<>","Age-0 Striped Bass","American Shad","Bay Goby","Bay Pipefish","Black Crappie","Bluegill","Catfish (Unid)","Chameleon Goby","Cheekspot Goby","Crangon","Gobies (Unid)","Herring (Unid)","Hitch","Jacksmelt","Largemouth Bass","Longfin Smelt","Maeotias","Mississippi Silverside","Northern Anchovy","Pacific Herring","Pacific Lamprey","Palaemon","Plainfin Midshipman","Pleurobrachia jellyfish","Polyorchis penicillatus","Rainwater Killifish","Shimofuri Goby","Shokihaze Goby","Siberian prawn","Splittail","Starry Flounder","Threadfin Shad","Three Spine Stickleback","Topsmelt","Trid_SB0 (UNID)","Tridentiger spp","Unknown Damaged (UNID)","Unknown Fish (UNID)","Wakasagi","White Catfish","Yellowfin Goby"
2022,1,"323",3,1,3047.00,"6/7/2022",18.40,17.70,104,36231,33609,2,10,"N",1,5.30,1,2,38,2,26.20,122,17,12.20,38,2,40.60,122,16,51.80,,,,,,,,,,,,,,,,,,,,,,,,,,,,,,,,,,,,,,,,,,
2022,1,"340",2,0,2049.00,"6/7/2022",18.80,18.00,77,30344,20660,2,12,"NW",1,8.30,1,1,38,5,42.50,122,15,33.80,38,6,15.50,122,15,53.10,,,,,,,,,,,,,,,,,,,,,,,,,,,,,,,,,,,,,,,,,,
2022,1,"405",2,1,2070.00,"6/7/2022",19.00,18.50,85,25514,12413,2,15,"N",1,6.30,1,3,38,2,21.60,122,8,44.50,38,2,21.40,122,8,27.60,,,,,,,,,,,,,,,,,,,,,,,,,,,,,,,,,,,,,,,,,,
2022,1,"411",2,1,2009.00,"6/7/2022",19.60,19.20,43,20305,11720,2,15,"NW",1,5.10,1,3,38,3,4.90,122,4,40.50,38,3,11.00,122,4,27.00,,,,,,,,,,,,,,,,,,,,,,,,,,,,,,,,,,,,,,,,,,
2022,1,"418",3,1,2988.00,"6/6/2022",20.40,19.70,27,18181,11469,2,33,"SW",1,20.50,1,3,38,3,57.30,122,5,53.90,38,4,1.10,122,5,48.50,,,,,,,,,,,47.00,,,,,,2.00,,,1.00,,,4.00,,,,,1.00,,,,,,,,,,,,,,1.00
2022,1,"501",2,1,2134.00,"6/7/2022",19.60,19.00,70,18486,19085,2,30,"W",1,9.30,1,2,38,4,24.80,122,1,32.00,38,4,18.20,122,1,10.60,,,,,,,,,,,,,,,,,,,,,,,,,,,,,,,,,,,,,,,,,,
2022,1,"504",2,1,2094.00,"6/7/2022",20.20,19.50,70,15137,20022,2,26,"NW",1,6.40,1,2,38,3,7.80,121,59,6.50,38,3,0.60,121,58,54.40,,,,,,,,,,,,,,,,,,,,,,,,,,,,,,,,,,,,,,,,,,
2022,1,"508",3,1,3055.00,"6/7/2022",20.40,20.30,67,12275,13503,2,30,"NW",1,9.30,1,3,38,2,58.50,121,55,18.80,38,2,56.80,121,55,13.20,,,,,,,,,,,11.00,,,,,,54.00,,,,,,3.00,,,,,,,,,,,,,,,,,,,
2022,1,"513",3,1,2870.00,"6/8/2022",20.00,19.60,62,7569,9739,4,65,"SW",1,12.30,1,3,38,3,35.40,121,52,5.10,38,3,43.50,121,51,40.00,,,,,,,,,,,,,,,,,3.00,,,,,,,,,,,,,,,,,,,,,,,,,
2022,1,"519",3,1,2559.00,"6/8/2022",19.80,19.50,68,15058,14028,4,7,"SW",1,15.00,1,3,38,4,22.60,121,57,31.20,38,4,16.80,121,57,43.00,,,,,,,,,,,,,,,,,,,,1.00,,,,,,,,,,1.00,,,,,,,,,,,,
2022,1,"520",3,1,2625.00,"6/8/2022",20.50,21.00,63,8948,7428,4,40,"W",1,10.10,1,1,38,1,55.40,121,51,43.70,38,1,56.30,121,52,0.40,,,,,,,,,,,5.00,,,,,,14.00,,,,,,,,,,,,,1.00,,,,,,,,,,,,
2022,1,"602",3,1,3296.00,"6/6/2022",21.20,20.50,26,16269,14266,2,3,"SE",1,23.10,1,2,38,6,57.50,122,2,43.70,38,6,59.50,122,2,21.20,,,,,,,,,,,69.00,,,,1.00,,2.00,,,5.00,2.00,,,,,,,,,,,,,,,,,2.00,1.00,,,
2022,1,"606",3,1,3047.00,"6/6/2022",20.60,20.60,29,12977,6646,2,23,"NW",1,38.30,1,2,38,10,12.90,122,1,36.50,38,10,12.30,122,1,17.90,,,,,,,,,,,43.00,,,,,,20.00,,,3.00,,,26.00,,,,,,,27.00,,,,1.00,,,,,,,,
2022,1,"609",3,1,3369.00,"6/6/2022",19.70,19.40,41,9158,4418,2,28,"NW",1,14.10,1,2,38,10,2.40,121,56,30.00,38,10,2.90,121,56,9.70,,,,,,,,,,,1.00,,,,,,,,,,,,,,,,,,,2.00,,,,,,,11.00,2.00,,,,
2022,1,"610",3,1,3143.00,"6/6/2022",19.80,19.60,55,9970,450,2,15,"NW",1,12.60,1,2,38,7,15.50,121,53,19.80,38,7,33.40,121,53,30.60,,,,,,,,,,,,,,,,,,,,,,,,,,,,,,1.00,,,,,,,1.00,,,,,
2022,1,"704",3,1,3080.00,"6/8/2022",20.00,19.80,28,3224,3963,2,30,"N",1,24.00,1,2,38,3,59.30,121,47,10.40,38,4,9.30,121,46,51.50,,,,,,,,,,,198.00,,,,,,9.00,,,,,,29.00,,,,,,,47.00,,,,,,,8.00,,,,,
2022,1,"706",3,1,2645.00,"6/7/2022",21.00,21.00,53,3360,4650,2,30,"W",1,20.40,1,2,38,5,11.40,121,44,55.70,38,5,16.00,121,44,39.20,,1.00,,,,,,,,,59.00,,,,,,45.00,1.00,,,,,4.00,,,,,,,65.00,,,,,,,2.00,,,,,
2022,1,"707",3,1,2822.00,"6/7/2022",21.30,21.60,60,1494,1886,1,34,"W",1,17.10,1,1,38,6,56.90,121,42,20.70,38,7,12.60,121,42,7.40,,3.00,,,,,,,,,,,,,,,4.00,,,,,,,,,,,,,,,,,,,,43.00,,,,,3.00
2022,1,"711",2,1,1857.00,"6/7/2022",21.70,21.10,210,147,170,4,12,"W",1,3.30,1,1,38,10,35.90,121,39,40.90,38,10,29.50,121,39,18.40,,,,,,,,,,,,,,,,,,,,,,,,,,,,,,,,,,,,,,,,,,
2022,1,"713",2,0,2076.00,"6/8/2022",20.70,20.50,97,151,116,2,40,"NW",1,7.00,1,1,38,12,24.40,121,39,37.00,38,12,9.80,121,39,28.00,,,,,,,,,,,,,,,,,,,,,,,,,,,,,,,,,,,,,,,,,,
2022,1,"716",2,0,2069.00,"6/8/2022",20.50,19.70,65,159,184,4,28,"NW",1,10.20,2,1,38,14,30.30,121,41,15.50,38,14,21.40,121,41,5.80,,,,,,,,,,,,,,,,,,,,,,,,,,,,,,,,,,,,,,,,,,
2022,1,"719",2,0,2119.00,"6/9/2022",22.10,21.50,17,353,370,4,35,"NA",1,31.70,1,1,38,20,10.20,121,38,48.90,38,19,59.60,121,38,51.70,,14.00,51.00,,,,,,,,,,,,,,,,,,,,3.00,,,,,,,129.00,,,,,,,4.00,,,,,
2022,1,"722",2,0,2032.00,"6/8/2022",20.40,20.20,74,156,71,4,17,"NE",1,7.30,2,2,38,15,18.90,121,41,15.90,38,15,5.30,121,41,15.10,,,,,,,,,,,,,,,,,,,,,,,,,,,,,,,,,,,,,,,,,,
2022,1,"723",2,0,1948.00,"6/8/2022",20.90,20.90,83,152,125,4,34,"SW",1,7.00,2,2,38,14,34.20,121,40,15.80,38,14,23.80,121,40,20.60,,,,,,,,,,,,,,,,,,,,,,,,,,,,,,,,,1.00,,,1.00,1.00,,,,,
2022,1,"795",2,0,2053.00,"6/9/2022",22.00,21.70,47,1104,1242,3,35,"NW",1,15.50,1,1,38,32,4.70,121,35,4.80,38,32,23.30,121,35,4.60,,39.00,4.00,,,,,,,,,,,,,,,,,,,,,,,,,4.00,,8.00,,,13.00,,,,109.00,,,,,
2022,1,"796",2,0,2190.00,"6/9/2022",21.90,21.60,34,955,955,3,34,"NA",1,29.20,1,1,38,28,31.20,121,35,4.10,38,28,8.80,121,35,9.20,,77.00,17.00,,,,,,,,,,1.00,,,,,,,,,,,,,,,8.00,,44.00,,,7.00,,,,10.00,,,3.00,,1.00
2022,1,"797",2,0,2052.00,"6/9/2022",22.90,21.70,12,655,648,3,33,"NA",1,48.30,1,1,38,24,29.40,121,36,50.10,38,24,13.70,121,36,58.60,,15.00,13.00,,,,,,,,,,,,,,,,,,,,2.00,,,,,2.00,,222.00,,,4.00,,,,1.00,3.00,,9.00,,
2022,1,"801",3,1,2479.00,"6/8/2022",20.20,19.70,80,5544,5423,4,22,"W",1,11.40,1,1,38,2,52.00,121,50,42.90,38,2,41.00,121,50,35.30,,,,,,,,,,,,,,,,,1.00,,,,,,,,,,,,,,,,,,,,3.00,,,,,
2022,1,"804",3,1,2575.00,"6/8/2022",20.30,20.00,60,3502,3652,4,33,"W",1,11.70,1,2,38,1,0.70,121,47,39.00,38,0,58.10,121,47,23.30,,1.00,,,,,,,,,,,,,,,,,,,,,,,,,,,,1.00,,,,,,,2.00,,,,,
2022,1,"809",3,1,2856.00,"6/6/2022",19.90,19.30,85,1464,1254,1,43,"SW",1,8.80,1,1,38,3,0.20,121,41,43.80,38,2,49.70,121,41,51.40,,,,,,,,,,,,,,,,,,,,,,,,,,,,,,,,,,,,1.00,2.00,,,,,
2022,1,"812",2,1,1855.00,"6/6/2022",20.10,19.70,71,754,746,4,12,"W",1,7.80,1,2,38,5,22.70,121,38,22.80,38,5,25.90,121,38,31.90,,,,,,,,,,,,,,,,,,,,,,,,,,,,,,,,,,,,,,,,,,
2022,1,"815",2,1,1716.00,"6/7/2022",20.70,20.00,26,326,326,4,14,"W",1,7.10,1,1,38,5,4.70,121,34,18.00,38,5,19.40,121,34,20.70,,,,,,,,,,,,,,,,,,,,,,,,,,,,,,,,,,,,,,,,,,
2022,1,"902",2,1,1735.00,"6/6/2022",20.50,20.30,115,435,291,4,24,"NW",1,6.10,1,1,38,1,12.50,121,34,56.50,38,1,23.40,121,34,58.30,,,,,,,,,,,,,,,,,,,,,,,,,,,,,,,,,,,,,,,,,,
2022,1,"906",2,1,1771.00,"6/7/2022",21.00,20.50,146,322,312,4,37,"W",1,3.70,1,1,38,3,2.20,121,30,23.00,38,3,10.00,121,30,37.50,,,,,,,,,,,,,,,,,,,,,,,,,,,,,,,,,,,,,,,,,,
2022,1,"910",3,1,2659.00,"6/6/2022",21.50,21.30,91,376,325,4,37,"W",1,3.60,1,1,38,0,1.70,121,26,56.00,38,0,14.50,121,27,5.40,,1.00,,,,,,,,,,,,,,,,,,,,,,,,,,,,,,,,,,,5.00,,,,,
2022,1,"912",3,1,2616.00,"6/6/2022",22.50,22.30,193,601,542,2,40,"W",2,2.60,1,1,37,58,8.40,121,22,18.80,37,57,56.70,121,22,3.90,,4.00,,,,,,,,,,,,,,,,,,1.00,,,,,,,,2.00,,,,,,,,,15.00,,,,,
2022,1,"914",3,1,2483.00,"6/6/2022",22.60,25.20,260,342,219,2,33,"NW",2,2.40,1,1,37,58,7.80,121,31,43.70,37,57,58.00,121,31,50.40,,1.00,,,,,,1.00,,,,,,,,,,,,,,,,,,,,,,,,,,,,,,,,,1.00,
2022,1,"915",2,1,1778.00,"6/6/2022",22.90,23.90,188,355,369,2,25,"W",2,2.70,1,1,37,56,40.80,121,34,7.30,37,56,37.20,121,33,53.50,,,,,,,,,,,,,,,,,,,,,,,,,,,,,,,,,,,,,,,,,,
2022,1,"918",3,1,2363.00,"6/6/2022",23.60,23.80,175,404,397,2,26,"NW",2,2.90,1,2,37,51,45.00,121,34,13.80,37,51,37.50,121,34,6.50,,5.00,,,,,,,,,,,,,,,,,,,,,,,,,,,,,,,,,,,1.00,,,,,
2022,1,"919",3,1,2339.00,"6/7/2022",21.20,20.60,110,175,120,2,20,"W",1,3.70,1,1,38,6,19.50,121,29,41.20,38,6,22.60,121,29,53.20,,1.00,,,,,,,,,,,,,,,,,,,,,,,,,,,,,,,1.00,,,,,,,,,
2022,2,"323",3,1,2894.00,"6/20/2022",20.70,19.80,69,34726,35288,3,10,"W",1,14.30,1,2,38,2,46.30,122,17,4.20,38,2,35.60,122,17,30.00,,,,,,,,,,,,,,,,,,,,1.00,,,,,,1.00,,,,,,,,,,,,,,,,
2022,2,"340",2,0,1982.00,"6/21/2022",19.90,19.80,70,30986,26880,4,15,"NA",1,13.10,1,1,38,5,53.80,122,15,44.10,38,5,40.70,122,15,38.20,,,,,,,,,,,,,,,,,,,,,,,,,,,,,,,,,,,,,,,,,,
2022,2,"405",3,1,2917.00,"6/20/2022",20.40,20.10,21,26055,25346,2,15,"W",1,54.50,1,2,38,2,21.60,122,9,2.10,38,2,21.70,122,8,56.60,,,,,,,,,,,87.00,,,,,,2.00,,,,,,66.00,,,,,,,,,,,,,,,,,,,3.00
2022,2,"411",2,1,2052.00,"6/21/2022",20.50,20.50,78,21796,26993,4,15,"NA",1,10.40,1,1,38,3,6.50,122,4,35.50,38,3,0.20,122,4,56.00,,,,,,,,,,,,,,,,,,,,,,,,,,,,,,,,,,,,,,,,,,
2022,2,"418",3,1,3117.00,"6/20/2022",20.30,20.20,72,22556,25728,2,35,"S",1,12.80,1,1,38,3,51.80,122,6,3.30,38,3,57.10,122,6,4.80,,,,,,,,,,,55.00,,,,,,2.00,,,,,,8.00,,,,,,,,,,,,,,2.00,,,,,
2022,2,"501",3,1,2766.00,"6/22/2022",21.50,21.00,38,17898,19227,4,37,"N",1,10.50,1,2,38,4,25.50,122,1,36.20,38,4,29.00,122,1,40.50,,,,,,,,,,,1.00,,1.00,,,,,,,,,,,,,,,,,,,,,,,,2.00,,,,,
2022,2,"504",3,1,2629.00,"6/22/2022",21.80,21.50,70,15485,16916,4,25,"N",1,8.60,1,2,38,3,6.30,121,59,5.80,38,3,13.30,121,59,20.30,,,,,,,,,,,3.00,,,,,,1.00,,,1.00,,,,,,,,,,,,,,,,,,,,,,
2022,2,"508",3,1,2741.00,"6/22/2022",22.40,22.30,63,11993,14252,4,40,"NW",1,7.00,2,2,38,2,52.10,121,54,58.80,38,2,52.20,121,55,3.80,,,,,,,,,,,3.00,,,,,,,1.00,,,,,,,,,,,,,,,,,,,6.00,,,,,
2022,2,"513",3,1,2791.00,"6/21/2022",23.80,23.40,32,8822,7678,2,46,"NW",2,9.70,1,1,38,3,30.20,121,52,7.70,38,3,33.60,121,52,4.50,,,,,,,,,,,1.00,,,,,,1.00,8.00,,,,,,,,,,,,,,,,,,,,,,,,
2022,2,"519",2,1,1739.00,"6/22/2022",22.10,22.20,69,13900,15833,4,7,"N",1,9.40,1,2,38,4,24.60,121,57,15.60,,,,,,,,,,,,,,,,,,,,,,,,,,,,,,,,,,,,,,,,,,,,,,,,
2022,2,"520",2,1,1923.00,"6/22/2022",22.70,24.10,85,10368,10591,4,37,"NW",1,10.40,2,1,38,1,55.60,121,51,47.90,,,,,,,,,,,,,,,,,,,,,,,,2.00,,,,,,,,,,,,,,,,,,,,,,,,
2022,2,"602",3,1,3233.00,"6/20/2022",20.30,20.10,53,17986,18387,2,5,"S",1,26.10,1,2,38,6,54.10,122,2,38.50,38,7,4.80,122,2,23.00,,,,,,,,,,,,,,,,,,,1.00,20.00,2.00,,1.00,,,,,,,,,,,,,,1.00,,,,,
2022,2,"606",3,1,4558.00,"6/20/2022",21.60,21.00,26,17808,17745,2,23,"NA",1,19.00,1,1,38,10,12.10,122,1,28.90,38,10,16.30,122,1,9.90,,,,,,,,,,,1.00,,,,,,,,,5.00,,,5.00,,,,,,,20.00,,,,,,,,,1.00,,,
2022,2,"609",3,1,3123.00,"6/20/2022",20.50,20.50,44,12479,10326,4,34,"W",1,34.30,1,1,38,10,2.20,121,56,15.00,38,10,2.30,121,56,37.30,,,,,,,,,,,,,,,,,,,,3.00,,,5.00,,,,,1.00,,6.00,,,,,,,248.00,1.00,,,,
2022,2,"610",3,1,3004.00,"6/20/2022",19.80,19.60,64,10969,10480,4,13,"W",1,14.70,1,1,38,7,9.70,121,53,20.70,38,7,24.10,121,53,22.30,,,,,,,,,,,,,,,,,,,,8.00,,,1.00,,,,,1.00,,,,,,,,,475.00,7.00,,,,
2022,2,"704",3,1,2813.00,"6/21/2022",23.60,25.50,78,3990,5726,4,32,"NW",1,13.60,1,2,38,4,0.90,121,47,12.40,38,3,48.40,121,47,37.70,,2.00,,,,,,,,,1.00,,,,,,,3.00,,,,,,,,,,,,,,,,,,,11.00,2.00,,,,
2022,2,"706",3,1,2739.00,"6/21/2022",22.60,23.00,69,2341,4251,4,32,"NW",2,14.80,1,2,38,5,9.80,121,44,55.40,,,,,,,,3.00,1.00,,,,,,,,,,,,,,,14.00,,,,,,,,,,1.00,,,,,,,,,119.00,11.00,,,,
2022,2,"707",3,1,2630.00,"6/21/2022",22.50,22.80,34,951,964,4,33,"NW",1,17.40,1,2,38,6,53.80,121,42,25.30,38,6,46.00,121,42,34.30,,37.00,1.00,,,,,,,,,6.00,,,,,,,,,,,1.00,,,,,42.00,1.00,,,1.00,,,,,279.00,17.00,,,,2.00
2022,2,"711",3,1,2813.00,"6/22/2022",22.90,22.90,186,139,160,2,13,"W",1,3.80,1,1,38,10,37.30,121,39,43.90,38,10,33.30,121,39,30.90,,,,,,,,,,,,,,,,,,,,,,,,,,,,,,,,,,,,,1.00,,,,,
2022,2,"713",2,0,1922.00,"6/22/2022",22.90,22.70,133,153,142,3,38,"W",1,5.50,1,1,38,12,19.80,121,39,32.90,38,12,2.80,121,39,29.10,,,,,,,,,,,,,,,,,,,,,,,,,,,,,,,,,,,,,,,,,,
2022,2,"716",2,0,1940.00,"6/22/2022",23.00,23.10,168,170,141,4,27,"W",1,5.80,1,1,38,14,32.60,121,41,17.90,38,14,22.40,121,41,8.20,,3.00,,,,,,,,,,,,,,,,,1.00,,,,,,,,,,,,,,,,,,1.00,,,,,
2022,2,"719",2,0,1918.00,"6/23/2022",23.00,22.70,14,387,185,2,33,"SW",1,33.30,2,1,38,19,57.80,121,38,51.70,38,20,21.00,121,38,44.70,,4.00,1.00,,,,,,,,,,,,,,,,,,,,,,,,,,,269.00,,,,,,,,,,,12.00,
2022,2,"722",2,0,1753.00,"6/22/2022",23.20,23.40,124,159,158,4,20,"E",1,5.70,1,1,38,15,19.40,121,41,15.90,38,15,11.00,121,41,14.40,,,,,,,,,,,,,,,,,,,,,,,,,,,,,,,,,1.00,,,,,,,,,
2022,2,"723",2,0,1910.00,"6/22/2022",23.60,23.70,124,150,133,4,34,"E",1,8.00,1,1,38,14,30.80,121,40,18.60,38,14,24.20,121,40,19.80,,,,,,,,,,,,,,,,,,,,,,,,,,,,,,,,,,,,,,,,,,
2022,2,"795",2,0,1950.00,"6/23/2022",23.30,22.70,40,1156,1027,2,37,"NW",1,12.10,2,1,38,32,11.90,121,35,4.60,38,32,29.80,121,35,4.00,,2.00,2.00,,,,,,,,,,,,,,,,2.00,,,,,,,,,7.00,,,,,94.00,,,,129.00,,,,,
2022,2,"796",2,0,1989.00,"6/23/2022",23.10,22.80,48,951,1025,2,33,"W",1,22.40,2,1,38,28,24.50,121,35,4.10,38,28,42.30,121,35,4.50,,29.00,4.00,,,,,,,,,,1.00,,,,1.00,,,,,,,,,,,12.00,,7.00,,,6.00,,,,30.00,,,,,
2022,2,"797",2,0,1886.00,"6/23/2022",22.80,22.70,17,658,481,2,33,"SW",1,42.30,2,2,38,24,13.10,121,36,57.00,38,24,29.90,121,36,48.60,,5.00,8.00,,,,,,,,,,,,,,,,,,,,,,,,,1.00,,136.00,,,1.00,,,,,,,4.00,4.00,
2022,2,"801",3,1,2748.00,"6/22/2022",22.10,21.90,76,6424,3301,2,20,"N",1,9.20,1,2,38,3,31.00,121,52,7.00,38,2,38.40,121,50,35.80,,3.00,,,,,,,,,1.00,,,,,,1.00,4.00,,2.00,,,,,,,,,,,,,,,,,60.00,4.00,,,,
2022,2,"804",3,1,2936.00,"6/21/2022",23.60,22.80,100,4433,7048,2,34,"NA",1,8.10,1,1,38,0,60.00,121,47,32.20,38,0,58.90,121,47,17.90,,,,,,,,,,,,,,,,,,3.00,,,,,,,,,,,,,,,,1.00,,,21.00,,,,,
2022,2,"809",3,1,2803.00,"6/20/2022",21.20,20.70,72,1381,882,4,50,"W",1,6.50,1,1,38,3,8.10,121,41,34.90,,,,,,,,,,,,,,,,,,,,,,,,,,,,,,,,,,,,,,,,,,,12.00,1.00,,,,
2022,2,"812",3,1,2589.00,"6/21/2022",21.90,21.70,98,829,811,4,22,"NW",1,7.20,1,1,38,5,25.00,121,38,30.50,38,5,26.10,121,38,37.70,,1.00,,,,,,,,,,,,,,,,,,,,,,,,,,,,,,,,,,,8.00,1.00,,,,
2022,2,"815",3,1,2732.00,"6/21/2022",21.80,21.20,133,505,501,4,10,"N",1,4.40,1,1,38,4,59.90,121,34,15.60,38,5,12.60,121,34,19.80,,,,,,,,,,,,,,,,,,,,,,,,,,,,,,,,,,,,,2.00,,,,,
2022,2,"902",3,1,2607.00,"6/20/2022",21.50,21.00,88,582,259,4,24,"W",2,6.30,1,1,38,1,2.10,121,34,54.90,38,1,12.00,121,34,56.30,,2.00,,,,,,,,,,,,,,,,,,,,,,,,,,,,,,,1.00,,,,8.00,1.00,,,1.00,
2022,2,"906",2,1,1856.00,"6/21/2022",22.10,21.60,158,454,413,3,36,"NW",2,3.30,1,1,38,3,4.90,121,30,29.40,38,2,53.10,121,30,14.70,,,,,,,,,,,,,,,,,,,,,,,,,,,,,,,,,,,,,,,,,,
2022,2,"910",2,1,1836.00,"6/20/2022",24.20,25.10,166,484,509,2,37,"NW",3,3.50,1,1,38,0,13.20,121,27,4.50,38,0,1.90,121,26,56.50,,,,,,,,,,,,,,,,,,,,,,,,,,,,,,,,,,,,,,,,,,
2022,2,"912",3,1,2911.00,"6/20/2022",25.20,25.20,128,493,289,2,37,"W",3,2.70,1,1,37,58,2.40,121,22,11.90,37,57,47.00,121,21,53.70,,,,,,,,,,,,,1.00,,,,,,33.00,,,,,,,,,,,,,,,,,,,,,,,
2022,2,"914",2,1,1730.00,"6/20/2022",23.10,23.70,125,422,398,4,35,"NW",2,3.10,1,1,37,58,7.30,121,31,43.10,37,58,14.70,121,31,28.40,,,,,,,,,,,,,,,,,,,,,,,,,,,,,,,,,,,,,,,,,,
2022,2,"915",3,1,2736.00,"6/20/2022",22.60,22.20,72,462,283,4,36,"NA",2,3.50,1,1,37,56,39.60,121,34,5.70,37,56,51.50,121,34,8.50,,1.00,,,,,,,,,,,,,,,,,,,,,,,,,,,,,,,,,,,1.00,,,,,
2022,2,"918",3,1,2404.00,"6/20/2022",22.90,22.70,92,457,51,4,23,"NW",2,5.10,1,1,37,51,34.10,121,34,2.70,37,51,43.10,121,34,12.30,,,,,,,2.00,,,,,2.00,,,,1.00,,,,,,,5.00,,,,,,,,,,,,,,2.00,,,,,1.00
2022,2,"919",2,1,1800.00,"6/21/2022",22.30,21.50,142,210,208,2,20,"W",2,2.70,1,1,38,6,20.20,121,29,45.30,38,6,26.40,121,29,58.30,,,,,,,,,,,,,,,,,,,,,,,,,,,,,,,,,,,,,,,,,,
2022,3,"323",3,1,2660.00,"7/6/2022",19.20,18.90,70,36996,27966,2,10,"W",1,9.80,3,2,38,2,20.20,122,17,34.80,38,2,28.50,122,17,16.70,,,,,,,,,,,,,,,,,,,,2.00,,,,,,,,,,,,,,,,,,,,,,
2022,3,"340",3,0,2555.00,"7/6/2022",19.70,19.30,52,32027,30069,2,13,"NW",1,14.20,3,1,38,5,39.90,122,15,29.40,38,5,49.90,122,15,40.20,,,,,1.00,,,,,,,,,,,,,,,2.00,,,,,,,,,,,,,,,,,,1.00,,,,
2022,3,"405",3,1,2692.00,"7/6/2022",19.40,19.40,68,25279,28678,2,15,"NW",1,12.00,3,2,38,2,23.40,122,8,58.70,38,2,21.70,122,8,50.70,,,,,,,,,,,10.00,,,,,,1.00,,,1.00,,,,,,,,,,,,,,,,,,,,,,
2022,3,"411",3,1,2486.00,"7/6/2022",20.10,19.40,62,19980,20284,2,13,"NW",1,10.90,3,2,38,3,1.80,122,4,47.40,38,3,5.30,122,4,36.70,,,,,,,,,,,,,,,,,,,,4.00,,,,,,,,,,,,,,,,,,,,,,
2022,3,"418",3,1,2764.00,"7/5/2022",21.20,21.00,49,18471,16078,2,32,"NE",1,23.50,1,3,38,4,3.80,122,5,54.20,38,4,18.50,122,5,28.40,,,,,,,,,,,29.00,,,,,,,,,8.00,,,1.00,,,,,,,,,,,,,,,,,,,
2022,3,"501",3,1,2887.00,"7/6/2022",20.50,19.80,50,17195,18444,2,39,"NW",1,12.40,3,2,38,4,26.30,122,1,38.50,38,4,21.90,122,1,26.90,,,,,,,,,,,,,,,,,,,,11.00,,,1.00,,,,,,,,,,,,,,,2.00,,,,
2022,3,"504",2,1,1915.00,"7/6/2022",21.00,20.50,64,13462,15562,2,25,"NW",1,8.40,3,2,38,3,5.20,121,59,2.80,38,3,1.30,121,58,52.90,,,,,,,,,,,,,,,,,,,,,,,,,,,,,,,,,,,,,,,,,,
2022,3,"508",3,1,2755.00,"7/6/2022",21.40,21.00,96,8195,9245,2,53,"NW",1,7.40,2,3,38,2,35.40,121,54,54.70,38,2,37.40,121,54,51.90,,,,,,,,,,,2.00,,,,,,,13.00,,3.00,,,7.00,,,4.00,,,,,,,,,,,1.00,,,,,
2022,3,"513",3,1,3048.00,"7/7/2022",20.70,20.50,102,8090,7472,2,64,"W",2,7.50,1,3,38,3,33.20,121,52,9.70,38,3,42.70,121,51,38.70,,,,,,,,,,,,,,,,,,20.00,,,,,,,,,,,,,,,,,,,8.00,,,,,
2022,3,"519",2,1,1827.00,"7/6/2022",21.00,20.50,77,12787,12950,2,11,"W",1,7.70,2,3,38,4,15.70,121,57,25.50,38,4,14.50,121,57,7.20,,,,,,,,,,,,,,,,,,1.00,,,,,,,,,,,,,,,,,,,,,,,,
2022,3,"520",3,1,2863.00,"7/7/2022",21.10,20.60,111,5693,5331,4,40,"N",2,7.00,1,2,38,1,54.90,121,51,46.50,38,1,55.80,121,52,0.60,,,,,,,,,,,,,,,,,,43.00,,,,,,,,,,,1.00,,,,,,,,5.00,,,,,
2022,3,"602",3,1,2575.00,"7/5/2022",22.00,22.00,46,18881,16765,2,6,"W",1,17.70,1,3,38,6,42.90,122,2,48.90,38,6,52.50,122,2,29.00,,,,,,,,,,,7.00,,,,,,,2.00,,14.00,,,,,,,,,,,,,,,,,4.00,1.00,1.00,,,
2022,3,"606",3,1,2709.00,"7/5/2022",21.10,20.90,34,17052,16673,2,22,"W",1,31.30,2,2,38,10,11.20,122,1,25.80,38,10,14.70,122,1,13.50,,,,,,,,,,,8.00,,,,,,,1.00,,4.00,,,69.00,,,,,,236.00,143.00,,,,,,,256.00,1.00,,,,2.00
2022,3,"609",3,1,2697.00,"7/5/2022",20.00,19.90,52,14072,14046,2,28,"W",1,19.50,3,1,38,10,2.70,121,56,31.00,38,10,2.90,121,56,17.80,,,,,,,,,,,5.00,1.00,,,,,,27.00,,2.00,,,9.00,,,7.00,,2.00,135.00,13.00,,,,,,,409.00,,,,,
2022,3,"610",3,1,2692.00,"7/5/2022",20.10,20.10,57,11940,11920,2,16,"W",1,11.40,2,1,38,7,15.90,121,53,19.90,38,6,53.20,121,53,27.60,,,,,,,,,,,,,,,,,,26.00,,5.00,,,,,,,,,,,,,,,,,34.00,2.00,,,,
2022,3,"704",3,1,2964.00,"7/7/2022",21.40,21.90,65,4450,3401,2,31,"W",2,13.20,1,3,38,3,57.60,121,47,24.70,38,3,49.50,121,47,44.30,,,,,,,,,,,,,,,,,,747.00,,,,,6.00,,,,,,5.00,1.00,,,,,,,406.00,3.00,,,,
2022,3,"706",3,1,2877.00,"7/7/2022",22.10,23.20,35,2010,2006,2,25,"W",1,19.70,1,2,38,4,52.30,121,45,38.50,38,4,59.10,121,45,26.30,,,,,,,,,,,,,,,,,,6.00,,,,,,,,,,17.00,233.00,3.00,,,1.00,,,,5278.00,72.00,37.00,,,2.00
2022,3,"707",3,1,2730.00,"7/7/2022",21.30,20.90,110,93,121,4,32,"NW",1,7.30,1,3,38,6,58.10,121,42,19.50,38,6,47.90,121,42,32.70,,,,,,,,,,,,,1.00,,,,,,,,,,,,,,,,,,,,,,,,1.00,,,,,
2022,3,"711",2,1,1777.00,"7/7/2022",21.20,20.80,33,107,111,4,14,"W",1,4.00,1,1,38,10,30.70,121,39,26.50,38,10,38.70,121,39,48.00,,,,,,,,,,,,,,,,,,,,,,,,,,,,,,,,,,,,,,,,,,
2022,3,"713",2,0,1933.00,"7/7/2022",21.10,20.80,103,132,125,4,40,"W",1,7.40,1,1,38,12,28.50,121,39,40.30,38,12,20.90,121,39,34.90,,,,,,,,,,,,,,,,,,,,,,,,,,,,,,,,,,,,,,,,,,
2022,3,"716",2,0,1847.00,"7/7/2022",21.10,20.80,87,133,133,4,38,"W",1,7.80,1,1,38,14,32.10,121,41,15.90,38,14,23.30,121,41,7.40,,,,,,,,,,,,,,,,,,,,,,,,,,,,,,,,,,,,,,,,,,
2022,3,"719",2,0,1743.00,"7/8/2022",22.40,21.60,29,347,360,3,34,"W",1,40.40,1,1,38,20,7.20,121,38,48.70,,,,,,,,1.00,12.00,,,,,,,,,,,,,,,,1.00,,,,,,,,,10.00,,309.00,,,,,,,8.00,,,2.00,4.00,
2022,3,"722",2,0,1897.00,"7/7/2022",20.80,20.40,83,135,137,4,31,"W",1,9.80,1,1,38,15,25.20,121,41,26.50,38,15,14.20,121,41,16.10,,,,,,,,,,,,,,,,,,,,,,,,,,,,,,,,,,,,,,,,,,
2022,3,"723",2,0,1774.00,"7/7/2022",21.30,20.90,105,127,127,4,36,"W",1,6.30,1,1,38,14,21.30,121,40,20.60,38,14,5.60,121,40,22.70,,,,,,,,,,,,,,,,,,,,,,,,,,,1.00,10.00,,,2.00,,,,,,,,,,,
2022,3,"795",2,0,1778.00,"7/8/2022",23.40,23.00,47,1170,1202,2,34,"NA",1,20.00,1,1,38,32,7.70,121,35,4.60,38,32,27.10,121,35,3.40,,1.00,,,,,,,,,,,,,,,,,,,,,,,,,,191.00,,42.00,,,39.00,,,,172.00,2.00,,,,
2022,3,"796",2,0,1770.00,"7/8/2022",22.40,22.00,44,962,773,2,32,"NA",1,39.80,1,1,,,,,,,38,28,47.40,121,35,2.90,,12.00,2.00,,,,,,,,,,,,,,,,,,,,,,,,,85.00,,265.00,,,47.00,,,,78.00,15.00,,1.00,5.00,
2022,3,"797",2,0,1827.00,"7/8/2022",21.50,21.30,22,662,707,2,31,"SW",1,61.80,1,1,38,24,17.70,121,36,55.50,,,,,,,,44.00,8.00,,,,,,,,,,,1.00,,,,,1.00,,,,,,,,,74.00,,304.00,,,75.00,,,,25.00,9.00,,4.00,10.00,
2022,3,"801",3,1,2743.00,"7/7/2022",20.90,20.50,94,6413,4601,2,23,"NW",2,7.40,1,3,38,2,59.50,121,50,46.30,,,,,,,,,,,,,,,,,,1.00,,,,,,95.00,,1.00,,,,,,,,,,,,,,,,,19.00,,,,,
2022,3,"804",3,1,2882.00,"7/7/2022",21.80,21.50,66,2968,4357,2,34,"NW",2,10.90,1,3,38,1,0.60,121,47,41.30,38,0,57.50,121,47,21.80,,,,,,,,,,,,,,,,,,20.00,,,,,,,,,,,,,,,,,,,29.00,,,,,
2022,3,"809",3,1,2925.00,"7/5/2022",22.30,27.80,111,1298,1262,2,33,"N",3,6.20,1,1,38,3,18.80,121,41,26.20,38,3,10.80,121,41,34.90,,,,,,,,,,,,,,,,,,22.00,,,,,,,,,,,,,,,,,,,9.00,,,,,
2022,3,"812",2,1,1838.00,"7/6/2022",22.70,21.80,84,459,494,2,25,"W",2,5.30,1,3,38,5,25.70,121,38,32.90,38,5,23.50,121,38,23.20,,,,,,,,,,,,,,,,,,,,,,,,,,,,,,,,,,,,,,,,,,
2022,3,"815",2,1,1913.00,"7/6/2022",23.30,23.90,133,373,359,2,17,"W",3,3.50,1,3,38,5,15.40,121,34,18.50,,,,,,,,,,,,,,,,,,,,,,,,,,,,,,,,,,,,,,,,,,,,,,,,
2022,3,"902",2,1,2060.00,"7/5/2022",23.00,23.00,107,728,724,4,23,"W",2,5.20,1,1,38,1,5.50,121,34,55.60,38,1,18.50,121,34,57.80,,,,,,,,,,,,,,,,,,,,,,,,,,,,,,,,,,,,,,,,,,
2022,3,"906",2,1,2048.00,"7/6/2022",24.30,24.40,188,509,406,2,38,"NW",3,2.50,1,3,38,3,4.90,121,30,26.60,38,2,56.20,121,30,17.30,,,,,,,,,,,,,,,,,,,,,,,,,,,,,,,,,,,,,,,,,,
2022,3,"910",2,1,1994.00,"7/6/2022",24.20,23.60,182,514,491,4,34,"SW",4,2.50,2,1,38,0,2.90,121,26,56.20,38,0,17.00,121,27,6.60,,,,,,,,,,,,,,,,,,,,,,,,,,,,,,,,,,,,,,,,,,
2022,3,"912",2,1,1984.00,"7/6/2022",23.90,23.40,120,489,428,4,38,"W",3,4.00,1,1,37,58,1.10,121,22,9.30,37,57,46.30,121,21,50.50,,,,,,,,,,,,,,,,,,,,,,,,,,,,,,,,,,,,,,,,,,
2022,3,"914",2,1,1905.00,"7/6/2022",24.50,24.40,194,533,402,2,31,"S",3,2.40,1,1,37,57,52.20,121,31,48.10,37,58,6.30,121,31,46.40,,,,,,,,,,,,,,,,,,,,,,,,,,,,,,,,,,,,,,,,,,
2022,3,"915",2,1,1881.00,"7/5/2022",24.10,24.10,153,608,623,1,25,"W",3,3.60,1,1,37,56,37.30,121,33,59.90,37,56,49.10,121,34,8.60,,,,,,,,,,,,,,,,,,,,,,,,,,,,,,,,,,,,,,,,,,
2022,3,"918",2,1,1848.00,"7/6/2022",24.80,25.40,138,582,355,2,22,"W",3,4.10,1,1,37,51,36.30,121,34,5.60,37,51,19.80,121,33,51.00,,,,,,,,,,,,,,,,,,,,,,,,,,,,,,,,,,,,,,,,,,
2022,3,"919",2,1,1967.00,"7/6/2022",22.00,21.30,130,160,115,4,25,"S",1,3.30,1,1,38,6,24.50,121,29,56.60,38,6,18.40,121,29,35.10,,,,,,,,,,,,,,,,,,,,,,,,,,,,,,,,,,,,,,,,,,
2022,4,"323",3,1,2663.00,"7/19/2022",19.20,18.60,66,34204,34837,2,9,"S",1,12.60,1,3,38,2,47.20,122,16,44.60,38,2,54.70,122,16,30.70,,,,1.00,,,,,,,,,,,,,,,,306.00,,,,,1.00,,,,,,,,,,7.00,,,3.00,,,,
2022,4,"340",3,0,2741.00,"7/19/2022",19.70,19.00,69,30709,32230,2,10,"S",1,15.00,3,1,38,5,47.00,122,15,36.60,38,5,53.00,122,15,42.60,,,,,1.00,,,,,,,,,,1.00,,,,,10.00,,,12.00,4.00,,,,,,,,,,,1.00,,,,,,,10.00
2022,4,"405",3,1,2793.00,"7/19/2022",20.20,19.80,24,29361,30504,2,10,"W",1,64.00,1,3,38,2,24.90,122,9,3.00,38,2,22.80,122,8,54.80,,,,,,,,,,,218.00,,,,,,,,,17.00,,,185.00,1.00,,,,,3.00,,,,,,,,,,,,,2.00
2022,4,"411",3,1,2802.00,"7/19/2022",21.70,21.50,19,21067,21506,2,10,"W",1,41.70,1,3,38,2,59.40,122,4,56.10,38,3,2.20,122,4,46.60,,,,,,,,,,,6.00,,,,1.00,,,,,3.00,,,8.00,,,,,,,,,1.00,,,,,3.00,,,,,1.00
2022,4,"418",3,1,2739.00,"7/18/2022",21.60,20.80,23,19739,21685,2,32,"SW",1,49.10,1,3,38,3,49.50,122,5,57.10,38,3,51.20,122,5,52.60,,,,,1.00,,,,,,200.00,,,,,,,,,144.00,1.00,,172.00,,,,,,6.00,,,,,,,,6.00,,,,,
2022,4,"501",3,1,2988.00,"7/19/2022",21.30,20.70,24,17089,17095,2,41,"NW",1,38.50,1,,38,4,28.10,122,1,40.20,38,4,22.50,122,1,28.40,,,,,,,,,,,13.00,,,,,,,2.00,,41.00,,,9.00,,1.00,,,,,,,,,,,,55.00,,,,,
2022,4,"504",3,1,2975.00,"7/19/2022",21.70,21.40,26,14353,13692,2,24,"W",1,37.60,1,3,38,3,10.20,121,59,9.80,38,3,3.90,121,58,58.90,,,,,,,,,,,16.00,,,,,,,18.00,,74.00,,,4.00,,,,,,12.00,,,,,,2.00,,4.00,,,,,
2022,4,"508",3,1,2825.00,"7/20/2022",21.90,22.10,32,12580,13098,2,38,"NW",1,25.30,1,3,38,2,58.20,121,55,1.90,38,2,57.30,121,54,47.50,,,,,,,,,,,13.00,,,,,,,1414.00,,3.00,,,76.00,,,,,,4.00,4.00,,,,,,,19.00,,,,,2.00
2022,4,"513",3,1,2937.00,"7/20/2022",22.40,21.80,43,8609,8985,2,40,"NW",1,15.00,1,3,38,3,30.90,121,52,11.80,38,3,32.40,121,52,1.80,,,,,,,,,,,,,,,,,,197.00,,1.00,,,,,,,,,3.00,,,,,,,,8.00,,,,,
2022,4,"519",3,1,2755.00,"7/20/2022",21.30,20.90,29,13567,8891,2,9,"NW",1,36.10,1,3,38,4,24.40,121,57,52.50,38,4,26.70,121,57,34.40,,,,,,,,,,,1.00,,1.00,,,,,162.00,,7.00,,,,,,,,,1.00,,,,,,,,5.00,,,,,
2022,4,"520",3,1,2963.00,"7/20/2022",21.80,21.00,61,6694,4713,4,48,"NW",2,12.90,1,1,38,1,53.70,121,51,36.10,38,1,55.30,121,51,50.90,,,,,,,,,,,,,,,,,,21.00,,,,,,,,,,,,1.00,,,,,,,2.00,,,,,
2022,4,"602",3,1,2565.00,"7/18/2022",21.80,21.50,27,16966,14079,2,5,"SE",1,80.30,1,3,38,6,47.60,122,2,44.80,38,6,54.20,122,2,31.30,,,,,,,,,,,117.00,,,,,,,10.00,,162.00,,,5.00,,,,,,46.00,,,,,,,,21.00,,,,,1.00
2022,4,"606",3,1,2681.00,"7/18/2022",22.80,22.50,21,17693,17587,2,23,"W",1,12.10,1,3,38,10,13.50,122,1,40.50,38,10,12.00,122,1,32.60,,,,,,,,,,,33.00,,,,,,,4.00,,17.00,,,115.00,,,,,5.00,1280.00,116.00,,,,,,,404.00,,,,,3.00
2022,4,"609",3,1,2738.00,"7/18/2022",22.20,21.60,32,15405,13686,2,29,"W",1,33.80,1,2,38,10,1.60,121,56,28.30,38,10,1.70,121,56,19.70,,1.00,,,,,,,,,,,,,,,,8.00,,27.00,,,19.00,,,,,3.00,212.00,22.00,,,,,,,447.00,,,,,
2022,4,"610",3,1,2874.00,"7/18/2022",21.60,21.20,42,11903,8388,4,14,"W",1,20.80,1,1,38,7,12.90,121,53,19.90,38,7,27.10,121,53,23.90,,,,,,,,,,,,,,,,,,36.00,,1.00,,,,,,,,,1.00,,,,,,,,43.00,,,,,4.00
2022,4,"704",3,1,2682.00,"7/20/2022",22.50,21.20,38,1941,1264,4,34,"NW",1,20.90,1,2,38,0,58.80,121,47,27.50,38,3,57.90,121,47,24.20,,6.00,,,,,,,,,8.00,,,,,,,115.00,1.00,,,,35.00,,,,,2.00,144.00,69.00,,,5.00,,,,872.00,14.00,,,,
2022,4,"706",3,1,8481.00,"7/19/2022",23.50,23.80,28,1716,1445,4,26,"W",1,22.10,1,3,38,4,58.10,121,45,26.50,,,,,,,,,1.00,,,,,,,,11.00,14.00,,,,,,37.00,,,,,11.00,,,,,42.00,105.00,257.00,,,,,,,1409.00,,,1.00,1.00,
2022,4,"707",3,1,2871.00,"7/19/2022",23.80,24.20,40,588,301,4,32,"W",1,12.00,1,3,38,7,1.90,121,42,17.20,38,6,40.80,121,42,41.50,,,,,,,,,,,1.00,,,,,,,1.00,,,,,,,,,,,2.00,,,,,,,,16.00,1.00,,,,
2022,4,"711",2,1,1902.00,"7/20/2022",22.90,21.80,400,152,314,4,13,"SW",1,4.80,1,1,38,2,55.50,121,55,54.20,38,10,29.70,121,39,18.70,,,,,,,,,,,,,,,,,,,,,,,,,,,,,,,,,,,,,,,,,,
2022,4,"713",2,0,1997.00,"7/21/2022",23.10,22.80,163,122,124,4,44,"SW",1,4.70,1,2,38,12,23.60,121,39,33.30,38,12,12.10,121,39,27.60,,,,,,,,,,,,,,,,,,,,,,,,,,,,,,,,,,,,,,,,,,
2022,4,"716",2,0,1939.00,"7/21/2022",22.30,22.00,128,134,170,4,36,"SW",1,33.20,1,1,38,14,21.50,121,41,6.10,38,14,12.20,121,41,1.20,,,,,,,,,,,,,1.00,,,,,,,,,,,,,,,,,,,,,,,,,,,,,
2022,4,"719",2,0,34131.00,"7/21/2022",22.60,22.10,30,391,557,4,33,"W",1,39.00,1,1,38,20,9.90,121,38,48.10,38,20,2.90,121,38,50.90,,,9.00,,,,,,,,,,,,,,,,2.00,,,,,,,,,3.00,1.00,337.00,,,31.00,,,,8.00,,,6.00,,
2022,4,"722",2,0,1981.00,"7/20/2022",22.40,21.70,100,150,141,4,30,"W",1,8.10,1,1,38,15,20.90,121,41,21.20,38,15,10.30,121,41,16.90,,,,,,,,,,,,,,,,,,,,,,,,,,,1.00,,,,,,,,,,1.00,,,,,
2022,4,"723",2,0,1904.00,"7/21/2022",22.70,22.50,26,130,108,4,34,"NA",1,6.70,1,1,38,14,25.00,121,40,19.30,38,14,14.80,121,40,21.90,,1.00,,,,,,,,,,,,,,,,,,,,,,,,,,,,2.00,,,,,,,,,,,,
2022,4,"795",2,0,2007.00,"7/20/2022",24.00,23.90,66,1135,963,4,39,"SE",1,15.70,1,1,38,32,43.80,121,34,59.20,38,32,26.80,121,35,3.30,,,,,,1.00,,,,,,,,,,,,,5.00,,,,,,,,,,,,,,25.00,,,,10.00,,,,,
2022,4,"796",2,0,1939.00,"7/20/2022",23.60,22.10,23,860,764,4,34,"S",1,52.00,1,1,38,28,38.10,121,35,2.90,38,28,22.70,121,35,3.10,,3.00,,,,,,,,,,,,,,,,,11.00,,,,,,,,,33.00,8.00,282.00,,,73.00,,,,184.00,1.00,,4.00,1.00,
2022,4,"797",2,0,1976.00,"7/20/2022",22.90,22.50,21,501,465,4,33,"S",1,76.40,1,1,38,24,18.30,121,36,54.40,38,23,59.90,121,37,2.00,,1.00,,,,,,,,,,,,,,,,,4.00,,,,,,,,,5.00,,335.00,,,50.00,,,,10.00,1.00,,2.00,2.00,
2022,4,"801",3,1,2776.00,"7/20/2022",22.20,20.50,62,4411,4860,4,25,"NW",1,13.00,1,3,38,3,0.90,121,50,47.00,38,3,11.10,121,50,50.80,,2.00,,,,,,,,,1.00,,,,,,,33.00,,,,,,,,,,,,,,,,,,,25.00,,,,,
2022,4,"804",3,1,2820.00,"7/19/2022",24.20,23.80,45,2055,2091,2,32,"W",2,14.90,1,3,38,6,0.90,121,42,30.70,38,0,58.80,121,47,27.80,,,,,,,,,,,,,,,,,,,,,,,,,,,,,,,,,,,,,12.00,,,,,
2022,4,"809",3,1,,"7/18/2022",23.00,22.20,79,1294,1323,4,40,"W",2,9.70,1,1,38,3,17.40,121,41,27.70,38,3,12.00,121,41,34.20,,,,,,,,,,,,,,,,,,3.00,,,,,,,,,,,,,,,,,,,10.00,1.00,,,,
2022,4,"812",2,1,1945.00,"7/19/2022",24.40,24.10,80,812,443,4,15,"W",3,5.90,1,2,38,5,24.00,121,38,27.60,38,5,33.60,121,38,51.30,,,,,,,,,,,,,,,,,,,,,,,,,,,,,,,,,,,,,,,,,,
2022,4,"815",3,1,,"7/19/2022",24.70,24.60,104,434,216,4,15,"W",3,4.70,1,1,38,5,5.90,121,34,19.20,38,5,17.90,121,34,20.80,,,,,,,,,,,,,,,,,,,,,,,,,,,,,,,,,,,,,1.00,,,,,
2022,4,"902",3,1,,"7/18/2022",24.60,23.80,67,726,723,1,25,"W",2,10.30,1,1,38,1,6.00,121,34,55.70,38,1,19.80,121,34,57.90,,,,,,,,,,,,,,,,,,,,,,,,,,,,,,,,,,,,,7.00,,,,,
2022,4,"906",2,1,,"7/19/2022",25.10,24.60,158,393,393,4,40,"W",2,4.40,1,1,38,2,58.90,121,30,18.10,38,3,7.20,121,30,29.50,,,,,,,,,,,,,,,,,,,,,,,,,,,,,,,,,,,,,,,,,,
2022,4,"910",2,1,2018.00,"7/18/2022",27.70,27.60,108,488,466,2,36,"W",2,3.40,1,1,38,0,9.50,121,27,2.70,,,,,,,,,,,,,,,,,,,,,,,,,,,,,,,,,,,,,,,,,,,,,,,,
2022,4,"912",2,1,1623.00,"7/18/2022",28.60,28.40,104,493,372,2,40,"W",3,4.40,1,1,37,58,0.70,121,22,8.80,,,,,,,,,,,,,,,,,,,,,,,,,,,,,,,,,,,,,,,,,,,,,,,,
2022,4,"914",3,1,,"7/18/2022",26.90,28.70,220,485,487,2,28,"W",3,3.20,1,1,37,58,8.10,121,31,43.50,,,,,,,,,,,,,,,,,,,,,,,,,,,,,,,,,,,,,,,,,,,1.00,,,,,
2022,4,"915",3,1,,"7/18/2022",25.30,24.80,114,577,206,4,30,"W",2,3.60,1,1,37,56,39.10,121,34,4.30,37,56,53.40,121,34,8.20,,,,,,,,,,,,,,,,,,,,,,,,,,,,,,,,,,,,,2.00,1.00,,,,
2022,4,"918",3,1,,"7/18/2022",26.80,27.40,90,578,361,1,25,"W",3,4.40,1,1,37,51,37.40,121,34,7.30,37,51,20.80,121,33,52.20,,,,,,,,,,,,,,,,,,,,,,,,,,,,,,,,,,,,,1.00,,,,,
2022,4,"919",2,1,,"7/19/2022",24.90,24.20,147,139,120,3,22,"NA",1,2.60,2,1,37,6,27.80,121,29,58.50,38,6,19.30,121,29,39.80,,,,,,,,,,,,,,,,,,,,,,,,,,,,,,,,,,,,,,,,,,
2022,5,"323",3,1,2721.00,"8/3/2022",19.30,18.90,87,34366,34907,2,9,"SW",1,8.60,3,2,38,2,34.40,122,17,11.00,38,2,40.00,122,17,1.40,,,,,,,,,,1.00,,,,,,,,,,21.00,,,,,,,,,,,,,,,12.00,,,,,,,
2022,5,"340",3,0,2655.00,"8/3/2022",19.60,19.40,57,31351,25900,2,9,"SW",1,18.30,3,2,38,5,46.50,122,15,36.40,38,5,52.10,122,15,42.10,,,,,,,,,,,,,,,,,,,,19.00,,,,,,,,,,,,,,,37.00,,,,2.00,,,
2022,5,"405",3,1,2691.00,"8/3/2022",20.00,19.50,48,28700,24881,2,10,"W",1,30.00,1,2,38,2,24.60,122,8,58.80,38,2,22.40,122,8,49.60,,,,,,,,,1.00,,23.00,,,,,,,,,5.00,,,39.00,3.00,,,,,3.00,,,,,,,,,,,,,
2022,5,"411",3,1,2571.00,"8/3/2022",20.50,20.50,30,20608,20660,2,10,"W",2,45.70,1,3,38,2,59.30,122,4,57.40,38,3,1.50,122,4,47.10,,,,,,,,,,,,,,,,,,,,2.00,,,,,,,,,1.00,,,,,,,,,,,,,
2022,5,"418",3,1,2658.00,"8/2/2022",21.10,20.70,40,17324,17656,4,28,"W",1,33.00,1,3,38,4,11.90,122,5,31.50,38,4,3.90,122,5,38.10,,,,,,,,,,,59.00,,,,,,1.00,9.00,,4.00,,,15.00,1.00,,,,,6.00,,,,,,,,10.00,,,,,
2022,5,"501",3,1,2869.00,"8/3/2022",20.60,20.30,30,16738,17093,2,39,"SW",2,40.70,1,3,38,4,29.30,122,1,44.20,38,4,26.60,122,1,37.40,,,,,,,,,,,9.00,,,,,,,19.00,,4.00,,,2.00,,,,,,,,,,,,1.00,,15.00,,,,,2.00
2022,5,"504",3,1,2917.00,"8/2/2022",21.00,20.70,27,14448,16712,2,25,"W",2,22.80,1,2,38,3,7.80,121,59,6.80,38,3,3.20,121,58,58.90,,,,,,,,,,,6.00,,,,,,,10.00,,,,,5.00,,,,,,2.00,,,,,,,,1.00,,,,,
2022,5,"508",3,1,2929.00,"8/2/2022",20.70,20.50,50,11700,9916,2,49,"W",2,13.50,1,2,38,2,33.80,121,55,0.80,38,2,32.50,121,54,49.00,,,,,,,,,,,,,,,,,,56.00,,,,,,,,,,,5.00,,,,,,,,29.00,1.00,,,,1.00
2022,5,"513",3,1,2777.00,"8/2/2022",21.50,21.60,32,7828,5354,2,40,"W",2,19.90,1,2,38,3,31.10,121,52,5.70,38,3,32.30,121,52,2.00,,,,,,,,,,,51.00,,,,,,,566.00,,,,,113.00,,,,,,,,,,,,,,,,,,,1.00
2022,5,"519",3,1,2489.00,"8/3/2022",21.30,21.40,37,13151,13934,2,6,"SW",2,36.40,1,3,38,4,23.90,121,57,34.20,38,4,27.70,121,57,18.00,,,,,,,,,,,,,,,,,,142.00,,7.00,,,1.00,,,,,,,1.00,,,,,,,5.00,,,,,
2022,5,"520",3,1,2941.00,"8/2/2022",20.70,20.40,54,8496,8995,1,40,"NA",2,13.30,1,1,38,1,56.10,121,51,45.10,38,2,1.00,121,52,12.90,,,,,,,,,,,,,,,,,,147.00,,1.00,,,,,,,,,,,,,,,,,9.00,,,,,
2022,5,"602",3,1,2239.00,"8/2/2022",22.60,22.00,47,17489,17487,4,3,"W",1,19.40,1,3,38,6,56.50,122,2,39.70,0,0,0.00,0,0,0.00,,,,,,,,,,,53.00,,,,,,,,,58.00,,,,,,,,,4.00,,,,,,,,21.00,,,,,
2022,5,"606",3,1,2411.00,"8/2/2022",21.60,21.60,31,15671,15939,2,23,"W",1,40.10,1,1,38,10,13.00,122,1,16.90,38,10,18.70,122,1,8.70,,,,,,,,,,,213.00,,,,,,,7.00,,24.00,,,598.00,,,,,35.00,431.00,371.00,,,,,,,238.00,5.00,,,,6.00
2022,5,"609",3,1,2690.00,"8/2/2022",20.50,20.50,40,13193,11440,2,31,"W",1,29.20,1,1,38,10,2.90,121,56,24.10,38,10,2.60,121,56,13.80,,,,,,,,,,,5.00,,,,,,,34.00,,3.00,,,24.00,,,,,,14.00,25.00,,,,,,,14.00,,8.00,,,
2022,5,"610",3,1,2593.00,"8/2/2022",20.40,20.40,54,10493,10476,4,18,"NA",1,15.20,1,1,38,7,14.20,121,53,19.50,38,7,27.40,121,53,23.80,,,,,,,,,,,,,,,,,,554.00,,2.00,,,,,,,,,,,,,,,,,7.00,1.00,,,,
2022,5,"704",3,1,2723.00,"8/4/2022",21.50,20.80,54,2521,2101,4,35,"SW",1,21.50,1,2,38,4,3.40,121,47,6.10,38,3,0.00,121,47,0.00,,1.00,,,,,,,,,77.00,,,,,,,163.00,,,,1.00,109.00,,,,,,37.00,61.00,,,,,,,90.00,,,,,
2022,5,"706",3,1,2507.00,"8/3/2022",21.10,20.60,18,2527,1385,4,35,"W",1,31.10,1,2,38,5,14.10,121,44,49.40,38,5,7.00,121,44,58.60,,,1.00,,,,,,,,15.00,,,,,,,273.00,,,,,130.00,,,,,1.00,78.00,138.00,,,1.00,,,,415.00,4.00,,,,
2022,5,"707",3,1,1858.00,"8/3/2022",21.80,21.30,35,1074,1209,4,21,"W",1,19.00,1,2,38,6,58.90,121,42,25.30,0,0,0.00,0,0,0.00,,,,,,,,,,,,,,,,,,116.00,,,,,4.00,,,,,10.00,56.00,2.00,,,2.00,,,,1861.00,47.00,,,,
2022,5,"711",3,1,2853.00,"8/3/2022",22.70,22.30,146,157,172,1,15,"W",4,4.40,1,1,38,10,35.80,121,39,38.60,38,10,26.90,121,39,18.10,,,,,,,,,,,,1.00,,,,,,1.00,,,,,,,,,,,,,,,,,,,4.00,,,,,
2022,5,"713",2,0,1845.00,"8/3/2022",23.20,23.10,121,131,129,2,40,"W",2,3.70,1,1,38,12,23.10,121,39,36.80,38,12,29.50,121,39,38.90,,,,,,,,,,,,,,,,,,,,,,,,,,,,,,,,,,,,,,,,,,
2022,5,"716",2,0,1919.00,"8/3/2022",23.00,23.10,101,132,135,2,40,"W",2,4.20,1,1,38,14,24.10,121,41,9.50,38,14,31.10,121,41,16.50,,,,,,,,,,,,,,,,,,,,,,,,,,,,,,,,,,,,,,,,,,
2022,5,"719",2,0,1828.00,"8/4/2022",22.80,22.30,46,261,164,4,35,"S",1,23.00,1,1,38,20,0.90,121,38,50.60,38,20,24.20,121,38,43.80,,,1.00,,,,,,,,,,,,,,,1.00,1.00,,,,,,,,,2.00,12.00,91.00,,,15.00,,,,22.00,,,1.00,,
2022,5,"722",2,0,1776.00,"8/3/2022",23.00,23.70,110,141,132,2,32,"W",2,4.50,1,1,38,15,23.70,121,41,25.30,38,15,28.30,121,41,33.50,,,,,,,,,,,,,,,,,,,,,,,,,,,,,,,,,,,,,,,,,,
2022,5,"723",2,0,1523.00,"8/3/2022",23.70,24.80,110,137,139,2,36,"W",1,5.10,1,1,38,14,14.90,121,40,22.10,38,14,23.00,121,40,20.80,,,,,,,,,,,,,,,,,,,,,,,,,,,,,,,,,,,,,,,,,,
2022,5,"795",2,0,1924.00,"8/4/2022",24.30,23.90,73,1109,993,4,35,"S",1,12.70,1,2,38,32,22.20,121,35,4.40,38,32,3.40,121,35,4.80,,,,,,,,,,,,,,,,,,,1.00,,,,,,,,,,1.00,123.00,,,2.00,,,,,,,1.00,,
2022,5,"796",2,0,1761.00,"8/4/2022",23.30,23.10,29,821,792,4,33,"S",1,32.50,1,2,38,28,28.90,121,35,2.60,38,28,12.00,121,35,7.80,,1.00,,,,,,,,,,,,,,,,,7.00,,,,,,,,,2.00,1.00,70.00,,,143.00,,,,19.00,,,,3.00,
2022,5,"797",2,0,1743.00,"8/4/2022",22.50,22.30,18,491,340,4,36,"S",1,60.50,1,3,38,24,20.50,121,36,53.50,38,24,7.00,121,36,59.30,,1.00,,,,,,,,,,,,,,,,,1.00,,,,,,,,,11.00,10.00,164.00,,,35.00,,,,9.00,,,1.00,1.00,
2022,5,"801",3,1,2387.00,"8/3/2022",22.20,22.60,65,4076,4027,2,20,"W",2,22.80,1,3,38,2,50.50,121,50,42.40,38,2,44.90,121,50,37.50,,,,,,,,,,,,,,,,,,133.00,,,,,14.00,,,,,1.00,2.00,,,,,,,,7.00,,,,,
2022,5,"804",2,1,1882.00,"8/2/2022",21.30,21.00,64,4137,4056,4,32,"N",3,12.60,1,1,38,5,17.90,121,34,21.40,38,1,1.00,121,47,45.10,,,,,,,,,,,,,,,,,,47.00,,,,,,,,,,,,,,,,,,,,,,,,
2022,5,"809",2,1,1868.00,"8/2/2022",23.60,24.00,50,853,851,2,26,"W",3,8.60,1,1,38,3,13.90,121,41,33.20,38,3,22.00,121,41,24.50,,,,,,,,,,,,,,,,,,3.00,,,,,,,,,,,,,,,,,,,,,,,,
2022,5,"812",2,1,1364.00,"8/2/2022",24.30,25.00,52,495,390,2,24,"W",3,9.40,1,1,38,5,25.80,121,38,28.70,38,5,24.10,121,38,21.20,,,,,,,,,,,,,,,,,,,,,,,1.00,,,,,,,,,,,,,,,,,,,
2022,5,"815",2,1,1836.00,"8/1/2022",23.70,23.70,147,214,323,2,18,"N",2,3.80,3,1,38,5,13.70,121,34,20.00,38,5,2.40,121,34,17.00,,,,,,,,,,,,,,,,,,,,,,,,,,,,,,,,,,,,,,,,,,
2022,5,"902",2,1,1908.00,"8/1/2022",23.70,23.50,106,470,450,2,26,"N",2,7.30,3,1,38,1,5.50,121,34,56.20,38,0,54.10,121,34,54.20,,,,,,,,,,,,,,,,,,,,,,,,,,,,,,,,,,,,,,,,,,
2022,5,"906",2,1,2017.00,"8/1/2022",23.20,22.50,130,350,115,1,39,"NE",2,4.40,3,1,38,2,58.40,121,30,17.90,38,2,41.10,121,30,3.90,,,,,,,,,,,,,,,,,,,,,,,,,,,,,,,,,,,,,,,,,,
2022,5,"910",2,1,5549.00,"8/1/2022",24.00,23.40,100,336,182,2,40,"NE",2,5.00,3,1,38,0,26.40,121,27,14.10,38,0,12.00,121,27,2.90,,,,,,,,,,,,,,,,,,,,,,,,,,,,,,,,,,,,,,,,,,
2022,5,"912",2,1,1916.00,"8/1/2022",25.50,24.90,215,535,512,2,41,"NA",3,3.40,3,1,37,58,5.70,121,22,15.40,37,57,53.50,121,22,1.10,,,,,,,,,,,,,,,,,,,,,,,,,,,,,,,,,,,,,,,,,,
2022,5,"914",2,1,1905.00,"8/1/2022",24.60,24.00,160,395,148,2,32,"N",1,2.40,3,1,37,58,9.50,121,31,41.00,37,58,0.60,121,31,51.00,,,,,,,,,,,,,,,,,,,,,,,,,,,,,,,,,,,,,,,,,,
2022,5,"915",2,1,1885.00,"8/1/2022",24.40,24.00,116,464,467,2,30,"N",1,4.90,3,1,37,56,43.30,121,34,7.80,37,56,36.50,121,33,51.60,,,,,,,,,,,,,,,,,,,,,,,,,,,,,,,,,,,,,,,,,,
2022,5,"918",2,1,1826.00,"8/1/2022",25.30,24.90,97,488,498,2,23,"N",2,5.70,3,1,37,51,47.80,121,34,17.00,37,51,35.20,121,34,4.70,,,,,,,,,,,,,,,,,,,,,,,,,,,,,,,,,,,,,,,,,,
2022,5,"919",2,1,1018.00,"8/1/2022",23.00,22.50,215,141,159,1,24,"E",1,2.90,3,1,38,6,19.20,121,29,41.50,38,6,28.50,121,30,1.20,,,,,,,,,,,,,,,,,,,,,,,,,,,,,,,,,,,,,,,,,,
2022,6,"323",3,1,2371.00,"8/18/2022",21.90,22.20,71,38642,24784,4,10,"W",1,13.30,1,3,38,2,33.00,122,17,27.80,38,2,28.60,122,17,47.60,,,,,,,,,,,,,,,2.00,,,,,,,,,,,,,,,,,,,,,,,,,,,
2022,6,"340",2,0,1510.00,"8/18/2022",22.90,24.60,84,35996,36080,4,14,"W",1,8.90,1,1,38,5,52.30,122,15,42.40,38,5,42.80,122,15,32.80,,,,,,,,,,,,,,,,,,,,,,,,,,,,,,,,,,,,,,,,,,
2022,6,"405",2,1,1355.00,"8/18/2022",23.40,24.40,72,26465,18109,4,13,"W",1,13.00,1,3,38,2,23.40,122,8,53.50,38,2,23.70,122,9,1.00,,,,,,,,,,,,,,,,,,,,,,,,,,,,,,,,,,,,,,,,,,
2022,6,"411",2,1,1371.00,"8/18/2022",23.30,23.00,84,21929,24009,4,15,"W",1,13.70,1,3,38,3,8.90,122,4,28.20,38,3,6.40,122,4,36.20,,,,,,,,,,,,,,,,,,,,,,,,,,,,,,,,,,,,,,,,,,
2022,6,"418",3,1,3037.00,"8/19/2022",21.80,21.70,74,25993,25750,2,36,"NW",1,12.40,1,3,38,3,56.30,122,5,57.60,0,0,0.00,0,0,0.00,,,,,,,,,,,1.00,,,,,,,,,1.00,,,,,,,,,,,,,,,,,1.00,,,,,
2022,6,"501",3,1,3096.00,"8/19/2022",21.70,21.90,48,20774,21556,2,43,"NW",1,23.10,1,3,38,4,25.60,122,1,37.20,38,4,21.60,122,1,27.10,,,,,,,,,,,,,,,,,,,,1.00,,,,,,,,,,,,,,,,,2.00,,,,,
2022,6,"504",3,1,3030.00,"8/19/2022",22.70,22.80,52,16136,16793,2,27,"W",1,15.40,1,3,38,3,5.70,121,59,5.90,38,2,57.30,121,58,50.60,,1.00,,,,,,,,,,,,,,,,37.00,,1.00,,,,,,,,,,,,,,,,,2.00,,,,,
2022,6,"508",3,1,3044.00,"8/19/2022",22.60,22.50,62,12335,13005,4,42,"W",1,15.40,1,3,38,2,53.30,121,55,4.50,0,0,0.00,0,0,0.00,,,,,,,,,,,1.00,,,,,,,15.00,,1.00,,,3.00,,,,,,,,,,,,,,2.00,,,,,
2022,6,"513",3,1,2767.00,"8/16/2022",22.30,22.60,76,8917,10173,2,56,"N",2,14.00,1,2,38,3,32.80,121,52,10.50,38,3,35.90,121,52,12.70,,,,,,,,,,,20.00,,,,,,,392.00,,,,,13.00,,,,,,5.00,2.00,,,,,,,,,,,,
2022,6,"519",2,1,1841.00,"8/19/2022",22.80,22.90,48,15755,16433,4,8,"W",1,23.20,1,3,38,4,23.40,121,57,19.20,38,4,27.60,121,57,41.40,,,,,,,,,,,,,,,,,,15.00,,,,,,,,,,,,,,,,,,,,,,,,
2022,6,"520",2,1,1887.00,"8/16/2022",22.90,22.90,67,6302,4061,2,42,"W",2,15.00,1,1,0,0,0.00,0,0,0.00,0,0,0.00,0,0,0.00,,,,,,,,,,,,,,,,,,95.00,,,,,,,,,,,,,,,,,,,,,,,,
2022,6,"602",3,1,2735.00,"8/19/2022",21.80,21.80,37,20780,20761,2,6,"W",1,39.50,1,3,38,6,47.20,122,2,45.50,38,7,1.20,122,2,27.40,,,,,,,,,,,,,,,1.00,,,,,12.00,,,1.00,,,,,,,,,,,,,,10.00,,,,,
2022,6,"606",3,1,2934.00,"8/19/2022",22.20,21.20,45,17736,17428,4,22,"W",1,43.40,1,1,38,10,12.10,122,1,27.10,38,10,16.80,122,1,50.60,,,,,,,,,,,25.00,,,,2.00,,,,,58.00,,,50.00,1.00,,,,6.00,5.00,33.00,,1.00,,1.00,,,30.00,,,,,
2022,6,"609",3,1,2975.00,"8/19/2022",22.30,21.40,42,16140,12771,4,33,"W",1,30.70,1,1,38,10,2.50,121,56,16.30,38,10,1.20,121,56,31.00,,1.00,,,,,,,,,12.00,,,,,,,10.00,,,,,18.00,,,,,1.00,5.00,3.00,,,,,,,4.00,,,,,1.00
2022,6,"610",3,1,2890.00,"8/19/2022",21.00,20.30,71,13030,12214,4,14,"W",1,11.60,1,1,38,7,15.80,121,53,19.80,38,7,27.90,121,53,24.10,,,,,,,,,,,1.00,,,,,2.00,,,,,,,2.00,,,,,2.00,,,,,,,,,,,,,,
2022,6,"704",3,1,2881.00,"8/17/2022",22.30,21.40,45,4780,3917,4,31,"NW",1,27.00,2,2,38,3,59.10,121,47,16.90,38,3,55.80,121,47,25.00,,,,,,,,,,,18.00,,1.00,,,,,482.00,,,,,55.00,,,,,,7.00,33.00,,,,,,,11.00,,,,,
2022,6,"706",3,1,10717.00,"8/17/2022",22.00,21.40,38,2672,2980,4,33,"NW",1,26.90,2,2,38,5,15.20,121,44,47.70,0,0,0.00,0,0,0.00,,,,,,,,,,,9.00,,,,,,,447.00,2.00,,,,71.00,,,,,,45.00,171.00,,,,,,,77.00,,,,,
2022,6,"707",3,1,2880.00,"8/17/2022",22.90,22.20,66,1308,1460,1,34,"NW",2,14.80,2,1,38,7,2.00,121,42,18.40,38,6,51.40,121,42,30.20,,,,,,,,,,,,,,,,,,17.00,,,,,,,,,,,9.00,,,,,,,,135.00,1.00,,,,
2022,6,"711",2,1,1807.00,"8/17/2022",23.90,23.80,197,174,158,2,13,"N",2,3.30,3,1,38,10,36.40,121,39,43.60,0,0,0.00,0,0,0.00,,,,,,,,,,,,,,,,,,,,,,,,,,,,,,,,,,,,,,,,,,
2022,6,"713",2,0,1878.00,"8/17/2022",23.90,24.00,170,141,124,2,41,"N",2,3.70,3,1,38,12,23.60,121,39,37.40,38,12,28.40,121,39,39.60,,,,,,,,,,,,,,,,,,,,,,,,,,,,,,,,,,,,,,,,,,
2022,6,"716",2,0,1817.00,"8/17/2022",24.00,23.80,175,135,138,2,53,"N",1,3.90,3,1,0,0,0.00,0,0,0.00,0,0,0.00,0,0,0.00,,,,,,,,,,,,,,,,,,,,,,,,,,,1.00,,,,,,,,,,,,,,,
2022,6,"719",2,0,1825.00,"8/18/2022",23.60,23.10,47,240,186,4,37,"N",1,19.90,1,1,38,20,0.20,121,38,51.50,38,19,43.30,121,38,55.60,,,1.00,,,,,,1.00,,,,,,,,,,,,,,,,,,,,4.00,188.00,,,4.00,,,,7.00,,,,2.00,
2022,6,"722",2,0,1645.00,"8/17/2022",24.10,23.70,167,142,139,2,34,"NW",1,3.70,3,1,38,15,23.40,121,41,24.20,38,15,28.70,121,41,33.60,,,,,,,,,,,,,,,,,,,,,,,,,,,,,,,,,,,,,,,,,,
2022,6,"723",2,0,1828.00,"8/17/2022",24.60,24.70,164,143,138,2,37,"NW",1,5.20,3,1,38,14,16.70,121,40,22.30,0,0,0.00,0,0,0.00,,,,,,,,,,,,,,,,,,,,,,,,,,,,,,,,,,,,,,,,,,
2022,6,"795",2,0,1830.00,"8/18/2022",23.90,23.30,54,1134,1123,4,39,"S",1,13.10,1,1,38,32,14.70,121,35,5.00,38,32,0.10,121,35,5.10,,2.00,,,,,,,,,,,,,,,,,,,,,7.00,,,,,4.00,7.00,29.00,,,14.00,,,,16.00,,,,,
2022,6,"796",2,0,1916.00,"8/18/2022",23.10,22.50,42,825,570,4,37,"N",1,37.00,1,1,38,28,24.40,121,35,3.70,0,0,0.00,0,0,0.00,,,2.00,,,,,,,,,,,,,,,,13.00,,,,,,,,,13.00,26.00,1274.00,,,32.00,,,,29.00,6.00,,6.00,1.00,
2022,6,"797",2,0,1788.00,"8/18/2022",23.20,22.80,32,494,490,4,37,"N",1,54.90,1,1,38,24,23.40,121,36,52.90,38,24,10.80,121,36,58.60,,,,,,,,,,,,,,,,,,,3.00,,,,,,,,,15.00,15.00,901.00,,,19.00,,,,4.00,,,1.00,2.00,
2022,6,"801",3,1,2312.00,"8/16/2022",22.50,22.10,62,6813,7111,2,25,"N",2,12.70,1,2,38,2,35.40,121,50,39.80,38,2,27.50,121,50,35.50,,,,,,,,,,,1.00,,,,,,,193.00,,,,,1.00,,,,,,1.00,,,,,,,,,,1.00,,,
2022,6,"804",3,1,2800.00,"8/16/2022",23.90,23.80,62,2577,2645,2,35,"W",2,11.50,1,2,38,0,59.40,121,47,31.70,38,0,59.30,121,47,22.60,,,,,,,,,,,,,,,,,,9.00,,,,,2.00,,,,,,,,,,,,,,4.00,,,,,
2022,6,"809",3,1,2780.00,"8/16/2022",22.80,22.40,96,1562,1601,4,37,"W",2,9.20,1,2,38,2,55.00,121,41,52.10,38,2,43.70,121,42,12.70,,,,,,,,,,,,,,,,,,1.00,,,,,,,,,,,,,,,,,,,5.00,,,,,
2022,6,"812",2,1,978.00,"8/16/2022",22.90,22.20,100,829,789,4,18,"W",2,9.20,1,1,38,5,22.10,121,38,22.50,38,5,20.90,121,38,24.20,,,,,,,,,,,,,,,,,,,,,,,,,,,,,,,,,,,,,,,,,,
2022,6,"815",3,1,2596.00,"8/16/2022",23.20,22.20,122,369,217,4,13,"NA",1,7.50,1,1,38,5,3.70,121,34,16.10,38,5,9.70,121,34,18.10,,,,,,,,,,,,,,,,,,,,,,,,,,,,2.00,,,,,,,,,1.00,,,,,
2022,6,"902",2,1,1897.00,"8/15/2022",23.40,22.70,110,552,296,4,26,"NA",2,7.80,1,1,38,1,12.40,121,34,56.90,38,1,18.70,121,34,57.60,,,,,,,,,,,,,,,,,,,,,,,,,,,,,,,,,,,,,,,,,,
2022,6,"906",2,1,1916.00,"8/15/2022",25.60,25.20,182,330,211,2,42,"W",2,5.10,1,1,38,3,4.80,121,30,25.10,38,2,58.70,121,30,17.90,,,,,,,,,,,,,,,,,,,,,,,,,,,,,,,,,,,,,,,,,,
2022,6,"910",3,1,2908.00,"8/15/2022",26.10,26.40,177,379,316,4,40,"N",2,3.40,1,2,38,0,1.40,121,26,55.60,37,59,52.10,121,26,41.80,,,,,,,,,,,,,,,,,,,,,,,3.00,,,,,,,,,,,,,,1.00,,,,,
2022,6,"912",2,1,1873.00,"8/15/2022",27.30,27.00,193,689,697,2,39,"N",2,2.60,1,1,37,58,6.20,121,22,16.50,37,57,54.60,121,22,2.70,,,,,,,,,,,,,,,,,,,,,,,,,,,,,,,,,,,,,,,,,,
2022,6,"914",2,1,1893.00,"8/15/2022",24.90,24.50,170,364,342,4,29,"NA",2,2.50,1,1,37,58,8.00,121,31,42.90,37,57,57.40,121,31,49.40,,,,,,,,,,,,,,,,,,,,,,,,,,,,,,,,,,,,,,,,,,
2022,6,"915",3,1,2660.00,"8/15/2022",23.50,22.50,137,434,246,4,25,"NW",2,4.80,1,1,37,56,33.00,121,33,46.00,37,56,37.30,121,33,59.80,,,,,,,,,,,,,,,,,,,,,,,,,,,,,,,,,,,,,2.00,,,,,
2022,6,"918",2,1,425.00,"8/15/2022",24.30,23.80,112,429,430,4,25,"NA",2,7.30,1,1,37,51,39.20,121,34,9.50,37,51,46.80,121,34,16.30,,,,,,,,,,,,,,,,,,,,,,,,,,,,,,,,,,,,,,,,,,
2022,6,"919",2,1,1881.00,"8/16/2022",23.80,22.60,262,145,128,4,19,"E",1,2.10,1,1,38,6,33.40,121,30,3.10,38,6,21.90,121,29,51.90,,,,,,,,,,,,,,,,,,,,,,,,,,,,,,,,,,,,,,,,,,
